20170322,3181903
20170323,5396803
20170324,6029306
20170325,8522203
20170326,7023628
20170327,5635575
20170328,6336581
20170329,6454865
20170330,5877075
20170331,6152925
20170401,5587715
20170402,5320434
20170403,5090953
20170404,5043721
20170405,5608743
20170406,6659212
20170407,6659990
20170408,6749240
20170410,7021031.25
20170411,7904437.5
20170412,9230718.75
20170413,11849625.0
20170414,13248093.75
20170415,21558937.5
20170416,26848218.75
20170417,24057468.75
20170418,19757062.5
20170419,24266906.25
20170420,21500718.75
20170421,22400062.5
20170422,19987218.75
20170423,18468187.5
20170424,17636250.0
20170425,17230218.75
20170426,16591875.0
20170427,15888324.920864
20170428,19540308.81474
20170429,18789185.105592
20170430,18253147.58736
20170501,17610935.45592
20170502,20355436.859022
20170503,21763177.17714
20170504,21228613.15536
20170505,23928792.288184
20170506,24003125.30998
20170507,21749929.39552
20170508,22978077.1396
20170509,21369983.64633
20170510,21439521.761178
20170511,21257648.516076
20170512,19620041.799532
20170513,22038961.563036
20170514,21319091.165232
20170515,20008425.476346
20170516,18111369.394712
20170517,19398630.868656
20170518,19088533.61484
20170519,21569471.812504
20170520,19428813.095584
20170521,21661449.014628
20170522,21909953.450016
20170523,23918053.371018
20170524,30479309.61837
20170525,22455378.00969
20170526,25086350.607696
20170527,20320048.450384
20170528,22482397.2495
20170529,22069881.7222
20170530,21331881.24432
20170531,24938825.415596
20170601,28461227.867408
20170602,37210693.701174
20170603,38757204.516442
20170604,49642909.140344
20170605,65051886.954712
20170606,76862308.00192
20170607,94605489.0756
20170608,92649311.55818
20170609,102155896.0
20170610,90785061.34071
20170611,86065717.246292
20170612,70333325.97045
20170613,86242334.823324
20170614,69779313.163008
20170615,64773662.240712
20170616,76003451.801728
20170617,74068583.43885
20170618,69859491.05696
20170619,68539536.471824
20170620,65807064.79567
20170621,62429076.07684
20170622,66373844.927088
20170623,73886476.353296
20170624,67121288.810392
20170625,64887965.186588
20170626,56770231.160608
20170627,59282879.10566
20170628,60489748.58568
20170629,57318260.9539
20170630,51026722.887536
20170701,49837216.34688
20170702,51611630.06997
20170703,49505452.033044
20170704,56198610.289316
20170705,72129687.561152
20170706,67183888.536
20170707,56799353.979226
20170708,59565241.66404
20170709,53606094.85763
20170710,37860200.408958
20170711,35998913.528648
20170712,42245148.130326
20170713,43509737.69453
20170714,40003628.5604
20170715,34173434.357768
20170716,31748611.059984
20170717,40470077.709344
20170718,45162011.13528
20170719,42303182.131952
20170720,53579312.712848
20170721,51641271.537686
20170722,64440654.841548
20170723,59322531.300138
20170724,56589302.640104
20170725,47582416.140338
20170726,45449260.351776
20170727,46091261.62019
20170728,41724768.29074
20170729,46769196.84254
20170730,46325834.614432
20170731,47870577.944878
20170801,58197917.313
20170802,54124846.255326
20170803,61984611.263484
20170804,68381155.189056
20170805,84630064.46862
20170806,94428346.548408
20170807,87609380.66485
20170808,80961461.31904
20170809,80998598.931492
20170810,88782617.971584
20170811,84865669.550112
20170812,88449946.390014
20170813,84771388.185944
20170814,146312428.48
20170815,165727861.38
20170816,157039653.96
20170817,155100892.8
20170818,156139709.46
20170819,150354305.9
20170820,162030687.88
20170821,175653035.56
20170822,168897383.88
20170823,163109607.36
20170824,154405240.26
20170825,154439902.26
20170826,164189063.48
20170827,189491612.7
20170828,251739194.0
20170829,255683823.92
20170830,234347836.06
20170831,230509423.2
20170901,243207355.0
20170902,227692586.16
20170903,252074609.36
20170904,221952737.76
20170905,246344237.92
20170906,261006866.96
20170907,258140713.5
20170908,249428188.16
20170909,270923393.24
20170910,286579575.24
20170911,354890907.28
20170912,364721321.8
20170913,352119797.1
20170914,354148608.0
20170915,387401222.84
20170916,353275834.5044
20170917,318116336.0868
20170918,361690456.53762
20170919,318096529.95414
20170920,299180891.79704
20170921,271343183.02494
20170922,276465773.28602
20170923,308382388.70564
20170924,296539628.86388
20170925,306237419.52822
20170926,286184903.392
20170927,311719202.8104
20170928,292848701.62044
20170929,269838945.58536
20170930,291465899.65326
20171001,285236331.9914
20171002,273130390.26822
20171003,270202772.17348
20171004,244286937.2688
20171005,269149688.0838
20171006,253013150.42184
20171007,251722736.91156
20171008,219440843.27208
20171009,239506430.42244
20171010,253837173.02028
20171011,274219239.71796
20171012,264526931.10468
20171013,259876739.36604
20171014,282092035.88736
20171015,281082828.66216
20171016,269927659.47876
20171017,275399914.19016
20171018,282362464.2312
20171019,279583715.01696
20171020,275055999.88332
20171021,255602795.75796
20171022,256532638.14312
20171023,244648488.20676
20171024,278271745.6242
20171025,252174430.6308
20171026,248684337.29472
20171027,246288694.90092
20171028,240763530.29616
20171029,246367079.92812
20171030,240739034.97516
20171031,239852304.35496
20171101,207907466.33244
20171102,207730120.2084
20171103,246475839.15336
20171104,230266795.34124
20171105,233600118.62292
20171106,251444470.065
20171107,252044115.52308
20171108,287659332.44424
20171109,322058601.63096
20171110,284297594.5902
20171111,284995221.33228
20171112,243515824.56372
20171113,286883320.67496
20171114,315687858.54528
20171115,315838749.72264
20171116,306559922.12784
20171117,302191916.48712
20171118,317344722.05772
20171119,312153673.6314
20171120,308877179.49444
20171121,307423137.23988
20171122,301232679.71676
20171123,296257190.11524
20171124,300559548.29568
20171125,314364131.39844
20171126,344900978.36988
20171127,373730011.5612
20171128,337925690.76192
20171129,287843537.25816
20171130,305595786.29328
20171201,332487729.49992
20171202,353549786.30856
20171203,392075047.36452
20171204,406463598.91992
20171205,449091336.33696
20171206,433620091.59336
20171207,362807058.02088
20171208,389716637.85864
20171209,367796265.00216
20171210,345563331.84972
20171211,372734521.71576
20171212,423791588.99532
20171213,433581878.8926
20171214,446667279.3708
20171215,417550181.20452
20171216,495908753.45784
20171217,583133652.10032
20171218,661213957.50708
20171219,628507804.90788
20171220,729787138.92732
20171221,770032951.33032
20171222,589601396.65716
20171223,667798299.79188
20171224,613362837.84
20171225,701696884.61736
20171226,762910691.79636
20171227,728483008.03728
20171228,670999348.34016
20171229,767812695.43488
20171230,646647080.0148
20171231,688477249.78008
20180101,735810048.4548
20180102,762433522.94328
20180103,738774962.10864
20180104,703128391.1766
20180105,660007807.90104
20180106,774048224.34864
20180107,795920586.37596
20180108,775878514.73376
20180109,916436585.88312
20180110,1001554886.9196
20180111,798664062.32796
20180112,874189015.848
20180113,884443737.03144
20180114,801315435.873
20180115,761797624.41012
20180116,555485293.3812
20180117,601407161.56632
20180118,621850956.47292
20180119,622801374.92772
20180120,697891291.5468
20180121,580050181.09284
20180122,525933158.31396
20180123,598642129.73184
20180124,650319418.53912
20180125,719899847.55888
20180126,656581402.39956
20180127,652229073.76428
20180128,650583968.00592
20180129,655200846.108
20180130,645745652.202
20180131,544557440.77668
20180201,557632063.31364
20180202,466720128.95424
20180203,442226767.57992
20180204,475338562.69488
20180205,415014425.5746
20180206,319820709.1044
20180207,362926595.18736
20180208,358459082.41638
20180209,386114393.76344
20180210,434830852.5265
20180211,412602877.00452
20180212,389127426.3998
20180213,413546114.27528
20180214,414548455.5141
20180215,449908511.2887
20180216,508285777.73112
20180217,491190303.07606
20180218,512671150.1961
20180219,470927320.64994
20180220,470833543.09678
20180221,432199530.25704
20180222,382119363.80736
20180223,382661503.4172
20180224,402408443.50198
20180225,368956337.34432
20180226,378830553.1545
20180227,385290936.1134
20180228,386443023.85524
20180301,369084544.70426
20180302,372918136.03606
20180303,424790361.30608
20180304,444166260.4062
20180305,419722216.86966
20180306,413037728.91648
20180307,376842287.76792
20180308,353891811.1464
20180309,332909808.08988
20180310,326090897.82722
20180311,312682197.86904
20180312,327746228.50344
20180313,329811538.53226
20180314,351082334.49444
20180315,286910488.67028
20180316,285846696.50432
20180317,295199763.65568
20180318,256963664.7333
20180319,244117596.77358
20180320,277712267.63364
20180321,291163545.86154
20180322,280153832.01174
20180323,291433289.0364
20180324,274613191.9302
20180325,289558683.5115
20180326,290884468.13712
20180327,273023231.80464
20180328,254771952.09216
20180329,252760832.50992
20180330,210375120.27852
20180331,200894655.98202
20180401,204146954.96832
20180402,193716767.2322
20180403,210867991.29516
20180404,241577024.0788
20180405,209500093.7235
20180406,216936718.44588
20180407,205286836.71664
20180408,210540067.52688
20180409,217532667.66486
20180410,210891936.31704
20180411,222660790.25398
20180412,239171771.32577097
20180413,258716784.2114971
20180414,256522262.57044384
20180415,266287513.41749167
20180416,284061592.5898188
20180417,272368893.53990775
20180418,262933634.91865173
20180419,295004111.373709
20180420,310940853.24902445
20180421,314779799.4358262
20180422,315237540.42258406
20180423,340239409.72734827
20180424,348764953.5390502
20180425,373211742.51398253
20180426,312410789.35073996
20180427,354906267.79592615
20180428,347240103.111565
20180429,385058615.5480164
20180430,398217684.6022009
20180501,367339825.71500087
20180502,361113984.3636598
20180503,378610848.9403737
20180504,377167625.9666673
20180505,370607666.26884395
20180506,368658818.32055616
20180507,363521962.21987134
20180508,342081224.05555934
20180509,346401323.1467751
20180510,336374466.5064017
20180511,313505346.622458
20180512,329126323.384262
20180513,343341521.3055799
20180514,373351475.94766134
20180515,360993848.3586437
20180516,327509869.7245417
20180517,315244353.883024
20180518,300070162.68497175
20180519,319268622.6025299
20180520,312326882.48080516
20180521,313826690.82174426
20180522,302482287.5514939
20180523,278855294.5630407
20180524,254248087.77440283
20180525,256112524.21687877
20180526,249743925.8751972
20180527,246015528.8133438
20180528,240017817.1757012
20180529,220184904.02514735
20180530,244077651.35598695
20180531,242659285.4121568
20180601,256349011.20355618
20180602,251286741.89876688
20180603,262001598.68349814
20180604,255827954.48399946
20180605,246424957.92094192
20180606,250253415.18008086
20180607,245849260.03437102
20180608,244135669.42174608
20180609,241652905.51879156
20180610,235360867.08555537
20180611,195292930.4748527
20180612,194448403.99121368
20180613,176998738.3160557
20180614,162875375.65614918
20180615,177222244.24112162
20180616,168953026.2058964
20180617,166210452.6640244
20180618,161794960.89572492
20180619,163538607.67821458
20180620,160131190.25412953
20180621,162429061.43631557
20180622,161641381.67612162
20180623,143895430.27271777
20180624,145908904.6116876
20180625,137800584.07266852
20180626,141689756.17676446
20180627,132822202.52539594
20180628,132118775.68406436
20180629,124011619.71246806
20180630,125116839.79612453
20180701,137336963.82519418
20180702,147920301.9442045
20180703,159182557.7569246
20180704,153979056.1883536
20180705,163892062.67801818
20180706,154738407.44087616
20180707,168229534.05612254
20180708,159223974.46065706
20180709,160755410.26053467
20180710,165649806.91544688
20180711,142468490.34039044
20180712,134341321.35809463
20180713,126399667.09427118
20180714,129305789.31941523
20180715,127423747.36222918
20180716,131876061.6907065
20180717,145003113.0207901
20180718,158313040.62636176
20180719,158044699.61225337
20180720,154765164.16605705
20180721,137661683.83448032
20180722,141341383.66230568
20180723,139264049.39460382
20180724,132794086.04060611
20180725,131342321.15179656
20180726,136972551.048655
20180727,126454888.81772973
20180728,129683695.35722564
20180729,132039554.3186468
20180730,130209648.76998684
20180731,122601315.5936538
20180801,105244502.20886901
20180802,103597227.67651697
20180803,97003856.90326743
20180804,97650066.0241351
20180805,91548457.52833194
20180806,93757352.01593354
20180807,89973242.27948017
20180808,87775472.85081784
20180809,81224167.11212477
20180810,88194401.982252
20180811,82643793.96936484
20180812,78953400.68569708
20180813,80648501.28719467
20180814,68237821.3879796
20180815,61727963.42771698
20180816,62263676.29644792
20180817,65174456.157550484
20180818,78082049.8449003
20180819,69417178.43777955
20180820,71447024.61813413
20180821,68904867.57798368
20180822,71116033.75249356
20180823,70168178.43799031
20180824,76890454.78233048
20180825,109676926.55585583
20180826,117263644.2065112
20180827,115110929.67932355
20180828,123708275.20816365
20180829,129030797.05465284
20180830,135173978.2643549
20180831,121825758.11230092
20180901,123797718.44782531
20180902,127210557.84690936
20180903,119482068.31541626
20180904,117723882.09477355
20180905,119828114.40314065
20180906,98221137.01282471
20180907,93762469.84731935
20180908,94434349.3209468
20180909,85757461.82701313
20180910,84201137.00434385
20180911,85091070.85037173
20180912,83587020.50431593
20180913,80325483.2424069
20180914,87889144.73218872
20180915,89094694.31631342
20180916,92150016.22747175
20180917,99078246.35986227
20180918,89732263.47118385
20180919,93194259.86111319
20180920,90667007.87869641
20180921,95498847.49741353
20180922,100664399.32992603
20180923,98121791.78365496
20180924,100427919.2721487
20180925,98036982.17020053
20180926,93813654.41773869
20180927,94687433.80230778
20180928,100955824.15903637
20180929,97962386.42295991
20180930,98488697.45933829
20181001,97490781.40052623
20181002,99046733.56660533
20181003,97899791.7581956
20181004,94874267.34151857
20181005,96006280.2471811
20181006,95884296.46385644
20181007,96047485.14687261
20181008,100777411.38250984
20181009,100222967.24541464
20181010,102863642.89754474
20181011,104572095.3869268
20181012,91836448.74368343
20181013,93381754.270447
20181014,97690312.85833299
20181015,96436925.2134882
20181016,99210040.2577223
20181017,105890983.31625283
20181018,109921622.93642017
20181019,103457231.88123962
20181020,102420898.39536807
20181021,107027755.72603554
20181022,104626287.50682153
20181023,107005363.58595695
20181024,105684182.89594321
20181025,113462634.14798482
20181026,111187357.52438815
20181027,110938293.48933782
20181028,106429294.23000264
20181029,108853758.51525937
20181030,105273209.42258535
20181031,109693610.39460833
20181101,111141691.53600456
20181102,110610186.96812676
20181103,113716418.90457006
20181104,109804638.8822375
20181105,109675408.04637031
20181106,106424480.84423581
20181107,105942469.37244673
20181108,105547591.71925527
20181109,105723964.73974091
20181110,100475731.12408362
20181111,98635468.27414386
20181112,98242330.82440934
20181113,99600092.061614
20181114,93730268.98693411
20181115,79079921.14684613
20181116,72557170.5465337
20181117,70191310.36935464
20181118,69159312.1457024
20181119,69962218.36889502
20181120,54336333.78500099
20181121,53252849.66752836
20181122,58931080.4667829
20181123,66427136.812049225
20181124,62721259.777283065
20181125,52210388.39939644
20181126,56052377.50773197
20181127,51982490.50321905
20181128,55529366.498010755
20181129,59225478.51793254
20181130,57833268.464343295
20181201,54236716.993777305
20181202,58527101.769253075
20181203,57019087.29359596
20181204,55372548.58907717
20181205,57386894.7314677
20181206,51973946.18467473
20181207,46600136.69491264
20181208,44166525.585554495
20181209,44301602.84996961
20181210,45905804.115364775
20181211,40445481.815981604
20181212,41594713.615660496
20181213,42094661.074945286
20181214,42140683.53161347
20181215,41783421.26373504
20181216,42203988.20641392
20181217,42643475.8047224
20181218,47638561.48325363
20181219,48470932.08384702
20181220,51175119.88983071
20181221,55382651.867046684
20181222,52666809.87293516
20181223,55374323.40786083
20181224,55494588.95587709
20181225,58164913.99598908
20181226,51780788.012255765
20181227,52291221.25534709
20181228,49261860.46818559
20181229,53982714.18828956
20181230,55050455.000909515
20181231,56150697.17303195
20190101,52403273.382309385
20190102,53700186.44891479
20190103,56806215.80273394
20190104,56904502.967349164
20190105,63034511.32088559
20190106,60353311.92395827
20190107,64428198.6968734
20190108,61845722.50538595
20190109,61694283.657060735
20190110,64479082.453423195
20190111,56824545.66564668
20190112,54040056.21089144
20190113,53630851.60367519
20190114,50392621.94601247
20190115,54070462.08060083
20190116,51313716.45535029
20190117,53720989.74269263
20190118,55653288.51271361
20190119,56965236.1330704
20190120,59824654.06005932
20190121,55087679.90064322
20190122,55684242.45546653
20190123,55793344.86880902
20190124,54904524.65170088
20190125,56421673.59014571
20190126,55771945.79062352
20190127,55444062.834622614
20190128,59915364.58311346
20190129,54166940.38438328
20190130,54026844.04643044
20190131,55931648.6463654
20190201,52166320.90606703
20190202,54052665.358621754
20190203,54919864.70456424
20190204,55063982.366392
20190205,52942662.103549086
20190206,51037290.78258808
20190207,48066956.00929212
20190208,48607563.98844167
20190209,67017199.740137875
20190210,57908406.670828685
20190211,76154141.51064849
20190212,64903926.19660791
20190213,68135463.48013519
20190214,71303924.11451028
20190215,68792670.88836953
20190216,67342288.08392234
20190217,65294104.761473835
20190218,83100635.87432337
20190219,94577796.65634455
20190220,89139526.93142392
20190221,89496191.10790187
20190222,85912562.84731722
20190223,88730018.07338351
20190224,89179900.89035307
20190225,78368117.9481287
20190226,78015474.26095274
20190227,78605809.32121709
20190228,80406159.03238261
20190301,81106823.11473922
20190302,79925191.75748037
20190303,79554741.61138839
20190304,78108834.53715713
20190305,73530297.65734832
20190306,78651229.67238335
20190307,76967541.61042199
20190308,78492722.74605422
20190309,76071096.64178894
20190310,79463909.68260844
20190311,84533800.51233679
20190312,88194655.66651088
20190313,85240932.99209562
20190314,90268634.0961662
20190315,93186216.90176196
20190316,92853828.21896666
20190317,90346716.1056797
20190318,89061737.31416091
20190319,87901451.09408893
20190320,87249108.1062928
20190321,88692336.37581226
20190322,86287313.64330435
20190323,88206917.77310422
20190324,87829167.77144115
20190325,88443630.91408563
20190326,85069303.10894427
20190327,87465278.68216322
20190328,92472743.47951445
20190329,94631661.74482648
20190330,94840880.1498703
20190331,97609836.33730806
20190401,101285475.05463417
20190402,97270643.5163367
20190403,101258573.13911286
20190404,95414761.71012938
20190405,94960617.80347572
20190406,98826421.30441222
20190407,94835513.26561171
20190408,96929720.26281433
20190409,94226023.67917454
20190410,94276884.77571914
20190411,93860391.60002008
20190412,86775070.4049661
20190413,87071541.96133909
20190414,91251322.03727406
20190415,94272767.12339686
20190416,86647556.57310195
20190417,89945787.03045362
20190418,90521463.31459223
20190419,90418486.22987099
20190420,90852374.86703764
20190421,88948953.01640317
20190422,85188910.02989693
20190423,84316377.46397294
20190424,81421784.40819257
20190425,76482846.51350226
20190426,71643870.95927404
20190427,68675632.15107211
20190428,72258894.81518386
20190429,70571316.83986425
20190430,65650761.23699261
20190501,68098645.55688609
20190502,66016703.45970122
20190503,67778468.18926647
20190504,69081290.8035076
20190505,65580372.56678261
20190506,66540327.689822316
20190507,69349725.07668501
20190508,65668925.29487081
20190509,67180790.56386864
20190510,60591285.365701705
20190511,63718236.935723804
20190512,72066632.69388548
20190513,73818463.7720513
20190514,76761249.92474395
20190515,82167045.0422903
20190516,88594893.01500298
20190517,87098264.48711574
20190518,81672467.57307158
20190519,80481062.70638956
20190520,84873333.25641434
20190521,81740834.49825226
20190522,87762476.46813329
20190523,88897326.5969746
20190524,87076664.97654219
20190525,93316503.94484998
20190526,91184091.86570579
20190527,88961779.36931448
20190528,91594001.23622979
20190529,89427295.8467394
20190530,89524011.72284254
20190531,84220686.05550681
20190601,88047107.01847292
20190602,85071961.88845074
20190603,88174802.74033709
20190604,83461775.68837643
20190605,77445112.1127976
20190606,81394583.8337245
20190607,80279763.52864404
20190608,86639444.88563156
20190609,86886403.57289617
20190610,86257178.51686741
20190611,87090915.33719406
20190612,89895577.46280444
20190613,87254316.27315104
20190614,83164514.97689885
20190615,87566428.13257387
20190616,82274673.01759285
20190617,81852275.67336084
20190618,80880534.01115012
20190619,78832500.29344936
20190620,79984249.8864923
20190621,75262240.44640483
20190622,72496045.84792122
20190623,73966481.20789829
20190624,73103775.36369759
20190625,75057539.2049087
20190626,72604820.48443912
20190627,69007899.5134467
20190628,62930393.099179916
20190629,64398148.57617091
20190630,66280540.12368788
20190701,62960145.15414192
20190702,64962862.85152327
20190703,61925384.647614695
20190704,64154633.86841166
20190705,61173160.16124283
20190706,61349237.82110951
20190707,64263509.34985025
20190708,66252817.82546626
20190709,62528355.27493174
20190710,64860313.051530294
20190711,58351875.3832235
20190712,52485124.3214642
20190713,56856287.89294427
20190714,56394864.89214158
20190715,47464413.78527433
20190716,47143522.19917218
20190717,40381311.18602644
20190718,41690655.270240776
20190719,44928731.36262136
20190720,45153077.115170635
20190721,46723428.72709254
20190722,45795866.81230157
20190723,46500701.467203036
20190724,51854867.300565116
20190725,58337526.45889645
20190726,55377069.50309203
20190727,58912225.869807206
20190728,52881781.26381322
20190729,55570007.76538473
20190730,55390830.80219765
20190731,52120886.221250154
20190801,48500068.57924959
20190802,46109750.81168683
20190803,47466890.38297251
20190804,45311552.751456395
20190805,46076686.283476174
20190806,42726339.95746364
20190807,40156132.87979131
20190808,39935266.648133494
20190809,38391273.3408525
20190810,34413500.82086683
20190811,35947232.850485906
20190812,36964775.78002588
20190813,35804740.399462834
20190814,35090752.64845328
20190815,30168846.591706175
20190816,30278600.80671838
20190817,30345313.09308046
20190818,30696966.986236613
20190819,31009548.184969287
20190820,32190161.112684958
20190821,31402155.63513795
20190822,32137383.7989797
20190823,32439330.768127657
20190824,33583227.41701216
20190825,35389453.25132115
20190826,33173870.865487833
20190827,32899362.398896888
20190828,32777840.704575296
20190829,30455333.9910749
20190830,29170746.833145335
20190831,29170678.14968108
20190901,30092030.898508772
20190902,29386710.687177066
20190903,29854177.056536987
20190904,32698413.735631913
20190905,31176745.582578648
20190906,31279048.290175676
20190907,30495999.3079917
20190908,31917222.548277665
20190909,32206130.32234058
20190910,33259437.606831353
20190911,32795371.72638836
20190912,30603978.215514727
20190913,32194542.76151253
20190914,33510514.20174139
20190915,31963088.72377045
20190916,31462313.742853202
20190917,30844761.885155052
20190918,31115558.009688076
20190919,32653369.08313008
20190920,32123974.328177474
20190921,32338780.998671997
20190922,31942940.921023533
20190923,32142607.354556885
20190924,29944480.070341617
20190925,24576916.304922625
20190926,24005721.44032264
20190927,23546328.404428888
20190928,24081887.484985493
20190929,25351607.251907405
20190930,24344511.52522664
20191001,25305120.7940347
20191002,25293944.75248886
20191003,25293944.75248886
20191004,25908187.576842397
20191005,25710552.4786253
20191006,26123643.256188616
20191007,25433833.97715027
20191008,26395750.017310567
20191009,27207868.614947062
20191010,26640177.193114553
20191011,26336606.191959992
20191012,27052323.665447176
20191013,28731354.11556319
20191014,30045283.299117543
20191015,29952369.01153669
20191016,28488866.68828252
20191017,27823713.362678614
20191018,28541278.21882532
20191019,28244338.902166847
20191020,27758220.075159177
20191021,26845312.294145294
20191022,26951785.009554636
20191023,26292975.77004237
20191024,25628884.897047576
20191025,25501327.7616604
20191026,27948748.812498454
20191027,26958774.977880124
20191028,28009485.413849138
20191029,30020735.75947964
20191030,29107283.866455466
20191031,27822141.34397665
20191101,27961722.18691604
20191102,29068410.49360483
20191103,28774678.9866634
20191104,31065757.4514279
20191105,30037687.97158606
20191106,31075274.07983927
20191107,31588504.033550184
20191108,31080591.612616275
20191109,30250071.73314155
20191110,31503638.27702574
20191111,30865111.075105067
20191112,30288266.370802965
20191113,31163986.60318094
20191114,31469442.473962117
20191115,30420203.912304003
20191116,29187261.164575186
20191117,29635338.338884722
20191118,29780426.862999417
20191119,28223802.52937352
20191120,27207436.73323293
20191121,27540729.29835228
20191122,25215149.507143352
20191123,23200586.367725175
20191124,24260175.692190085
20191125,22075603.54473043
20191126,23079525.84627279
20191127,23689983.9288302
20191128,25851846.17225958
20191129,26452796.626429234
20191130,27387203.743263807
20191201,26886644.928020857
20191202,28075071.31261405
20191203,25844576.102840275
20191204,27137783.429404385
20191205,25733403.480839152
20191206,25208143.177493278
20191207,26612368.58082807
20191208,26815358.124454986
20191209,26769891.666617844
20191210,26188476.439878937
20191211,23938168.112293627
20191212,23889382.991654105
20191213,23675042.693770975
20191214,25135481.199356697
20191215,24229695.03030758
20191216,24329565.44915124
20191217,23011594.361335
20191218,20644325.097799134
20191219,21427924.150623508
20191220,21861215.34132349
20191221,22359700.732660368
20191222,21451386.343698896
20191223,22335269.024922196
20191224,22027334.598952416
20191225,21095736.326219715
20191226,21024204.54601329
20191227,23081773.87254126
20191228,21588801.883922987
20191229,21633682.989358462
20191230,21396357.696526963
20191231,21197176.752910685
20200101,20667360.69967199
20200102,20413894.36488781
20200103,19971992.312428534
20200104,20664346.10849806
20200105,21027358.048735473
20200106,20693463.292550072
20200107,21732090.199095063
20200108,21147383.548661165
20200109,20561470.418845125
20200110,19616749.792539936
20200111,20527612.95801487
20200112,20052852.631332304
20200113,20053934.851915628
20200114,19968135.296849817
20200115,21532400.39321332
20200116,21465929.21306785
20200117,21100101.759088907
20200118,22313897.18697782
20200119,23378272.95678283
20200120,22362765.956352584
20200121,22440209.365784347
20200122,23237089.238947555
20200123,23449025.05861582
20200124,21881054.556977004
20200125,24775411.809876326
20200126,22348788.412627973
20200127,22407255.31200287
20200128,22203717.958354536
20200129,23120244.7469356
20200130,22544544.574987296
20200131,23038849.103377424
20200201,22905849.743054558
20200202,23708435.431735672
20200203,24718901.364915762
20200204,25112020.986460324
20200205,27680664.734379206
20200206,29737296.011875413
20200207,31273326.144516043
20200208,31364525.23160653
20200209,28905083.351946928
20200210,30940360.569227114
20200211,41927044.470652215
20200212,39018318.58841282
20200213,38596948.284556024
20200214,39103031.102719605
20200215,40352329.14994123
20200216,39239818.70423608
20200217,34875002.95163436
20200218,37773648.394882
20200219,35281579.084978
20200220,32603534.842286278
20200221,33036126.941286758
20200222,32268497.905221272
20200223,36514704.90687831
20200224,36069801.925922334
20200225,33341618.203691673
20200226,30421268.971064102
20200227,27496192.113952816
20200228,29017340.488304168
20200229,33606437.0623065
20200301,26743983.89312371
20200302,27381603.260945294
20200303,29653657.36716631
20200304,32399821.596530467
20200305,30758867.81224321
20200306,33150214.49406565
20200307,32938900.07076426
20200308,34220259.12614448
20200309,26759339.819178835
20200310,26667816.504404068
20200311,27033458.022497274
20200312,26299257.36297406
20200313,13132531.332879864
20200314,14903067.929318082
20200315,15090560.848127803
20200316,16471622.125727873
20200317,15315525.176914161
20200318,18041615.7948342
20200319,19523937.409264147
20200320,23723646.664067093
20200321,22661576.937407345
20200322,22956549.08337595
20200323,20863827.670596104
20200324,21709009.072058134
20200325,23996506.61489007
20200326,23448775.782734104
20200327,24113497.61081892
20200328,22626817.19978868
20200329,21482666.239286948
20200330,20343316.0222565
20200331,21871647.533959296
20200401,23303899.323606014
20200402,22985688.609597538
20200403,23073513.263500046
20200404,23758094.741875283
20200405,23790297.65971165
20200406,23734279.988829788
20200407,24859756.39453573
20200408,24266618.180931002
20200409,25038321.657316692
20200410,24686448.596418533
20200411,22900761.746607073
20200412,22769646.529781707
20200413,23196215.97555742
20200414,22792637.350241385
20200415,29521400.177231804
20200416,26999737.705044754
20200417,26564230.821900666
20200418,25751697.306439355
20200419,26609054.608810198
20200420,25589534.947115034
20200421,24938817.119954042
20200422,24009467.598168734
20200423,24437979.524823107
20200424,24598099.582563218
20200425,25702747.197541848
20200426,27684348.358146247
20200427,27444871.473653648
20200428,27417084.570142914
20200429,26932062.684999958
20200430,27737332.235177573
20200501,28149428.212037254
20200502,29017057.455106672
20200503,29390184.71073671
20200504,28931943.16798542
20200505,28499700.394364208
20200506,28553953.101059437
20200507,28539622.884958968
20200508,29453110.76938751
20200509,30647295.064313326
20200510,31209294.66441285
20200511,28564728.533002418
20200512,27559850.090682708
20200513,27979369.16881302
20200514,28332919.163720403
20200515,28508140.979373995
20200516,27301220.81774292
20200517,29201759.904921647
20200518,30730342.18636007
20200519,30642553.87507712
20200520,30966089.095630933
20200521,31781661.441074766
20200522,30638051.091754597
20200523,31398220.306368176
20200524,31548201.305815738
20200525,31949716.29612618
20200526,33774481.53421242
20200527,33019927.12367857
20200528,31869199.604408976
20200529,32109085.15525822
20200530,32213662.0029971
20200531,33051340.807522543
20200601,32817989.649504866
20200602,35622966.940171085
20200603,34912379.05984379
20200604,34902766.229210734
20200605,35058338.75220706
20200606,34708443.26109223
20200607,35709872.96860702
20200608,35015061.68578082
20200609,35926249.08880512
20200610,35316957.96387482
20200611,35907581.804882385
20200612,35232289.97789394
20200613,37410791.00400105
20200614,37358937.32625445
20200615,36538561.820794754
20200616,36298442.823385715
20200617,41352232.61973185
20200618,42350789.117342226
20200619,45208349.66774111
20200620,42334544.32946693
20200621,41866220.66305345
20200622,42865221.80725639
20200623,45736100.89867355
20200624,44967785.541411564
20200625,49137551.7523529
20200626,44901793.04416149
20200627,44510849.52842978
20200628,41323521.1581243
20200629,41956225.19217872
20200630,42133918.07760579
20200701,44341528.350707814
20200702,39113102.06556622
20200703,38995888.93360504
20200704,38697026.87646336
20200705,39100335.36421476
20200706,37906388.61286983
20200707,39227754.899165146
20200708,40846764.10620645
20200709,43588366.386916414
20200710,43741222.2506306
20200711,44911989.52542392
20200712,46171850.912462
20200713,44810779.47194131
20200714,47168385.95684929
20200715,45234157.7885734
20200716,45366788.05105502
20200717,53068358.26393518
20200718,50218757.044617556
20200719,60019204.679172836
20200720,60980741.96870951
20200721,68645332.13402405
20200722,64965682.59197679
20200723,69279221.81297605
20200724,66360864.892550565
20200725,63967927.82907086
20200726,64293407.78411254
20200727,63443543.25135937
20200728,56592342.931318454
20200729,60267264.031508535
20200730,62756109.652867295
20200731,68306669.3077172
20200801,64811527.59050398
20200802,64284719.54732768
20200803,75173896.40223959
20200804,89751330.1092762
20200805,82810345.96064204
20200806,78871553.28585957
20200807,77580621.67279111
20200808,76697900.92456643
20200809,78896200.16886662
20200810,77291941.61139053
20200811,75460515.72354504
20200812,72841783.4655325
20200813,73708697.89558168
20200814,73452088.12766935
20200815,77972547.95229837
20200816,75745781.9270383
20200817,79902045.5151261
20200818,82564947.26115501
20200819,78647725.67575005
20200820,72566359.90201996
20200821,76705797.11310692
20200822,72246320.74530622
20200823,76383705.83208282
20200824,75708200.4609703
20200825,80854105.97754294
20200826,72812551.95958163
20200827,73911393.27804695
20200828,67698104.07567519
20200829,69066177.55752848
20200830,70916678.56661178
20200831,71154167.15240546
20200901,68745192.16493054
20200902,67290576.86222446
20200903,61907689.9827929
20200904,49341880.601519085
20200905,51769356.22395785
20200906,48113464.93383315
20200907,48665384.95891507
20200908,47889903.20704274
20200909,47169769.2083408
20200910,51629091.59932224
20200911,53752107.65207124
20200912,53539781.8861584
20200913,60301923.96643949
20200914,62285566.02881654
20200915,59754147.11249485
20200916,53706645.12584297
20200917,51906684.11478446
20200918,54108169.27553075
20200919,52774488.199767195
20200920,54867644.73927837
20200921,52429557.18687536
20200922,47099262.4469464
20200923,45840492.72500156
20200924,42325081.3460947
20200925,45293209.87581977
20200926,45859091.61173645
20200927,45655355.00517377
20200928,46148367.18400361
20200929,44640989.822024934
20200930,45786410.23449675
20201001,46663642.24901524
20201002,43711706.85936678
20201003,41333631.44873905
20201004,42065863.31471503
20201005,41902684.627843246
20201006,42898183.72600602
20201007,41186216.771735996
20201008,40822016.78328543
20201009,41928418.63324707
20201010,49492164.14579201
20201011,45656362.88373048
20201012,49596365.479416996
20201013,48267439.59094303
20201014,47548852.26410604
20201015,46113896.47741891
20201016,44686369.436014004
20201017,43837342.88384955
20201018,45590280.139147975
20201019,45143485.099254295
20201020,44984893.70454543
20201021,41281987.025741145
20201022,44881161.72729059
20201023,45950017.12376903
20201024,50827031.44662613
20201025,48690975.746070355
20201026,47392537.22914084
20201027,45458265.88579065
20201028,44665229.71860532
20201029,44715580.15801362
20201030,45423783.35104732
20201031,43567665.419640094
20201101,43286261.039009124
20201102,43732140.393349685
20201103,44259945.41815916
20201104,41875781.01964581
20201105,44734999.36037328
20201106,46095452.7096658
20201107,49203290.432984136
20201108,46125796.71544691
20201109,50991108.37163942
20201110,55428794.51369339
20201111,55597762.6007913
20201112,53598855.509832814
20201113,51739947.43830939
20201114,51919188.84614264
20201115,56535676.115042605
20201116,54066407.15907948
20201117,54319742.268025205
20201118,52932006.89834071
20201119,53478891.19613859
20201120,57002742.634037286
20201121,59104553.9811448
20201122,60873336.02525685
20201123,59214703.515652835
20201124,59710134.730905585
20201125,63352182.92757534
20201126,64750108.19321487
20201127,56515645.00446412
20201128,59047388.13769393
20201129,62506442.13470194
20201130,61011374.57491108
20201201,62536102.05767238
20201202,64515271.11464911
20201203,68297303.76459228
20201204,67102401.633633696
20201205,61239210.64402517
20201206,64798599.01602233
20201207,63490731.79579391
20201208,63903147.66553938
20201209,60029456.76902604
20201210,59283203.81675171
20201211,57514891.71655862
20201212,55956947.21055447
20201213,58549422.02693338
20201214,58084020.36656505
20201215,58101875.07113187
20201216,57929785.75105492
20201217,60299671.116279446
20201218,59353785.22477766
20201219,62464868.77483752
20201220,67990125.98613586
20201221,63355590.18467743
20201222,61617270.764475696
20201223,60220722.268322945
20201224,52438658.494880356
20201225,56171262.34754788
20201226,56965691.41712602
20201227,57473054.98943687
20201228,60286674.17767804
20201229,60064790.01788762
20201230,57813657.6036913
20201231,58395341.56987333
20210101,57311895.57388491
20210102,59869858.06472212
20210103,58075942.14582643
20210104,60194028.5336345
20210105,55139911.54151751
20210106,57635958.394485176
20210107,62036226.469675966
20210108,64583003.58023398
20210109,61447511.56560539
20210110,67164983.37922385
20210111,64521630.56032095
20210112,57776264.29834353
20210113,55928651.48211477
20210114,59548196.23753459
20210115,61748124.84910507
20210116,60982900.745440245
20210117,65343430.400728635
20210118,64548419.19158566
20210119,66098937.827772744
20210120,67844865.80193558
20210121,70469362.85200031
20210122,58925459.13335779
20210123,62850213.78298858
20210124,64288009.38883835
20210125,66723943.6952182
20210126,66159230.63774552
20210127,64597498.63562819
20210128,59635707.3195927
20210129,63757016.51157584
20210130,63313086.379916616
20210131,64189610.754855245
20210201,64553482.26398334
20210202,66217977.88496011
20210203,71427857.77570465
20210204,75163974.07656983
20210205,84297015.44490705
20210206,100192555.60605252
20210207,90216615.66678107
20210208,87509013.68186678
20210209,90558986.94379967
20210210,93579951.42311333
20210211,97668419.7018758
20210212,109674114.32926245
20210213,118377121.95810632
20210214,124153610.87112588
20210215,128905545.87287426
20210216,120933516.02480069
20210217,120673999.62877734
20210218,127613577.13399307
20210219,178928287.7234652
20210220,171398586.8197249
20210221,165256551.3991732
20210222,221626364.3360915
20210223,226239545.34511843
20210224,164708332.3352375
20210225,173774720.72781816
20210226,176871350.57393464
20210227,180986381.5101322
20210228,212666883.92345816
20210301,199834246.96458086
20210302,211513255.78314224
20210303,204792937.41866654
20210304,216841527.8026918
20210305,205121764.4864272
20210306,202652666.17936882
20210307,227996518.1187878
20210308,221544964.00508705
20210309,216015638.42890674
20210310,220968797.22600383
20210311,214754134.98423058
20210312,219304473.19582686
20210313,247917557.64959165
20210314,244309487.97447774
20210315,232144732.3765318
20210316,216963108.00472862
20210317,210823739.41712868
20210318,210005865.3243512
20210319,216529621.19669968
20210320,227289968.82564014
20210321,234026409.6158164
20210322,268067459.1033278
20210323,250560222.71528777
20210324,280428034.3498004
20210325,250775975.3783007
20210326,235933599.93149233
20210327,273001368.8803155
20210328,278528462.77608794
20210329,293307311.82944924
20210330,385564921.36029977
20210331,468994385.26495
20210401,460312114.07036
20210402,425952316.1991508
20210403,432321385.2541622
20210404,377414249.8872116
20210405,413304919.82232153
20210406,388765181.1334013
20210407,358359605.7903548
20210408,370078806.90211767
20210409,421946293.1080491
20210410,473146497.7027407
20210411,454181764.47193784
20210412,426145250.82231796
20210413,409465107.9511481
20210414,430019237.36968195
20210415,392420981.4887008
20210416,406137189.33348644
20210417,387521991.34093636
20210418,373973332.8264012
20210419,328677573.6563153
20210420,308816889.7522948
20210421,318945461.80853736
20210422,302058429.0173413
20210423,259720708.05581626
20210424,238139017.94976184
20210425,249882574.37508515
20210426,241489749.64690167
20210427,281344709.174393
20210428,334812826.87513345
20210429,314597950.7975829
20210430,314359359.2255455
20210501,327070177.8694318
20210502,326322793.7428475
20210503,316946562.2797496
20210504,332669337.70465946
20210505,294182507.8225955
20210506,314829975.9476016
20210507,334611086.78029156
20210508,369995624.4569105
20210509,387740060.43050694
20210510,359655577.4130746
20210511,318478419.6105175
20210512,332364481.54393333
20210513,299973447.14775187
20210514,268414692.81917158
20210515,284246707.7023139
20210516,260869524.59520411
20210517,247779069.5288763
20210518,222991517.34480578
20210519,327763817.78797716
20210520,211363967.46295536
20210521,235291526.20440716
20210522,203038691.02543825
20210523,192649186.8029479
20210524,157854157.31254596
20210525,179458415.14824772
20210526,186914260.56040367
20210527,203586085.43140522
20210528,192755389.8536638
20210529,168785085.44256753
20210530,177930142.29456782
20210531,172314341.3703093
20210601,186999039.4389286
20210602,188851885.3282566
20210603,196486287.84250215
20210604,206046075.90199214
20210605,186520273.68536016
20210606,179306136.19838145
20210607,193426763.68727157
20210608,187901575.50567245
20210609,181002345.62480134
20210610,196801576.84999692
20210611,189084369.94106427
20210612,173335819.86057383
20210613,168457907.64655057
20210614,175374664.27973863
20210615,176226960.42696992
20210616,177449473.11755535
20210617,171713206.376281
20210618,172414905.63137767
20210619,163151702.29607707
20210620,160456752.6880389
20210621,153603777.7729238
20210622,116312690.2320252
20210623,107987712.66684507
20210624,118398997.91249797
20210625,126748703.6325711
20210626,111277580.56680177
20210627,111037678.277871
20210628,117812219.81232361
20210629,124144844.33162537
20210630,136928306.1869003
20210701,147160629.36977652
20210702,143216031.65339825
20210703,149183363.00793535
20210704,151007105.260321
20210705,160235990.71942756
20210706,164998347.53162956
20210707,171160564.06308502
20210708,165100133.65394244
20210709,146709536.9346747
20210710,150962680.82234287
20210711,149121002.0663085
20210712,152018810.9166473
20210713,161173237.8344255
20210714,158513887.7370016
20210715,153811815.8634053
20210716,145641191.39411968
20210717,137058493.8765376
20210718,140126437.82225898
20210719,142432456.6071193
20210720,138293108.84382698
20210721,127527475.14491059
20210722,136925045.82096028
20210723,140935184.81078053
20210724,144292583.32547188
20210725,149061981.43383282
20210726,146625786.74734727
20210727,151060471.8598117
20210728,155853314.083375
20210729,159424578.73772612
20210730,171268833.38554722
20210731,178656802.79527214
20210801,193286138.77841386
20210802,183805022.39771292
20210803,185024368.3176723
20210804,180388171.3526291
20210805,183523600.7184202
20210806,187268368.18140566
20210807,193301615.7942911
20210808,204271350.1925899
20210809,196485870.56593722
20210810,196998620.48896897
20210811,199457093.69347495
20210812,206198137.68438873
20210813,198170070.58837217
20210814,206563991.51857534
20210815,213098890.9176897
20210816,214246627.19013432
20210817,210182891.34237543
20210818,199625317.85703984
20210819,195056115.90511313
20210820,195860181.04791695
20210821,204562583.148294
20210822,205840328.3756059
20210823,208402192.05273712
20210824,221003525.93456057
20210825,235332825.03915587
20210826,232479334.58933762
20210827,218260076.98701268
20210828,225121480.9753538
20210829,220537973.79555115
20210830,219057054.16940227
20210831,212532634.44223812
20210901,218473663.37234947
20210902,225770204.01905313
20210903,230498967.32170278
20210904,245952469.76414698
20210905,295167764.77417666
20210906,281534276.5187637
20210907,308112628.4998518
20210908,251209626.3029978
20210909,263250185.87937912
20210910,280505156.7961471
20210911,252602292.3394811
20210912,268936277.2580896
20210913,270215168.47073275
20210914,251246764.0103765
20210915,275005664.0968213
20210916,322435124.25152624
20210917,309653753.40776324
20210918,287525963.09349114
20210919,299278042.78146267
20210920,300847885.10469514
20210921,244372069.28198984
20210922,244808198.29595968
20210923,266216646.99272466
20210924,271278946.9380015
20210925,252931324.28942683
20210926,245548398.16602927
20210927,239256581.34290576
20210928,225498348.73236373
20210929,226970810.14037526
20210930,214054781.99004537
20211001,226031872.90116718
20211002,251142876.47169805
20211003,259942150.32612357
20211004,249004762.9067054
20211005,241732480.69510892
20211006,242339125.3465679
20211007,241770809.24916315
20211008,240488112.3499305
20211009,249049054.71804312
20211010,254854493.2359923
20211011,289772207.2359676
20211012,271171345.66462725
20211013,268088594.35556582
20211014,266616820.6876277
20211015,271828278.073111
20211016,269944386.2522498
20211017,272998822.2028986
20211018,265269260.88531405
20211019,265206716.23015705
20211020,271648368.3013684
20211021,277069946.5821113
20211022,269571806.35535324
20211023,267268789.01959634
20211024,269743493.2297071
20211025,261265878.8633369
20211026,267553043.79976776
20211027,258933628.45818996
20211028,230363544.50960135
20211029,234875620.96892264
20211030,243913032.428919
20211031,252796817.5954473
20211101,313985664.76266843
20211102,309248172.79484737
20211103,323152372.1743282
20211104,322838801.2686161
20211105,325485952.34449005
20211106,319331646.32101744
20211107,319632600.45693827
20211108,320062753.915325
20211109,319856407.8225204
20211110,312997541.7452977
20211111,297336373.34731597
20211112,299095906.1179203
20211113,291322020.31377864
20211114,303068467.34238267
20211115,298152589.1787574
20211116,311500819.7894235
20211117,290039723.1952439
20211118,308071270.6175118
20211119,305574466.6256666
20211120,302347244.372545
20211121,323486891.74279416
20211122,312540777.43898743
20211123,290265503.45620227
20211124,300387478.120843
20211125,290394282.2026946
20211126,299979085.00087243
20211127,318337326.5068434
20211128,322919275.26023656
20211129,308535261.68513274
20211130,325348046.93301404
20211201,310113923.7915774
20211202,306079553.010805
20211203,308690713.49223363
20211204,286638130.12608445
20211205,246647003.02323687
20211206,214815879.9234909
20211207,221758734.9492327
20211208,222097066.80326748
20211209,242272784.4584571
20211210,210226187.6643333
20211211,196021913.55401766
20211212,201413521.62717575
20211213,203071222.47388718
20211214,179139656.23522243
20211215,184663282.17300305
20211216,196584127.8878621
20211217,196742772.29019064
20211218,211019127.82895738
20211219,206987762.56105354
20211220,199927996.943786
20211221,190408773.59793466
20211222,201231386.4069061
20211223,203379660.9684866
20211224,210718733.90746656
20211225,215266090.73452178
20211226,214967117.8494952
20211227,213698068.15878525
20211228,221530103.7335731
20211229,201519718.7422389
20211230,191035130.66947845
20211231,195823605.12742013
20220101,191635356.76964414
20220102,195565324.6745684
20220103,211273234.7784719
20220104,216722961.50502238
20220105,225392955.4618466
20220106,207664327.1998416
20220107,198425186.9224253
20220108,184557491.10727283
20220109,184963925.68680623
20220110,186885971.7680818
20220111,179926286.33848822
20220112,187108334.55350012
20220113,193204739.8166762
20220114,188597763.9598679
20220115,188292082.70476937
20220116,190536907.75118104
20220117,189652081.05716506
20220118,182024845.59294093
20220119,176279767.4591867
20220120,169478306.98794165
20220121,164687671.6589961
20220122,145143570.1569851
20220123,133019763.36673607
20220124,136939289.1636539
20220125,130630303.77352715
20220126,130178107.83340995
20220127,134457323.80438632
20220128,137896332.7721626
20220129,140571322.4307472
20220130,143573573.98396608
20220131,144259984.77827412
20220201,146135928.84205317
20220202,146922085.83616644
20220203,149775035.33403504
20220204,160452818.49322134
20220205,169763557.4599426
20220206,177250845.55593476
20220207,173031010.91603905
20220208,177271931.06278145
20220209,171109098.7556134
20220210,172133364.96351427
20220211,163663668.864346
20220212,159728137.84330815
20220213,153458741.77547184
20220214,157765523.22815514
20220215,163152956.04643154
20220216,170808988.16956946
20220217,168943521.1076695
20220218,153654461.6202987
20220219,149992044.20713446
20220220,146397638.15610385
20220221,141135534.61321583
20220222,130646102.84451805
20220223,133195750.99410194
20220224,132272377.07562207
20220225,127949864.2315873
20220226,138932769.7924446
20220227,159521427.48372623
20220228,143565081.6355297
20220301,152439389.46837577
20220302,152688728.14519593
20220303,151735314.74456814
20220304,148710753.65938765
20220305,144114895.38567325
20220306,144992622.79570946
20220307,141054798.71813807
20220308,136393209.35524416
20220309,139736619.11316788
20220310,147838614.8924098
20220311,143019010.1180823
20220312,139520839.59527817
20220313,139757667.36874202
20220314,134805579.26734933
20220315,136960223.75203988
20220316,133558415.59537789
20220317,137522294.30692267
20220318,140953330.92137572
20220319,142015395.9443757
20220320,145932181.83148113
20220321,143104427.7126041
20220322,144426294.74490666
20220323,151750179.9499127
20220324,152819365.74291843
20220325,152946493.20431024
20220326,155839227.030582
20220327,163735524.78889695
20220328,176891978.49437556
20220329,197229945.7171347
20220330,194785912.85560077
20220331,198401915.86042583
20220401,198095428.6798216
20220402,209874167.20760202
20220403,209040298.98843214
20220404,205967657.7303145
20220405,194030648.27806675
20220406,193087063.41299063
20220407,166691067.0001503
20220408,174042916.21487704
20220409,168093674.348519
20220410,170705106.4111658
20220411,168153002.10736713
20220412,159890840.96400553
20220413,173545116.91246343
20220414,182315927.7568018
20220415,175849074.4736286
20220416,174762704.94500855
20220417,173068109.06684688
20220418,172925279.74756846
20220419,172865943.20533043
20220420,176376378.25645718
20220421,177235688.0316918
20220422,177944622.55182672
20220423,177702375.51947215
20220424,183146339.44793254
20220425,172295400.4113776
20220426,166031335.97054875
20220427,152410204.89287105
20220428,155426689.23315096
20220429,155685154.61102435
20220430,149474260.69146755
20220501,134881159.23794496
20220502,134431582.6090829
20220503,132709965.15587565
20220504,131256835.79174602
20220505,146482793.14274085
20220506,135669616.6345129
20220506,128010239.26664183