20130428,1500517590
20130429,1575032004.0
20130430,1501657493.0
20130501,1298951550.0
20130502,1148667722.0
20130503,1011066494.0
20130504,1236351844.0
20130505,1298377788.0
20130506,1315992304.0
20130507,1183766500.0
20130508,1253655040.0
20130509,1258130700.0
20130510,1322989457.0
20130511,1259239352.0
20130512,1278708679.0
20130513,1306721052.0
20130514,1277278988.0
20130515,1273849681.0
20130516,1289277412.0
20130517,1374605382.0
20130518,1383755085.0
20130519,1346499262.0
20130520,1370131821.0
20130521,1374154118.0
20130522,1375791900.0
20130523,1407041528.0
20130524,1474180657.0
20130525,1464316690.0
20130526,1507769010.0
20130527,1445444606.0
20130528,1448115967.0
20130529,1481781795.0
20130530,1429308634.0
20130531,1436386730.0
20130601,1449499974.0
20130602,1362684200.0
20130603,1361765704.0
20130605,1364113640.0
20130606,1369233814.0
20130607,1339234925.0
20130608,1239395972.0
20130609,1220874393.0
20130610,1123844958.0
20130611,1194605341.0
20130612,1227904672.0
20130613,1222819750.0
20130614,1159766150.0
20130615,1110902570.0
20130616,1129287060.0
20130617,1134610433.0
20130618,1152834600.0
20130619,1204638318.0
20130620,1220273470.0
20130621,1254733148.0
20130622,1233750009.0
20130623,1214260369.0
20130624,1223181000.0
20130625,1160635652.0
20130626,1175194910.0
20130627,1172207388.0
20130628,1130338737.0
20130629,1058953327.0
20130630,1082693996.0
20130701,1107084792.0
20130702,1016445146.0
20130703,1031653673.0
20130704,895707780.0
20130705,892405890.0
20130706,771368060.0
20130707,774804401.0
20130708,882356395.0
20130709,870081997.0
20130710,877378425.0
20130711,977479256.0
20130712,1069724400.0
20130713,1004551934.0
20130714,1090715949.0
20130715,1073073450.0
20130716,1111179853.0
20130717,1130735527.0
20130718,1117707300.0
20130719,1015062893.0
20130720,1047311253.0
20130721,1021492656.0
20130722,1034399451.0
20130723,1050054379.0
20130724,1083333286.0
20130725,1083076902.0
20130726,1111232483.0
20130727,1079278107.0
20130728,1078286703.0
20130729,1131111629.0
20130730,1165105812.0
20130731,1267183179.0
20130801,1220481782.0
20130802,1167849454.0
20130803,1192378895.0
20130804,1206152150.0
20130805,1226188584.0
20130806,1218425716.0
20130807,1229098150
20130808,1171586790.0
20130809,1192028805.0
20130810,1184605785.0
20130811,1197378682.0
20130812,1214268916.0
20130813,1225008501.0
20130814,1289602061.0
20130815,1292943118.0
20130816,1270257534.0
20130817,1304015666.0
20130818,1323762440.0
20130819,1375023402.0
20130820,1395441212.0
20130821,1407757143.0
20130822,1419858347.0
20130823,1391517000.0
20130824,1397179275.0
20130825,1415749000.0
20130826,1416676932.0
20130827,1459371151.0
20130828,1429111038.0
20130829,1434594992.0
20130830,1502172870.0
20130831,1602407100.0
20130901,1607960283.0
20130902,1597132036.0
20130903,1601702729.0
20130904,1575534525.0
20130905,1514888487.0
20130906,1470861842.0
20130907,1443353756.0
20130908,1420952396.0
20130909,1475596760.0
20130910,1492304286.0
20130911,1538132775.0
20130912,1568874092.0
20130913,1579271324.0
20130914,1537187451.0
20130915,1520967287.0
20130916,1539430293.0
20130917,1538014334.0
20130918,1547280990.0
20130919,1526484433.0
20130920,1507618248.0
20130921,1487211807.0
20130922,1506534274.0
20130923,1487984454.0
20130924,1481135098.0
20130925,1504122481.0
20130926,1505025524.0
20130927,1550524096.0
20130928,1575663012.0
20130929,1650965841.0
20130930,1549941780.0
20131001,1561200410.0
20131002,1555751397.0
20131003,1450746083.0
20131004,1512486811.0
20131005,1528611793.0
20131006,1505549223.0
20131007,1515724889.0
20131008,1484816060.0
20131009,1546580228.0
20131010,1532820842.0
20131011,1540367845.0
20131012,1601082220.0
20131013,1603402413.0
20131014,1663458800.0
20131015,1704751164.0
20131016,1702245233.0
20131017,1732995548.0
20131018,1795176162.0
20131019,2023531688.0
20131020,2042261829.0
20131021,2154778910.0
20131022,2298993654.0
20131023,2458505640.0
20131024,2364666360.0
20131025,2052637048.0
20131026,2130644072.0
20131027,2260913266.0
20131028,2365643830.0
20131029,2436022215.0
20131030,2434768490.0
20131031,2432069229.0
20131101,2449516394.0
20131102,2470106260.0
20131103,2537555912.0
20131104,2703825377.0
20131105,2756789579.0
20131106,3119094311.0
20131107,3536067384.0
20131108,3972444990.0
20131109,4284552950.0
20131110,3747322075.0
20131111,4078792891.0
20131112,4259334699.0
20131113,4844512975.0
20131114,4902328893.0
20131115,5087746180.0
20131116,5248843453.0
20131117,5862542038.0
20131118,6975450004.0
20131119,7380464640.0
20131120,6793450510.0
20131121,8114440594.0
20131122,8790506777
20131123,9853534129.0
20131124,9196532447.0
20131125,9544775891.0
20131126,10028164851.0
20131127,11009416068.0
20131128,11795833455.0
20131129,13280659993.0
20131130,13593664650.0
20131201,12464724345.0
20131202,11753157346.0
20131203,13020236474.0
20131204,13542487814.0
20131205,11947405392.0
20131206,12322234219.0
20131207,9816777302.0
20131208,8987358118.0
20131209,10863885372.0
20131210,11230173843.0
20131211,10741252534.0
20131212,10636987805.0
20131213,10872198158.0
20131214,10509219285.0
20131215,10363485334.0
20131216,9573257565.0
20131217,8393847109.0
20131218,6791343584.0
20131219,8233502182.0
20131220,8436421862.0
20131221,7246404914.0
20131222,7907201916.0
20131223,7854951431.0
20131224,8030446893.0
20131225,8140337961.0
20131226,8944973877.0
20131227,8944473292.0
20131228,9002769255.0
20131229,8855251580.0
20131230,9270681761.0
20131231,9205343763.0
20140101,9358693020.0
20140102,9417082760.0
20140103,10062417390.0
20140104,10350952914.0
20140105,11207538944.0
20140106,11414401972.0
20140107,10107681750.0
20140108,10256342208.0
20140109,10443906952.0
20140110,10570439442.0
20140111,11094594497.0
20140112,10630187711.0
20140113,10309307616.0
20140114,10276902394.0
20140115,10555404678.0
20140116,10283900055.0
20140117,9979241690.0
20140118,10315662000.0
20140119,10293335273.0
20140120,10677333920.0
20140121,10686776168.0
20140122,10635024832.0
20140123,10417265166.0
20140124,9945387408.0
20140125,9900713656.0
20140126,10508799200.0
20140127,10984370725.0
20140128,9573533550.0
20140129,10067676250.0
20140130,10074827642.0
20140131,10087796517.0
20140201,10271715012.0
20140202,10323662258.0
20140203,10043290888.0
20140204,10281144248.0
20140205,10267242207.0
20140206,9951171213.0
20140207,8918941470.0
20140208,8678266711.0
20140209,8315656524.0
20140210,8535556672.0
20140211,8638931672.0
20140212,8115968452.0
20140213,8077474557.0
20140214,7729134561.0
20140215,7986582360.0
20140216,7614456286.0
20140217,8005429360.0
20140218,7758139753.0
20140219,7711283048.0
20140220,7377405511.0
20140221,7241455462.0
20140222,7098404288.0
20140223,7746491782.0
20140224,7120130927.0
20140225,6088839080.0
20140226,7061198906.0
20140227,7300959497.0
20140228,7065922360.0
20140301,6979712746.0
20140302,6997269851.0
20140303,7304054418.0
20140304,8418886875.0
20140305,8212712376.0
20140306,8169324004.0
20140307,7711032022.0
20140308,7623170337.0
20140309,7947989895.0
20140310,7763134192.0
20140311,7803983008.0
20140312,7979719372.0
20140313,7994472985.0
20140314,7879611671.0
20140315,7987471922.0
20140316,7883319532.0
20140317,7812934238.0
20140318,7676276184.0
20140319,7653772688.0
20140320,7423640092.0
20140321,7303695511.0
20140322,7041711523.0
20140323,7127031703.0
20140324,7175538679.0
20140325,7317439677.0
20140326,7343002343
20140327,7133333206.0
20140328,6331497248.0
20140329,6317113200.0
20140330,5912148997.0
20140331,5756309240.0
20140401,6023351178.0
20140402,5506313797.0
20140403,5604036051.0
20140404,5641613449.0
20140405,5824866676.0
20140406,5808861023.0
20140407,5775641210.0
20140408,5718579640.0
20140409,5589580215.0
20140410,4611917257.0
20140411,5318033925.0
20140412,5321874506.0
20140413,5234667259.0
20140414,5802302128.0
20140415,6522974948.0
20140416,6674473792.0
20140417,6278792387.0
20140418,6074116360.0
20140419,6353700029.0
20140420,6312896984.0
20140421,6284666435.0
20140422,6187034895.0
20140423,6231920621.0
20140424,6350012525.0
20140425,5857079867.0
20140426,5822776642.0
20140427,5542720307.0
20140428,5593864954.0
20140429,5683724524.0
20140430,5690810165.0
20140501,5821425472.0
20140502,5716625927.0
20140503,5570422954.0
20140504,5554777406.0
20140505,5518951942.0
20140506,5463474513.0
20140507,5590798951.0
20140508,5609810850.0
20140509,5730133343.0
20140510,5795543101.0
20140511,5598956479.0
20140512,5633629021.0
20140513,5625308533.0
20140514,5669111766.0
20140515,5712906334.0
20140516,5725217915.0
20140517,5737967927.0
20140518,5706165793.0
20140519,5706978471.0
20140520,6214911439.0
20140521,6294422409.0
20140522,6716604600.0
20140523,6662964359.0
20140524,6727963028.0
20140525,7325371780.0
20140526,7479335238.0
20140527,7325147499.0
20140528,7402205099.0
20140529,7290260762.0
20140530,7897757908.0
20140531,8007248676.0
20140601,8094125581.0
20140602,8487587033.0
20140603,8580309812.0
20140604,8249183077.0
20140605,8478552324.0
20140606,8409353268.0
20140607,8428206589.0
20140608,8445489607.0
20140609,8290260777.375
20140610,8359493314.815
20140611,8116778557.0175
20140612,7309311839.375
20140613,7666330027.785
20140614,7350662806.2225
20140615,7526353631.25
20140616,7646618730.0
20140617,7838352937.170001
20140618,7802403926.750001
20140619,7665345555.277503
20140620,7625133251.249999
20140621,7643411863.58
20140622,7694627830.545
20140623,7582634214.4124975
20140624,7537047075.374997
20140625,7268686297.067499
20140626,7505647765.0
20140627,7750006889.325
20140628,7709210052.5650015
20140629,7758488114.8425
20140630,8269625590.124999
20140701,8351853048.375001
20140702,8408206448.562503
20140703,8308930858.410004
20140704,8140821665.68
20140705,8149049043.304998
20140706,8195697095.937501
20140707,8048556476.875003
20140708,8058075305.249995
20140709,8060033472.0
20140710,7994627579.250003
20140711,8198773244.500003
20140712,8235215928.499609
20140713,8154939570.986056
20140714,8034625267.996753
20140715,8044339956.749999
20140716,7981890813.249996
20140717,8095579446.500001
20140718,8173252759.880004
20140719,8165088481.480001
20140720,8093609698.919999
20140721,8088074095.3600025
20140722,8078589320.669999
20140723,8066930366.250001
20140724,7832303310.4
20140725,7837677745.410003
20140726,7758026640.000001
20140727,7715896688.72
20140728,7651364384.369997
20140729,7607013191.22
20140730,7335781094.212499
20140731,7630850376.333778
20140801,7773046501.525218
20140802,7701689838.349342
20140803,7669135008.183718
20140804,7681459103.873592
20140805,7631722475.814864
20140806,7645917854.374999
20140807,7699128899.554043
20140808,7749970439.220903
20140809,7716004475.897311
20140810,7723612745.649575
20140811,7528222642.385
20140812,7451879444.947211
20140813,7142146355.812499
20140814,6619438824.319998
20140815,6470895123.240938
20140816,6851511348.007502
20140817,6508254263.94
20140818,6051494358.652501
20140819,6373125926.999999
20140820,6770599523.880001
20140821,6791368598.25
20140822,6796320998.280002
20140823,6544627813.360002
20140824,6698642065.23
20140825,6598469041.525
20140826,6735887474.679998
20140827,6735479301.2325
20140828,6691049888.250001
20140829,6708840033.1625
20140830,6624308546.000001
20140831,6342575501.242498
20140901,6288710716.500003
20140902,6275487638.035
20140903,6277994218.035002
20140904,6475917910.312501
20140905,6354592772.125001
20140906,6384706079.29
20140907,6363333295.8125
20140908,6239603056.250001
20140909,6249605640.88
20140910,6322521232.08
20140911,6314752955.062501
20140912,6280918617.187499
20140913,6313764543.4275
20140914,6299010306.0
20140915,6278083239.3825
20140916,6141505242.9375
20140917,6037835956.610002
20140918,5627251629.25
20140919,5226301319.999999
20140920,5430693510.375
20140921,5274312253.0
20140922,5298466363.772501
20140923,5771559860.494999
20140924,5602424154.0
20140925,5431965426.5625
20140926,5365475264.0
20140927,5301867857.687499
20140928,5009825166.719998
20140929,4972406272.54
20140930,5164012591.079999
20141001,5079406227.749999
20141002,4959944620.5375
20141003,4752500693.999999
20141004,4376051376.385
20141005,4340421693.749999
20141006,4390074094.5
20141007,4431199692.78
20141008,4721892499.170001
20141009,4790047733.625
20141010,4780224305.999999
20141011,4807704216.25
20141012,5005060917.937501
20141013,5178714607.579999
20141014,5330587769.78
20141015,5250404406.000001
20141016,5080504776.5599985
20141017,5093875427.8125
20141018,5213672024.625
20141019,5185875584.5
20141020,5090987746.499999
20141021,5127920489.029999
20141022,5089595057.375001
20141023,4779135400.000001
20141024,4755312883.375001
20141025,4658797625.083782
20141026,4702361470.560001
20141027,4678274816.25
20141028,4723453013.090001
20141029,4477252539.374999
20141030,4620136994.687499
20141031,4526519245.630091
20141101,4358250678.7125
20141102,4359606956.999999
20141103,4361102298.0
20141104,4416492355.9725
20141105,4546689684.735
20141106,4685738573.94
20141107,4598267773.35
20141108,4639316977.02
20141109,4900092960.69292
20141110,4906043990.249999
20141111,4939381807.5
20141112,5648170006.71
20141113,5597421602.175
20141114,5336222507.25
20141115,5095655585.9875
20141116,5236180276.3025
20141117,5200788045.0
20141118,5066663712.555
20141119,5093942323.3125
20141120,4805825477.746428
20141121,4725799744.63716
20141122,4756418767.500001
20141123,4963794289.2375
20141124,5113527167.07
20141125,5080998638.0
20141126,4953852406.650002
20141127,4991429534.4
20141128,5108072424.775
20141129,5082659949.124999
20141130,5104546200.8
20141201,5146696228.575
20141202,5173729065.540001
20141203,5076166196.7
20141204,4997777244.500001
20141205,5109881265.075
20141206,5074368104.025
20141207,5086108461.6
20141208,4910799206.825
20141209,4769269437.600001
20141210,4716905099.220487
20141211,4717173182.024999
20141212,4780796277.1
20141213,4727528507.1
20141214,4764706150.575
20141215,4690951072.25
20141216,4473187530.400002
20141217,4342046795.7
20141218,4219673038.875
20141219,4326569823.5
20141220,4480153981.900002
20141221,4353792201.85
20141222,4498284260.25
20141223,4555334101.5
20141224,4395934387.5
20141225,4342234118.2
20141226,4473844613.694206
20141227,4295536138.8
20141228,4322768586.675
20141229,4271645363.8499985
20141230,4237996980.525
20141231,4338943850.325
20150101,4293958347.0000014
20150102,4301448334.7
20150103,3921358112.1
20150104,3571639780.8
20150105,3740880426.5
20150106,3908408221.3500013
20150107,4053238742.4375
20150108,3897824162.25
20150109,3968992614.2850013
20150110,3763909199.925
20150111,3664201453.6
20150112,3681154854.371071
20150113,3038251389.3
20150114,2362639549.8525
20150115,2890521922.995
20150116,2826188131.0
20150117,2740019366.285
20150118,2871292169.34
20150119,2948379298.875
20150120,2893626589.035
20150121,3080429686.665
20150122,3191202338.1525016
20150123,3203686663.5
20150124,3413521852.0
20150125,3493324595.8274984
20150126,3734336330.6400013
20150127,3568728002.06
20150129,3203612158.433073
20150130,3150704413.815
20150131,3005342178.85
20150201,3119897131.48
20150202,3310466195.25
20150203,3117998019.1275
20150204,3109175682.095
20150205,2994172300.44
20150206,3072075446.7
20150207,3138151161.072499
20150208,3079497925.3725
20150209,3041547650.985
20150210,3049996660.2725
20150211,3029418429.03
20150212,3070809845.0275135
20150213,3260249204.835
20150214,3584044452.9300013
20150215,3224923703.82
20150216,3266299219.505
20150217,3357729670.42
20150218,3250184845.45
20150219,3329826479.07
20150220,3383185375.785
20150221,3384954726.9025
20150222,3266702003.4249988
20150223,3303312137.1225
20150224,3312404143.285
20150225,3294575196.45
20150226,3278687399.961783
20150227,3525782547.105
20150228,3522504178.955
20150301,3580465593.9375
20150302,3751796695.2874985
20150303,3901083285.0899987
20150304,3796353842.947499
20150305,3822334889.7375
20150306,3788784931.469999
20150307,3834877371.4562297
20150308,3821054905.8
20150309,4027806171.9600015
20150310,4043022165.1175
20150311,4122115211.9
20150312,4095470764.185
20150313,4014523120.5749984
20150314,3924198780.6125
20150315,3977863688.6375
20150316,4046186762.5125012
20150317,3967004055.1925
20150318,3566978130.845
20150319,3629235646.08
20150320,3642718765.4375
20150321,3623906198.45
20150322,3740905133.6624985
20150323,3717118257.44
20150324,3426730125.8925
20150325,3443109527.925
20150326,3462026772.6875
20150327,3457360133.78
20150328,3526137495.545
20150329,3384336375.9449987
20150330,3449082800.73
20150331,3403299617.6200013
20150401,3456621444.825
20150402,3535619144.775
20150403,3554522140.4999986
20150404,3551247974.375
20150405,3641795729.9099984
20150406,3582471422.0625
20150407,3551882233.75
20150408,3427768044.885
20150409,3413570471.5539427
20150410,3292518276.0975
20150411,3319540687.6575
20150412,3309551885.795
20150413,3146530899.9
20150414,3063792222.9375
20150415,3134965194.7125
20150416,3205775569.775
20150417,3127985665.9882746
20150418,3136367731.6949987
20150419,3133241391.63
20150420,3157115506.425
20150421,3304071908.9550014
20150422,3292205018.715
20150423,3312571610.275
20150424,3254290910.1525
20150425,3184369639.96
20150426,3080176877.25
20150427,3222813920.04
20150428,3182408229.6824985
20150429,3188139664.71
20150430,3333116826.64
20150501,3284896594.1999984
20150502,3319854338.695
20150503,3387421698.4
20150504,3375292445.5799985
20150505,3334246892.1125016
20150506,3246886599.4
20150507,3346205371.2500014
20150508,3442447010.25
20150509,3412425891.825
20150510,3384490103.1
20150511,3416925739.45
20150512,3412239398.9250016
20150513,3326910420.225
20150514,3344213288.0
20150515,3348265270.1
20150516,3333957591.325
20150517,3335463662.775
20150518,3284474808.525
20150519,3276971294.9500012
20150520,3306688656.0
20150521,3326079679.1249986
20150522,3419033119.26
20150523,3392690898.43522
20150524,3424926508.0275016
20150525,3371792792.55
20150526,3373426620.6825
20150527,3370470121.0375
20150528,3374927913.9625015
20150529,3369940317.075
20150530,3319341161.04
20150531,3266430207.375
20150601,3176729202.67
20150602,3212024675.365
20150603,3208477948.985
20150604,3189861690.38
20150605,3197922617.155
20150606,3205714609.215
20150607,3181906060.795
20150608,3254270843.1550016
20150609,3266011479.8399987
20150610,3258552454.57
20150611,3271815631.7050014
20150612,3280122726.235
20150613,3310175113.435
20150614,3324945178.735
20150615,3375220318.155
20150616,3564086480.705
20150617,3524530310.6400013
20150618,3536733401.1999984
20150619,3457685093.145
20150620,3492955382.99
20150621,3488836375.125
20150622,3536683169.6000013
20150623,3488498071.6
20150624,3442040366.0175014
20150625,3470729479.685
20150626,3471728541.2025
20150627,3589074420.225
20150628,3557369715.93
20150629,3672257830.226641
20150630,3760650012.699992
20150701,3691294141.84
20150702,3651410104.6425366
20150703,3659678537.625
20150704,3736024266.375
20150705,3889432509.487961
20150706,3855533497.75
20150707,3810376692.0404396
20150708,3871966451.4313917
20150709,3862503903.2800016
20150710,4095521056.4875
20150711,4195301867.783395
20150712,4459352692.658084
20150713,4179711756.9
20150714,4122384618.0649986
20150715,4084701354.030234
20150716,3981564979.0499988
20150717,4007009432.32
20150718,3951120257.4274983
20150719,3926969933.4822383
20150720,3993823954.025
20150721,3961652068.233111
20150722,3980470592.0700016
20150723,3973299338.7
20150724,4158911304.5409093
20150725,4158095826.323497
20150726,4205901558.4920735
20150727,4219037232.32
20150728,4238912996.72
20150729,4162873225.658961
20150730,4135724833.44
20150731,4090154891.219836
20150801,4047265065.76
20150802,4062048251.28
20150803,4063535808.711956
20150804,4098275923.12
20150805,4057353077.6039124
20150806,4008508406.56
20150807,4015651480.2780004
20150808,3745910822.1530533
20150809,3811337988.900654
20150810,3817350354.96
20150811,3909600811.62
20150812,3879202423.705
20150813,3821420843.637938
20150814,3843674745.1425014
20150815,3777139796.810643
20150816,3739450598.7300014
20150817,3729475807.2000012
20150818,3672268004.3
20150819,3279919634.095
20150820,3406736999.8375
20150821,3374233144.9200015
20150822,3328896176.08
20150823,3302029052.6449986
20150824,3053595830.271203
20150825,3217665292.1924987
20150826,3275815633.8700013
20150827,3243160210.6
20150828,3370431355.445
20150829,3324950575.2675
20150830,3319968528.72
20150831,3350144206.29
20150901,3308579439.8025
20150902,3331062656.779999
20150903,3301579143.195
20150904,3353296684.9425
20150905,3422635972.525
20150906,3487336313.1499987
20150907,3508277386.75
20150908,3553698013.0575
20150909,3472697170.03
20150910,3485799693.18
20150911,3504653618.529092
20150912,3431133648.015
20150913,3367623264.4200015
20150914,3364179590.25
20150915,3360764475.475
20150916,3340446394.8000016
20150917,3403177100.1
20150918,3399002106.7
20150919,3383904198.1124988
20150920,3375670110.545
20150921,3314850054.32
20150922,3365879385.27
20150923,3366614506.8
20150924,3426856523.425
20150925,3443254571.12
20150926,3437534062.2749987
20150927,3413577894.9649987
20150928,3508852288.5125
20150929,3479847405.18
20150930,3463401139.065
20151001,3489093808.33
20151002,3482919072.1399984
20151003,3508906579.53
20151004,3505203181.935
20151005,3530596945.8
20151006,3621402163.5
20151007,3574397657.8275013
20151008,3569664084.28
20151009,3588832044.4725
20151010,3607756618.6475
20151011,3640379548.48
20151012,3611362597.2775
20151013,3667819987.0025
20151014,3720285701.44
20151015,3749948525.3464403
20151016,3864938757.1125
20151017,3983558775.515
20151018,3864772725.825
20151019,3894955159.095
20151020,3985078067.9999986
20151021,3938178700.69
20151022,4035872003.8499985
20151023,4093191773.3699985
20151024,4176382824.68
20151025,4203955930.025
20151026,4215884952.015
20151027,4354732830.689999
20151028,4486177628.595
20151029,4639133966.8275
20151030,4816269544.724998
20151031,4617510889.9075
20151101,4806796483.202498
20151102,5189223756.42
20151103,5893149469.89
20151104,5985308848.63
20151105,5736789622.45
20151106,5521254799.200002
20151107,5733490750.499998
20151108,5504396533.200002
20151109,5641277305.399999
20151110,4993780086.524999
20151111,4537161821.449999
20151112,5012582355.5
20151113,5005284729.2
20151114,4919391964.75
20151115,4757160338.7
20151116,4919473733.625
20151117,4976968038.7
20151118,4983266453.2
20151119,4837533520.000002
20151120,4777269083.55
20151121,4834317690.45
20151122,4809449591.25
20151123,4802404204.000002
20151124,4761183526.824999
20151125,4884311515.724998
20151126,5303722123.25
20151127,5346023825.725
20151128,5305804455.9
20151129,5534688265.600001
20151130,5637217098.625
20151201,5417967322.499998
20151202,5350373990.499998
20151203,5383466480.7
20151204,5411894143.624998
20151205,5829507439.875
20151206,5881283993.699999
20151207,5887868033.125
20151208,6167016640.750002
20151209,6235070986.199999
20151210,6230407267.5
20151211,6762812523.749998
20151212,6502593547.975
20151213,6517994663.125002
20151214,6631778541.6
20151215,6958907659.574999
20151216,6794808883.749998
20151217,6834975641.85
20151218,6946908498.6
20151219,6922223916.849998
20151220,6610549657.724998
20151221,6562505169.825002
20151222,6540512246.925001
20151223,6640942254.9
20151224,6823821080.825
20151225,6838203626.099998
20151226,6260008700.4
20151227,6364767557.5
20151228,6318056013.9
20151229,6491698545.650002
20151230,6413208734.625
20151231,6479728151.175
20160101,6530621623.574999
20160102,6530688608.250002
20160103,6470199429.9
20160104,6522334778.049998
20160105,6502628563.125
20160106,6492499350.975001
20160107,6870164692.05
20160108,6847658073.555001
20160109,6759240198.750002
20160110,6738604517.399999
20160111,6757695467.600001
20160112,6721027667.2
20160113,6516499236.000002
20160114,6474583370.174998
20160115,5519407460.2
20160116,5806905132.6
20160117,5830189311.200002
20160118,5814809590.700002
20160119,5723770825.5
20160120,6326929406.4
20160121,6161646248.875003
20160122,5700897323.250002
20160123,5889248376.549998
20160124,6094932220.799998
20160125,5934195570.050001
20160126,5937437389.799997
20160127,5968224752.175
20160128,5745544310.399999
20160129,5737400248.8
20160130,5709052772.55
20160131,5520342696.0
20160201,5623172735.125
20160202,5652529732.799998
20160203,5582278351.5
20160204,5891023099.599998
20160205,5852736452.325002
20160206,5690251854.249998
20160207,5701239912.875003
20160208,5636117687.999998
20160209,5679902055.4
20160210,5771368714.85
20160211,5730998806.5
20160212,5818750496.0
20160213,5937412022.400002
20160214,6147686974.000002
20160215,6076721221.075
20160216,6194279970.374997
20160217,6345582494.999998
20160218,6417045471.750002
20160219,6387331882.925
20160220,6720209555.999997
20160221,6684028071.249998
20160222,6672478907.474998
20160223,6407178255.950002
20160224,6452416826.400002
20160225,6453391534.75
20160226,6514156583.4
20160227,6593663289.800001
20160228,6605163875.275002
20160229,6669535766.075
20160301,6586086153.8
20160302,6482862265.5
20160303,6418406144.699999
20160304,6255529065.6
20160305,6071173237.350001
20160306,6189869498.4
20160307,6326260439.5
20160308,6299329213.400002
20160309,6307800373.650002
20160310,6370256293.500002
20160311,6417916283.7
20160312,6289332499.925001
20160313,6316587496.874998
20160314,6350177715.75
20160315,6367983805.875002
20160316,6383495145.600001
20160317,6413413020.000002
20160318,6259667304.0
20160319,6237403575.849998
20160320,6317806512.750002
20160321,6307102003.85
20160322,6389481378.0
20160323,6417382984.8
20160324,6369854280.124998
20160325,6384534070.275
20160326,6401148697.124998
20160327,6535264076.775
20160328,6497115017.1
20160329,6388027423.525002
20160330,6344204936.175
20160331,6388090244.55
20160401,6410999713.95
20160402,6457346880.750002
20160403,6435354873.375002
20160404,6456959980.95
20160405,6508054061.925
20160406,6494387877.599999
20160407,6486917898.7
20160408,6448380946.350001
20160409,6413012926.125
20160410,6492839084.15
20160411,6516847462.200002
20160412,6573884543.1
20160413,6546120648.075002
20160414,6558071165.7
20160415,6637309897.95
20160416,6653836775.25
20160417,6610502491.375
20160418,6619389285.599997
20160419,6742483781.0
20160420,6830010642.2
20160421,6973348482.375003
20160422,6919439820.8
20160423,6987975324.3
20160424,7114859335.024999
20160425,7123685299.599998
20160426,7240796776.799998
20160427,6885300360.825
20160428,6957889602.774999
20160429,7070940369.350001
20160430,6938342199.674998
20160501,7012822521.599999
20160502,6888908380.2
20160503,6980741977.5
20160504,6933273129.45
20160505,6962982234.899999
20160506,7161803490.000002
20160507,7126736757.199997
20160508,7129139992.975
20160509,7169395601.225
20160510,6993799201.149999
20160511,7024148586.0
20160512,7065405649.050001
20160513,7086941589.100001
20160514,7080714421.975001
20160515,7118621364.875
20160516,7074393585.075
20160517,7037627799.900001
20160518,7054124066.025002
20160519,6855767039.274998
20160520,6878428608.0
20160521,6899543980.474998
20160522,6831902516.250002
20160523,6903990658.125001
20160524,6945849971.525
20160525,6998825287.124998
20160526,7073262177.9
20160527,7388724420.000002
20160528,8243121751.874998
20160529,8182390025.2
20160530,8335577205.600003
20160531,8293336919.625002
20160601,8416291167.199999
20160602,8413013019.599999
20160603,8908568259.374998
20160604,8958404429.249998
20160605,8975651027.512924
20160606,9151383511.05
20160607,9033842181.758211
20160608,9117713569.924997
20160609,9033585757.725
20160610,9060944979.936224
20160611,9352955399.176626
20160612,10512767357.042526
20160613,11025583301.960873
20160614,10740428205.860779
20160615,10857217289.949999
20160616,11991494582.524998
20160617,11742908607.649998
20160618,11861509350.417933
20160619,11978503075.35
20160620,11512940800.437586
20160621,10430819686.117899
20160622,9286122275.999998
20160623,9779539536.75046
20160624,10381264326.27785
20160625,10456807082.239622
20160626,9882102246.55
20160627,10182702232.499996
20160628,10162291635.799995
20160629,10016780633.550001
20160630,10556309174.399996
20160701,10654888849.0
20160702,10897332418.600002
20160703,10456041581.34137
20160704,10678148801.861637
20160705,10504760879.50388
20160706,10639167835.700003
20160707,10054273625.000002
20160708,10483645176.39353
20160709,10298813661.942278
20160710,10244077501.140005
20160711,10225531860.960001
20160712,10571303711.856
20160713,10370703851.400002
20160714,10394281928.736004
20160715,10491679653.244476
20160716,10458476976.564003
20160717,10694420116.412525
20160718,10638777020.11729
20160719,10636194258.165003
20160720,10579131342.279295
20160721,10493517598.78291
20160722,10269410781.96
20160723,10338768243.216002
20160724,10425364936.563225
20160725,10326505495.914951
20160726,10276898043.719997
20160727,10345876482.259167
20160728,10351218168.470943
20160729,10375300169.233873
20160730,10332176091.135323
20160731,9847086965.691307
20160801,9564059424.39599
20160802,8165924598.986262
20160803,8960483430.825201
20160804,9107192616.42881
20160805,9099338658.916801
20160806,9283768001.279999
20160807,9364319558.91
20160808,9334500359.099998
20160809,9249860835.689997
20160810,9361030948.519566
20160811,9288488901.621603
20160812,9272434001.039999
20160813,9241013898.483736
20160814,9024984099.855598
20160815,8978508769.857576
20160816,9145336947.424574
20160817,9039235990.703674
20160818,9053050627.41776
20160819,9073411771.816164
20160820,9208301151.705597
20160821,9187908144.199305
20160822,9262302916.86
20160823,9212472965.774399
20160824,9148400141.820934
20160825,9121223051.838001
20160826,9153633133.989597
20160827,9003730818.600002
20160828,9083223370.0416
20160829,9068122329.394085
20160830,9125715540.480001
20160831,9058256694.850403
20160901,9056523459.6
20160902,9095188851.299997
20160903,9448393429.680002
20160904,9647700436.713598
20160905,9616262727.204
20160906,9681336387.393599
20160907,9740198080.118103
20160908,9917920559.610003
20160909,9862631720.699999
20160910,9881939361.403202
20160911,9601743135.428337
20160912,9611117069.21902
20160913,9625199430.6
20160914,9654573079.500004
20160915,9610607638.994402
20160916,9627042762.308758
20160917,9609021664.307999
20160918,9664864143.000004
20160919,9663034352.091307
20160920,9650615110.177094
20160921,9462412679.832169
20160922,9449414102.3184
20160923,9560527881.960001
20160924,9551877467.340004
20160925,9522044919.525595
20160926,9630957511.517817
20160927,9602128427.579998
20160928,9592874199.359997
20160929,9611116960.350002
20160930,9669703048.380001
20161001,9763087934.558167
20161002,9705298188.753601
20161003,9731860020.793758
20161004,9689785072.17
20161005,9729061309.2156
20161006,9719787549.600002
20161007,9804216114.139202
20161008,9810492980.9568
20161009,9781273121.407202
20161010,9777010536.4368
20161011,10198278180.0
20161012,10118464865.982
20161013,10103624253.93074
20161014,10161283203.119995
20161015,10146912931.2
20161016,10195309967.356796
20161017,10153229676.240002
20161018,10122263522.220001
20161019,10011295942.5
20161020,10013934081.66
20161021,10033936840.324793
20161022,10391486423.849998
20161023,10353442542.796803
20161024,10340849544.8076
20161025,10403520542.2512
20161026,10735427840.760002
20161027,10896021892.289997
20161028,10963463344.929598
20161029,11409389607.07833
20161030,11121149986.537748
20161031,11143032475.877998
20161101,11633474056.199999
20161102,11713747881.6912
20161103,10947521327.777992
20161104,11204614009.68
20161105,11236368065.399996
20161106,11367022667.714403
20161107,11271922275.869999
20161108,11318680821.599998
20161109,11515479618.419998
20161110,11389753141.977827
20161111,11429941440.150002
20161112,11241603256.32
20161113,11220193117.664371
20161114,11279469101.249998
20161115,11386521351.124006
20161116,11847684538.725115
20161117,11810455253.999998
20161118,11970910272.5825
20161119,12003962099.202116
20161120,11652611522.3775
20161121,11783996774.934998
20161122,11971109864.2825
20161123,11861151745.206772
20161124,11791975961.232533
20161125,11816670435.200802
20161126,11730463632.615002
20161127,11652161720.374998
20161128,11719038707.963842
20161129,11719891045.97
20161130,11890119632.989996
20161201,12062849170.250002
20161202,12354385552.1631
20161203,12254501749.676565
20161204,12280532758.265596
20161205,12055567493.999994
20161206,12160418226.562498
20161207,12245767526.624998
20161208,12323570551.874998
20161209,12343519928.004997
20161210,12397466677.567526
20161211,12320826024.727497
20161212,12485927227.144997
20161213,12484153823.955006
20161214,12444714533.525003
20161215,12444351602.187496
20161216,12538210372.300001
20161217,12660596387.812498
20161218,12654965391.075603
20161219,12683371140.053095
20161220,12838925680.525
20161221,13272429704.645525
20161222,13799864746.8981
20161223,14728698437.88
20161224,14322006704.34
20161225,14366519915.082954
20161226,14501002033.91
20161227,14928671401.875002
20161228,15702309526.679998
20161229,15617018872.949997
20161230,15445427987.500002
20161231,15537921940.53077
20170101,16045986192.85
20170102,16387926824.930002
20170103,16652715382.972502
20170104,18187664239.845806
20170105,15934886737.499996
20170106,14382278476.6875
20170107,14481153594.445597
20170108,14611836820.125006
20170109,14513519375.287489
20170110,14577733897.52693
20170111,12624083564.875004
20170112,12869633173.255001
20170113,13274790985.975603
20170114,13169067953.750004
20170115,13236623006.074997
20170116,13341392032.219997
20170117,14564800038.017504
20170118,14079682756.124992
20170119,14451431614.25
20170120,14366002978.3256
20170121,14822821174.630005
20170122,14810403902.437784
20170123,14814052397.812502
20170124,14281760609.625599
20170125,14407365094.065598
20170126,14762033603.999998
20170127,14811184892.8875
20170128,14844529150.19
20170129,14747986190.022495
20170130,14860100039.695711
20170131,15624634422.4056
20170201,15922459702.093218
20170202,16276789219.937464
20170203,16392262891.437502
20170204,16687723783.25
20170205,16420090077.568644
20170206,16544150319.051847
20170207,16981015237.500008
20170208,17045265643.7481
20170209,15858560740.5
20170210,16028562068.135601
20170211,16334579162.865597
20170212,16167938833.727505
20170213,16098583564.75675
20170214,16326912555.985212
20170215,16308969767.019999
20170216,16731535006.800604
20170217,17083619843.997013
20170218,17118312229.51949
20170219,17037979881.749996
20170220,17500458951.95995
20170221,18202277765.49074
20170222,18168250822.125
20170223,19176691563.44728
20170224,19108706913.124996
20170225,18601876715.06894
20170226,19110682514.326004
20170227,19314424735.21033
20170228,19271383899.146996
20170301,19875003126.771698
20170302,20437807786.697002
20170303,20884867165.511112
20170304,20551257963.730083
20170305,20673857896.125004
20170306,20753062038.099995
20170307,19978921138.285755
20170308,18629281761.825005
20170309,19305673114.12323
20170310,17829356645.959938
20170311,19147525540.5318
20170312,19950023304.0
20170313,20158188044.32141
20170314,20214039431.746094
20170315,20409261728.958996
20170316,19743578282.65421
20170317,17423426593.321995
20170318,15606390507.000002
20170319,16606689806.263306
20170320,16816818647.793924
20170321,18058074337.21503
20170322,16877645842.247137
20170323,16705852353.567331
20170324,15261293153.465893
20170325,15672767506.162113
20170326,15499531724.033215
20170327,16932388062.889202
20170328,16968792612.799994
20170329,16871375654.368252
20170330,16757840043.708635
20170331,17519577833.28675
20170401,17634831646.535995
20170402,None
20170403,18517903140.18806
20170404,18539058629.558556
20170405,18408732920.443806
20170406,19416796070.09999
20170407,19347052264.0503
20170408,19227110119.602
20170409,19316186631.362995
20170410,19691023824.75
20170411,19955556306.916
20170412,19822303422.025
20170413,19106860359.408
20170414,19263144684.95
20170415,19210567706.901
20170416,19310204918.47
20170417,19618884439.9
20170418,19823480859.0
20170419,19958292470.9
20170420,20419371472.848
20170421,20439557226.725
20170422,20355249795.0
20170423,20327793187.52
20170424,20364256790.6925
20170425,20579834197.125
20170426,20977699422.84
20170427,21697132034.375
20170428,21534600390.46
20170429,21643161383.0556
20170430,22007601314.79
20170501,22964730936.125
20170502,23518941607.875
20170503,24231937589.4375
20170504,24455911024.0
20170505,24567395211.1206
20170506,25252078563.53
20170507,25419561546.555
20170508,26655087385.5
20170509,27748404857.4425
20170510,28521047690.935
20170511,29527250348.0656
20170512,27767470033.9575
20170513,28602793979.76
20170514,28867391787.52
20170515,27702000821.75
20170516,28034610160.905
20170517,29477763646.6281
20170518,30868475119.0056
20170519,32237082949.2181
20170520,33393518554.5
20170521,33568054937.0756
20170522,34479453631.095
20170523,37479380943.125
20170524,40025140034.1006
20170525,38704024228.25
20170526,36997900173.0
20170527,34066387966.5
20170528,36305932627.5
20170529,37402630788.11
20170530,35466825282.315
20170531,38113024210.0
20170601,39868442921.8656
20170602,41152717323.6675
20170603,41949676689.0
20170604,41854068527.985
20170605,44563721217.1875
20170607,47547556371.0756
20170607,44484425844.04
20170609,46261410000.6806
20170609,46149913864.145
20170610,48127389931.89
20170611,49382412955.42
20170612,44267424094.875
20170613,44844697932.88
20170614,41033780985.98741
20170615,40072859209.16968
20170616,41213920649.6624
20170617,44001982613.919
20170618,42262755911.74297
20170619,42971547871.184555
20170620,45561980141.81072
20170621,44569583131.63903
20170622,44703988751.351746
20170623,44920255723.30297
20170624,42966679003.94212
20170625,42781394178.82268
20170626,40837922140.409676
20170627,41550828140.55376
20170628,42279511902.81053
20170629,42057301540.09505
20170630,40897674121.940735
20170701,40066457532.22669
20170702,41365191378.720184
20170703,42326047726.1706
20170704,42894251457.13055
20170705,42836970322.05267
20170706,42931269844.38585
20170707,41236052946.94405
20170708,42128232902.263275
20170709,41409824820.38926
20170710,38856285254.84228
20170711,38703498121.36672
20170712,39258160520.55891
20170713,38884514157.240425
20170714,36658380771.82992
20170715,33447052810.303905
20170716,31704152052.833904
20170717,35890008657.39433
20170718,37911881677.64932
20170719,37434637985.045944
20170720,45540558047.53742
20170721,43755767266.33141
20170722,46136314314.91937
20170723,44977531723.6921
20170724,45308735082.91261
20170725,42223997194.01208
20170726,41300436593.94769
20170727,43645402712.15232
20170728,46111586171.418274
20170729,44819837646.14303
20170730,45158066501.84347
20170731,47322548226.26965
20170801,45126045890.85253
20170802,44473195322.900276
20170803,45788833023.80792
20170804,46925073392.63279
20170805,53382167034.14344
20170806,52607099482.05991
20170807,55367416610.36144
20170808,56260701200.034225
20170809,54954274834.24823
20170810,55570438886.95547
20170811,58788973716.33661
20170812,62715286393.358154
20170813,66405071142.320496
20170814,68927834713.06955
20170815,68500212180.10542
20170816,70376601817.48047
20170817,70778773053.66321
20170818,67671539511.38793
20170819,67968693045.18288
20170820,66092742688.79337
20170821,65008176478.93846
20170822,66221496790.766624
20170823,67231683430.31014
20170824,68859869628.5617
20170825,69403950803.04054
20170826,68147140643.37593
20170827,68038485482.57394
20170828,69694649043.72203
20170829,72641940495.6991
20170830,75292523274.51767
20170831,77767841900.02457
20170901,80428274476.4107
20170902,75367266379.22632
20170903,76631058145.99944
20170904,71425022760.39119
20170905,73598219046.08562
20170906,75996461011.38934
20170907,75883474995.22142
20170908,70933796921.03749
20170909,70287354161.79593
20170910,68424784707.49242
20170911,68968724069.36708
20170912,68415142331.638626
20170913,64328714659.05176
20170914,51366093442.36449
20170915,59446207725.41725
20170916,59757602841.68003
20170917,58889832717.23171
20170918,66500676482.32742
20170919,64629619385.94208
20170920,63957210363.29384
20170921,60152757874.00039
20170922,60061814860.04741
20170923,62411285738.3069
20170924,60907151775.202774
20170925,64137374771.87553
20170926,63915425115.126785
20170927,68589320812.824844
20170928,68609525756.87619
20170929,68544241007.41879
20170930,71329258156.47789
20171001,72162524814.14323
20171002,72763860755.0592
20171003,71707074498.61319
20171004,70259971867.79242
20171005,71244448102.50621
20171006,72202651600.90865
20171007,73165830198.24252
20171008,75788890435.07802
20171009,79061044585.54332
20171010,79249573590.62794
20171011,79896727838.75774
20171012,88609513441.24539
20171013,93253757323.27051
20171014,94406037193.81062
20171015,94500193338.09784
20171016,95258545426.38307
20171017,93855824390.12392
20171018,93017336298.87627
20171019,94752516351.64403
20171020,99030673396.69295
20171021,100559216276.95663
20171022,99899292227.65865
20171023,99188570754.3323
20171024,92378194194.24738
20171025,94967978387.47089
20171026,97947023064.89772
20171027,96164443214.40039
20171028,95484533854.62123
20171029,101977770673.5449
20171030,101669814828.64807
20171031,106082152741.21794
20171101,111860407349.42265
20171102,117621545279.66475
20171103,120546744685.76022
20171104,123154674357.55318
20171105,123596829565.80898
20171106,118388777524.7116
20171107,119464110442.1775
20171108,124396351241.9002
20171109,119816786360.01381
20171110,110999386930.46329
20171111,106146109132.28351
20171112,97832172888.05261
20171113,107125442451.24033
20171114,110957725266.311
20171115,121737427357.354
20171116,130381304858.568
20171117,129865386010.109
20171118,130622715624.408
20171119,133701043637.728
20171120,137213053125.934
20171121,135455116259.548
20171122,137857431278.079
20171123,135545106327.703
20171124,138239984963.008
20171125,146022669794.181
20171126,156058041450.11
20171127,164237026935.379
20171128,171368281967.209
20171129,165021094137.072
20171130,173903131019.367
20171201,183780731163.873
20171202,186591841366.624
20171203,188190520506.165
20171204,194541160318.899
20171205,203585321680.101
20171206,232080024191.322
20171207,309298517515.443
20171208,282850210542.754
20171209,255421618137.278
20171210,264523195368.976
20171211,286279279595.202
20171212,288713846623.762
20171213,276619329724.168
20171214,282355027769.183
20171215,301031043805.055
20171216,329315720181.841
20171217,325311461891.215
20171218,321409248360.935
20171219,304459646943.618
20171220,285821795917.542
20171221,274043056258.078
20171222,236028031210.852
20171223,255444795621.567
20171224,242218743695.445
20171225,239755987703.759
20171226,278573473665.536
20171227,274522325686.838
20171228,252666630245.445
20171229,253178163423.298
20171230,228445816988.881
20171231,248925602660.692
20180101,236440337971.831
20180102,257079617264.841
20180103,261505188675.85794
20180104,268124738814.99704
20180105,307774011688.3515
20180106,307926110569.5282
20180107,286074127681.1376
20180108,266976271422.5615
20180109,262044268423.30463
20180110,260474112841.84482
20180111,236008991341.7291
20180112,247945818276.33105
20180113,255265724750.92688
20180114,243252295974.26068
20180115,242193794408.73285
20180116,197043955228.79236
20180117,191882616843.4473
20180118,194496634731.3023
20180119,197698672432.58115
20180120,222978421656.46298
20180121,196828374433.09152
20180122,184878210439.39847
20180123,183260375707.76193
20180124,189730563330.71286
20180125,188880475665.0269
20180126,185867144988.1318
20180127,192805209257.31415
20180128,196359635508.99493
20180129,187828526722.43542
20180130,186776632503.01822
20180131,168188285150.7701
20180201,170304196700.15707
20180202,152744180864.1639
20180203,148715185541.37634
20180204,151507305722.97018
20180205,140081544557.2351
20180206,115444836533.44771
20180207,129936854004.41661
20180208,128271617562.32497
20180209,138345016554.78464
20180210,145812043727.55478
20180211,144544944416.7482
20180212,137716289625.30893
20180213,150256428069.51227
20180214,143645913955.80325
20180215,159007423075.0244
20180216,170569769073.98798
20180217,171309236631.063
20180218,185692327611.28845
20180219,177561296505.31497
20180220,187364222442.60483
20180221,194121879194.2264
20180222,168362084194.4766
20180223,169362253983.19455
20180224,173922837770.0662
20180225,164497574061.05917
20180226,163790896885.65796
20180227,174886939893.19846
20180228,180884108725.43018
20180301,174778709347.89926
20180302,183463718171.25656
20180303,187514886761.3877
20180304,191899353575.24014
20180305,190747933122.93732
20180306,194821583687.4345
20180307,181342656441.09247
20180308,169056252057.66943
20180309,159289105130.23843
20180310,156862284242.87494
20180311,150359761907.83084
20180312,160888688653.47745
20180313,156177221215.63092
20180314,155921695042.49033
20180315,140553335048.27603
20180316,141449655895.93512
20180317,144184737078.2775
20180318,136472702736.85979
20180319,139102798580.5772
20180320,146274523240.43362
20180321,151135311240.4029
20180322,151888445786.24927
20180323,147943048662.1316
20180324,149451318665.61404
20180325,146022681302.7956
20180326,143623891714.18073
20180327,138684803358.9432
20180328,132779843611.38556
20180329,134386559681.90625
20180330,120777974799.76303
20180331,116900853303.24556
20180401,118234055446.5432
20180402,115896903503.05841
20180403,120044225923.52736
20180404,126568883854.60773
20180405,116084750821.3726
20180406,116269847527.26425
20180407,112436767361.37248
20180408,116789559212.79994
20180409,118505840498.72884
20180410,115017783885.65182
20180411,115885988821.25359
20180412,117533696704.9788
20180413,133015394395.9933
20180414,133189892501.28044
20180415,134086501771.11679
20180416,140220533919.44476
20180417,136379313438.7644
20180418,133722872890.26543
20180419,137539507140.1945
20180420,140616565985.04083
20180421,144401932888.96182
20180422,150858701627.6664
20180423,149017082314.25253
20180424,150943914745.9957
20180425,165155791737.985
20180426,150020058558.80304
20180427,156779014055.27072
20180428,152009053536.4553
20180429,157282709009.46033
20180430,158592809944.5081
20180501,156443377473.375
20180502,153504488648.5945
20180503,155192629946.18726
20180504,162498830620.22913
20180505,163935762593.6642
20180506,166195961946.18
20180507,163109111220.656
20180508,158435513589.56033
20180509,155749835750.4752
20180510,157460887034.23203
20180511,152728483795.6562
20180512,143131877388.73486
20180513,144426929746.49615
20180514,147906738510.20526
20180515,148142733211.5191
20180516,144348790079.53476
20180517,142149224754.09787
20180518,137271416445.43767
20180519,139787112156.34103
20180520,139424471286.71832
20180521,143916527618.282
20180522,142427831413.29367
20180523,136550347058.65228
20180524,128842835523.63457
20180525,128977752305.11423
20180526,127435061535.96555
20180527,125008468874.28679
20180528,124985768473.80345
20180529,121322210033.3444
20180530,127138205821.77669
20180531,125953862789.73985
20180601,127322669333.3591
20180602,127797556817.80017
20180603,129185013358.09856
20180604,130436135448.66774
20180605,127444424300.66489
20180606,129259980382.17676
20180607,129898428226.34839
20180608,130052073722.89095
20180609,129167113170.94856
20180610,126683533782.87282
20180611,115631864817.82808
20180612,117568067796.62566
20180613,112482862604.77522
20180614,108260201574.01901
20180615,113582443265.84215
20180616,109527730085.0741
20180617,110772203147.8282
20180618,109759607021.02477
20180619,114196505243.23883
20180620,114742187734.30663
20180621,114852494305.80463
20180622,114463912846.04523
20180623,104172397755.09848
20180624,105568325740.5693
20180625,105415073017.07509
20180626,106832748619.81493
20180627,103900589095.60583
20180628,104717160923.03616
20180629,100670773791.78275
20180630,105857391286.9164
20180701,109023438456.36497
20180702,108116702994.83368
20180703,112969688594.56374
20180704,111301577387.40128
20180705,112427869579.76012
20180706,112011029362.86702
20180707,113147533991.98392
20180708,115842716194.10664
20180709,114841688927.81284
20180710,113955190214.94202
20180711,108055463516.65717
20180712,109263693476.82497
20180713,106829387990.04874
20180714,107145717585.4774
20180715,107117271573.7231
20180716,108903950780.21829
20180717,115637208433.3911
20180718,125285895738.59448
20180719,125840376647.27176
20180720,127709804699.66203
20180721,125820597539.21863
20180722,126644347498.85966
20180723,126948286633.17482
20180724,132270404905.45909
20180725,144602365043.07205
20180726,139850429188.6199
20180727,136166569453.30632
20180728,139897416706.44568
20180729,140716208459.56802
20180730,140827378169.39276
20180731,140640772123.99832
20180801,132963528816.20732
20180802,130813483341.75774
20180803,129596337579.7665
20180804,127395242323.66476
20180805,120489906899.28981
20180806,120977961419.31384
20180807,119089729729.2738
20180808,115416628667.98373
20180809,107652609456.40524
20180810,112337822894.36668
20180811,106079149843.79391
20180812,106756980148.52301
20180813,108716328040.72339
20180814,108135868387.49329
20180815,106911788926.75307
20180816,107788817699.53123
20180817,108578823549.00035
20180818,113018605465.47177
20180819,109889851531.17278
20180820,111490970656.3322
20180821,107511643840.85838
20180822,111399689881.15749
20180823,109149076720.34018
20180824,112327439428.77159
20180825,115177527171.81319
20180826,116073397012.0424
20180827,115406552890.99017
20180828,118546009735.9248
20180829,121992306938.18849
20180830,121479639297.29665
20180831,121103237785.70247
20180901,121186316787.30235
20180902,124380655386.09407
20180903,125994361368.72597
20180904,125200923805.39091
20180905,126949626755.787
20180906,116602093876.15263
20180907,112034863191.16696
20180908,110396118506.89438
20180909,106668555553.51491
20180910,108219061918.52274
20180911,108846231385.41852
20180912,108449181464.89592
20180913,109298582014.21779
20180914,112124461661.13242
20180915,112334356298.05247
20180916,112796085614.54744
20180917,112373562206.64603
20180918,107960190646.44861
20180919,109629673484.58704
20180920,110292032124.89343
20180921,112172960507.04015
20180922,116710823191.41154
20180923,116607568773.97198
20180924,116001860055.71248
20180925,114024650850.04753
20180926,111360852966.35107
20180927,111760801180.65999
20180928,115905890382.87775
20180929,114768551691.0015
20180930,114265552573.72394
20181001,114617564007.79602
20181002,114225251470.51224
20181003,112814709079.4464
20181004,112545036630.82414
20181005,113846158429.54834
20181006,114567814410.76247
20181007,114021329402.35275
20181008,113962679824.78195
20181009,115167647222.33853
20181010,114837789505.01476
20181011,113987017102.36557
20181012,108155761830.83029
20181013,108845285496.56729
20181014,109372673141.74013
20181015,109624316973.41199
20181016,115236573309.55287
20181017,114960968517.5375
20181018,114953321633.49261
20181019,112970698851.37468
20181020,112394945004.92676
20181021,113214078424.96126
20181022,113208108538.70485
20181023,112905904007.05743
20181024,112227883463.22098
20181025,112363064964.16649
20181026,112010056845.21841
20181027,112200801079.02803
20181028,111998326691.92026
20181029,112422008134.01062
20181030,109167179052.3813
20181031,109890575608.10541
20181101,110487418903.24472
20181102,110896563654.92197
20181103,111528929052.5205
20181104,110888814023.684
20181105,110241536216.1873
20181106,111383003826.06792
20181107,112347500910.42685
20181108,113943582818.14384
20181109,112723294658.02623
20181110,111440702127.79549
20181111,111308110603.00995
20181112,111773252086.90735
20181113,111385885801.71518
20181114,111126759494.65367
20181115,100585460320.22012
20181116,98829079080.72421
20181117,97344067023.98213
20181118,97299989131.4034
20181119,98118875508.37688
20181120,85228342224.35999
20181121,76601948314.49545
20181122,80360705527.42929
20181123,75518575145.29533
20181124,76120308175.56718
20181125,67756132282.086784
20181126,70327984591.03267
20181127,66796155268.6834
20181128,66811830848.48212
20181129,74381953561.03812
20181130,74400715839.6163
20181201,69715049461.01839
20181202,73075855208.30002
20181203,71784475615.70909
20181204,67489136960.41757
20181205,68592152288.353745
20181206,65355774058.35723
20181207,60357918912.004555
20181208,59348913269.876625
20181209,59526617773.597786
20181210,61832986280.19322
20181211,59805353928.82642
20181212,58852767064.15517
20181213,59878323499.6965
20181214,57318285688.441795
20181215,55998515509.38865
20181216,56171263934.47407
20181217,56050483689.82096
20181218,61143447505.005135
20181219,63720433230.19886
20181220,64363548271.279076
20181221,70578857837.00003
20181222,67118181896.86795
20181223,68846085704.00443
20181224,68680118909.38707
20181225,70266326465.44417
20181226,65350104373.41374
20181227,65972460015.27494
20181228,62808667853.73499
20181229,67263083067.33795
20181230,66838758054.14169
20181231,66494185030.58888
20190101,64422635599.72896
20190102,66188448932.14009
20190103,67643304990.47443
20190104,65922288582.921715
20190105,66650769533.12984
20190106,66070973627.255455
20190107,70084169300.15211
20190108,69602133073.71902
20190109,69418693910.45465
20190110,69609283899.19995
20190111,63326376681.34885
20190112,63121578243.94881
20190113,62924488425.99548
20190114,61050348901.5798
20190115,63758350560.63251
20190116,62348810149.49811
20190117,62969304894.27945
20190118,63320099663.395294
20190119,62898826371.85565
20190120,64269861567.8863
20190121,61969431896.71978
20190122,61784404483.04622
20190123,62482350133.95662
20190124,62216525710.040085
20190125,62397665388.19675
20190126,62386316357.47355
20190127,62374968460.904976
20190128,62192208387.693
20190129,60087154448.40433
20190130,59768195291.00078
20190131,60555372963.791016
20190201,60101226569.37371
20190202,60678990333.1717
20190203,61071179758.435844
20190204,60524138032.473946
20190205,60723961265.783615
20190206,60825168548.915
20190207,59682137962.35292
20190208,59482397752.99235
20190209,64226481382.1611
20190210,64286029202.05369
20190211,64439836442.25577
20190212,63670312531.29947
20190213,63712841387.27635
20190214,63267872020.65663
20190215,62991824523.89914
20190216,63165603231.85129
20190217,63547140519.07759
20190218,64383522064.40136
20190219,68147457622.522125
20190220,68719418872.04398
20190221,69790459105.50142
20190222,69059468752.51183
20190223,69748877117.19371
20190224,72266544791.73584
20190225,66108588220.39571
20190226,67154603799.94677
20190227,66890485485.37128
20190228,67155912259.18905
20190301,67016664287.2375
20190302,67085713233.78275
20190303,67101767698.901596
20190304,66885712070.35212
20190305,65238057881.55198
20190306,67733767403.2078
20190307,67888909504.19791
20190308,68020879276.31612
20190309,67914021946.078575
20190310,69292799411.19722
20190311,68962957216.01791
20190312,67983966610.10971
20190313,68203157396.32404
20190314,67968370343.91208
20190315,68177693410.06057
20190316,69031558676.15643
20190317,70497099778.1464
20190318,70051219293.32379
20190319,70152235369.2381
20190320,70618508801.77231
20190321,71208656536.95811
20190322,70175421257.0859
20190323,70227188528.50433
20190324,70485598083.6817
20190325,70330401859.60312
20190326,69206266248.88437
20190327,69368692535.334
20190328,71134892682.49236
20190329,70961529493.34933
20190330,72303023146.20026
20190331,72305792937.3489
20190401,72310769858.13646
20190402,73066822741.99345
20190403,86200568432.5752
20190404,87673795383.52638
20190405,86482892583.41296
20190406,88332459637.7143
20190407,88955701285.46048
20190408,91102196906.19292
20190409,92817357385.16908
20190410,91255525157.87743
20190411,93646653914.38365
20190412,89079171479.86378
20190413,89668931907.92058
20190414,89473995793.9539
20190415,90952758268.0811
20190416,89148028192.09521
20190417,91835875597.91147
20190418,92156851198.58777
20190419,93215173176.98566
20190420,93210585886.91354
20190421,93900276128.91374
20190422,93759009855.06888
20190423,94990455842.8902
20190424,98039931169.25388
20190425,96218396013.24342
20190426,91817406863.89627
20190427,93049690718.15042
20190428,93148101239.95938
20190429,92775167509.00262
20190430,91885324029.79892
20190501,93534079555.95955
20190502,94579889910.03488
20190503,96389607751.50581
20190504,101175865117.03497
20190505,102653043813.21808
20190506,101764683178.68076
20190507,101101531131.03914
20190508,103982497546.43155
20190509,105271848239.8506
20190510,109284325643.20634
20190511,112684642518.92992
20190512,129323693413.35974
20190513,122826926577.3603
20190514,138089773338.27194
20190515,141341132028.998
20190516,144615566025.01224
20190517,139525363820.16046
20190518,130123159718.19748
20190519,129270047519.99455
20190520,144597541605.24557
20190521,141109768386.16797
20190522,141016653223.21735
20190523,135913068220.78972
20190524,139495233992.3291
20190525,141356836449.39377
20190526,142301375408.95212
20190527,152778982387.80127
20190528,156351517828.83902
20190529,154706420284.54605
20190530,153190671229.78632
20190531,147528939419.42154
20190601,152037344606.20877
20190602,151754429106.1446
20190603,155008799790.32507
20190604,145118113641.65356
20190605,136045887609.96283
20190606,138590833268.1022
20190607,138816674700.54028
20190608,142810130543.30536
20190609,140990840427.82074
20190610,136055336062.27316
20190611,141925422733.43433
20190612,140220553937.84616
20190613,144409895371.7695
20190614,145982200973.5864
20190615,154448670610.87314
20190616,156571955413.46933
20190617,159990740760.34872
20190618,165478791606.02725
20190619,161689176435.31613
20190620,164856060873.05832
20190621,169961289184.54773
20190622,179686819951.0701
20190623,190271555704.10333
20190624,193006026351.06372
20190625,196224565118.84543
20190626,209906767119.21564
20190627,231104555834.96542
20190628,198805331511.7231
20190629,219700496726.02618
20190630,213020899675.1298
20190701,193705059813.9276
20190702,189075622551.36316
20190703,191741802293.97986
20190704,213139916541.64767
20190705,199869428146.8407
20190706,195514947598.0145
20190707,200989208002.57162
20190708,203441013269.87305
20190709,217909027168.13293
20190710,223082925042.62775
20190711,216918064309.90915
20190712,202244103401.21423
20190713,210058300503.64526
20190714,202979011731.3034
20190715,183265698057.30487
20190716,195225460386.1362
20190717,170100385848.08353
20190718,172236725014.4112
20190719,189588944050.24216
20190720,187718958960.57816
20190721,190839615019.19455
20190722,189302289398.0001
20190723,184582963699.30176
20190724,177060329754.31393
20190725,175298806837.89883
20190726,176569486287.9306
20190727,175634298896.93475
20190728,168472890623.8368
20190729,170325673262.38525
20190730,169247002246.27844
20190731,170790961770.58182
20190801,179525433372.0441
20190802,185025579624.96027
20190803,187993708173.329
20190804,192658484290.18
20190805,195575205441.64883
20190806,210831100251.74985
20190807,204493918413.86813
20190808,213446022648.57455
20190809,214023992147.5213
20190810,211775940827.03262
20190811,202567916483.04468
20190812,206323428608.19785
20190813,203438784510.78018
20190814,194716791550.1683
20190815,178691691521.25024
20190816,183808182261.62988
20190817,184635409004.2465
20190818,182893178091.06567
20190819,184381498343.8289
20190820,194884121164.64297
20190821,192182485883.75177
20190822,181094936743.7679
20190823,181311699889.67206
20190824,187878412535.86255
20190825,181764456091.20227
20190826,180491202154.3331
20190827,184989701185.5528
20190828,181891056658.03235
20190829,174174790993.24042
20190830,169825879929.63724
20190831,171703455568.1713
20190901,172069023390.1022
20190902,174169160998.9338
20190903,184367332385.84335
20190904,190297653628.6036
20190905,189378108188.9303
20190906,189354988380.25543
20190907,185513074361.89188
20190908,187490153206.3296
20190909,186487925900.29575
20190910,185101736449.4789
20190911,181228983504.8709
20190912,182006412816.34204
20190913,186490286819.08597
20190914,185791118116.52597
20190915,185709926005.05557
20190916,184860740267.84445
20190917,184216635305.296
20190918,183148194810.27164
20190919,182304851001.81525
20190920,183793185092.94284
20190921,182621118150.38165
20190922,179541584400.57428
20190923,180261864537.87436
20190924,174073117682.94675
20190925,158225996381.2368
20190926,151968918856.4794
20190927,145450672156.79562
20190928,147034755881.78366
20190929,147518938470.12482
20190930,144886125387.55658
20191001,148699326425.13895
20191002,150346803070.61414
20191003,150093691781.89334
20191004,146959035399.77228
20191005,146603545122.07248
20191006,146326858013.4359
20191007,141846566055.1005
20191008,147113201630.43686
20191009,147101302074.693
20191010,154173400068.15204
20191011,153974523119.16272
20191012,148684409190.17136
20191013,149460560799.4891
20191014,149295847366.54712
20191015,150188449071.35995
20191016,147132917995.71127
20191017,144153894666.31094
20191018,145395122717.3465
20191019,143241128773.44717
20191020,143016860664.09183
20191021,147845092519.85434
20191022,147972317568.96027
20191023,144778678025.77008
20191024,134533554377.15782
20191025,133881191476.35277
20191026,155391555503.11636
20191027,166118326255.2487
20191028,171191596562.45987
20191029,166074573773.0519
20191030,169552821617.46747
20191031,165289440818.62827
20191101,165197797836.50772
20191102,166428932044.73645
20191103,167702162283.47888
20191104,166118344447.8207
20191105,169099256441.51648
20191106,167676477990.56866
20191107,168462131862.39618
20191108,166326340114.0134
20191109,158619022798.02048
20191110,159050488591.96796
20191111,162996713000.82236
20191112,157759659438.00317
20191113,158722325407.9381
20191114,158380664653.97025
20191115,156230551241.27246
20191116,152925645908.6678
20191117,153343011226.43033
20191118,153491320212.84177
20191119,148089631526.6356
20191120,146797393103.30997
20191121,146173851045.95633
20191122,137741605692.4732
20191123,131796120680.40385
20191124,132153647357.58482
20191125,126056411448.4486
20191126,128442554040.63123
20191127,129550686418.96344
20191128,135280930611.90535
20191129,134540136588.5858
20191130,139585890644.02713
20191201,136619988247.82372
20191202,133806709251.17145
20191203,132186853223.4845
20191204,131920184619.24728
20191205,130707605071.54597
20191206,133644089121.62451
20191207,135763797983.31136
20191208,135655571430.9959
20191209,135886870643.2531
20191210,133091781420.79082
20191211,130970047495.47795
20191212,130242932604.26935
20191213,130489545691.80917
20191214,131188243085.0565
20191215,128114177662.37697
20191216,128886696696.6067
20191217,124984942945.9272
20191218,119931733577.11955
20191219,131230049166.53404
20191220,129498636860.963
20191221,130122764301.36633
20191222,129342305760.32504
20191223,135086328271.26213
20191224,132931613272.25092
20191225,131358497318.59528
20191226,130643567866.79239
20191227,130768750218.36032
20191228,131349923253.42535
20191229,132567576727.86806
20191230,133997529973.30914
20191231,131377523457.07199
20200101,130394101535.60994
20200102,130422953817.668
20200103,126280790200.20206
20200104,132766262579.09486
20200105,133474716218.18333
20200106,133388991086.87987
20200107,140557168287.4443
20200108,147798610895.50055
20200109,146089575425.2795
20200110,141913856953.47913
20200111,146879934259.3087
20200112,145561586658.57422
20200113,148204228775.38776
20200114,147446058196.45944
20200115,159481192213.82108
20200116,159960761751.8495
20200117,158412991117.64667
20200118,161848747742.1508
20200119,161823609428.34625
20200120,157906057309.30655
20200121,156848009983.54858
20200122,158564958350.98007
20200123,157502652064.02246
20200124,152984928858.5764
20200125,153294353936.51035
20200126,151794495723.25214
20200127,156302144661.30927
20200128,161473602737.4275
20200129,169518428144.8912
20200130,168738228801.50467
20200131,172993102966.37723
20200201,169340144566.23718
20200202,170361167834.16483
20200203,169926610304.08496
20200204,169406963182.6937
20200205,167075369075.11478
20200206,174596806174.2994
20200207,177388314197.5645
20200208,178414902529.15167
20200209,180081607384.42255
20200210,184792100015.16357
20200211,180145850760.05313
20200212,186262984851.99295
20200213,188132988212.86746
20200214,186190344916.03287
20200215,187680301470.73926
20200216,180265718400.57037
20200217,181221481668.7407
20200218,176547652266.39673
20200219,184918071499.10074
20200220,175312937106.92148
20200221,174871048291.16623
20200222,176701844101.55685
20200223,176097270350.4831
20200224,181368043820.09412
20200225,175872097740.40662
20200226,170478976467.6238
20200227,160731785487.8149
20200228,160149975301.41962
20200229,159030381910.26715
20200301,156047250857.11172
20200302,155934421965.2728
20200303,162521881368.8758
20200304,159816567727.14258
20200305,159869936941.09732
20200306,165070261612.788
20200307,166791067805.42844
20200308,162543409238.00458
20200309,147076617271.6885
20200310,144664117909.4077
20200311,144410718987.88852
20200312,144948460093.29614
20200313,93092131086.97026
20200314,101262945297.35811
20200315,95216478864.65564
20200316,98632587514.00247
20200317,91962797384.28253
20200318,98079756006.79294
20200319,98259998309.05324
20200320,112778383593.49141
20200321,113030383272.51407
20200322,112349835902.32983
20200323,107128564670.89128
20200324,118046727572.5451
20200325,123064256188.85924
20200326,122445336599.19923
20200327,123732739823.4625
20200328,117019679177.81361
20200329,114171796491.49913
20200330,108551603303.50957
20200331,117151628726.53436
20200401,117750205634.39989
20200402,120921617010.34784
20200403,124719708453.63535
20200404,123234164427.70816
20200405,125564427826.17566
20200406,124272363451.93964
20200407,133484854333.44951
20200408,131782164465.85344
20200409,134518720640.0234
20200410,133598651281.71776
20200411,125740858699.27551
20200412,125980543742.36499
20200413,126655463658.31227
20200414,125651103790.21225
20200415,125713883015.64563
20200416,121499498109.80829
20200417,129402884477.95892
20200418,128961704237.38853
20200419,132775323305.43571
20200420,130680700686.31035
20200421,125724610427.89977
20200422,125473149029.1152
20200423,130398643209.39326
20200424,135414822709.73111
20200425,137493716065.4006
20200426,138298135122.85803
20200427,140977260141.33173
20200428,142649802462.8293
20200429,142370212777.1421
20200430,160483573440.17792
20200501,158042623264.3916
20200502,161989355178.82224
20200503,164603123455.99927
20200504,163036842346.68604
20200505,162341412439.88123
20200506,165335617639.04947
20200507,167950864937.1468
20200508,182927847431.44946
20200509,180421762956.3486
20200510,175752574354.63544
20200511,160814678353.7077
20200512,158113540964.46692
20200513,161474125336.405
20200514,170593350055.82486
20200515,179398095871.3398
20200516,170983863891.47488
20200517,172309401206.74423
20200518,177224284369.1316
20200519,178446153576.46417
20200520,179127815802.66245
20200521,175227227252.9058
20200522,166569335290.8396
20200523,168309812992.5134
20200524,168614573110.75775
20200525,161407638875.36517
20200526,163333743988.58344
20200527,162547226896.53772
20200528,168615778509.82266
20200529,175534414971.32306
20200530,173355014878.4796
20200531,177978616382.68933
20200601,174105710752.04755
20200602,186932702065.96875
20200603,175463166971.51956
20200604,177416480472.83005
20200605,179830985954.85498
20200606,177373937377.29663
20200607,177901732349.93213
20200608,179167717944.46164
20200609,179810911053.20026
20200610,179709840753.7975
20200611,181705166673.57462
20200612,171615707160.27472
20200613,174266571295.67957
20200614,174275005803.05463
20200615,172116372679.33923
20200616,173598215783.88248
20200617,175075304218.30185
20200618,174231189757.1904
20200619,173034439845.62103
20200620,171101646024.0128
20200621,172323213442.3655
20200622,171192409474.1401
20200623,178128652479.62244
20200624,177187041226.59833
20200625,171028279701.5032
20200626,170495281892.45944
20200627,168807143703.19455
20200628,166004979429.79742
20200629,168334049772.4726
20200630,169175896894.16483
20200701,168558715595.07886
20200702,170031996602.76715
20200703,167604994105.34857
20200704,167116284671.21997
20200705,168258822207.29507
20200706,167429736492.90482
20200707,172136257752.3712
20200708,170510411872.0138
20200709,173809293389.63837
20200710,170198606143.6283
20200711,171104767641.88345
20200712,170191069703.26535
20200713,171364106456.32056
20200714,170370727819.23874
20200715,170451532161.73575
20200716,169758848797.9732
20200717,168496782960.8989
20200718,168760444137.05035
20200719,169031588403.36658
20200720,169692625141.8043
20200721,168936986921.46805
20200722,173036757675.6725
20200723,175370017196.6754
20200724,176821599773.56787
20200725,175865705417.72916
20200726,178740874539.49573
20200727,183064851468.00018
20200728,202191797991.40768
20200729,201144184191.06567
20200730,204969785090.6761
20200731,205200775318.21756
20200801,208933774575.1489
20200802,217741425308.62857
20200803,204126077224.646
20200804,207218525401.74573
20200805,206583502227.55646
20200806,216249264843.70206
20200807,217128467890.10898
20200808,213579066889.25037
20200809,216526346494.08014
20200810,215621627427.59085
20200811,218920276229.41245
20200812,210825577055.42203
20200813,213770877597.90494
20200814,217185020504.78033
20200815,216916952670.3025
20200816,219049736823.3334
20200817,219750735622.69547
20200818,226536103501.8635
20200819,220980135332.21396
20200820,216660276172.5052
20200821,219044968220.88754
20200822,212896669545.7498
20200823,215641597239.98148
20200824,215347356765.4613
20200825,217410678530.35837
20200826,209658632328.37
20200827,211778947737.22385
20200828,208747591910.15524
20200829,212799723684.94672
20200830,212114842611.5429
20200831,216179629567.18042
20200901,215921598551.33038
20200902,221315690777.34525
20200903,210746091569.71368
20200904,188438095255.46017
20200905,194040447575.93134
20200906,188092098308.3525
20200907,189621410257.03525
20200908,191501904758.68698
20200909,186825391248.7263
20200910,188757938083.84296
20200911,191180566587.0585
20200912,192111562749.9339
20200913,192997988416.4807
20200914,190922719938.2308
20200915,197010021430.2403
20200916,199044338127.62628
20200917,202524001250.4926
20200918,202358479464.18542
20200919,202091264904.96927
20200920,204994315602.9869
20200921,202032519471.26855
20200922,193677795064.08533
20200923,194731087415.28983
20200924,189120580778.46335
20200925,198514026300.17914
20200926,197616950282.06653
20200927,198687083452.04324
20200928,199236216251.43555
20200929,197720212770.89465
20200930,200532996047.58585
20201001,199310441688.83572
20201002,196617081790.5188
20201003,195660035179.73257
20201004,195188285650.34625
20201005,197494664453.7935
20201006,199530129891.0881
20201007,196314284797.01337
20201008,197575523784.584
20201009,201518932273.67853
20201010,204809205392.17957
20201011,209268690952.5854
20201012,210799352797.1382
20201013,213726225963.20517
20201014,211576163357.66504
20201015,211756280001.1405
20201016,212878404236.874
20201017,209993205751.02322
20201018,210421523306.69058
20201019,212752326976.49207
20201020,217391050812.65872
20201021,220404884318.97812
20201022,236717318526.15692
20201023,240257678153.83536
20201024,239590543523.72256
20201025,242785151288.07916
20201026,241326618198.73062
20201027,242141178089.60794
20201028,253004886697.36078
20201029,245661872194.44214
20201030,249545455596.3296
20201031,250845436637.92026
20201101,255329261020.6163
20201102,254260250527.50497
20201103,251266177558.48047
20201104,259277183164.55063
20201105,261103557610.74826
20201106,288118007577.42645
20201107,288563189165.38806
20201108,274687727889.983
20201109,287116472704.3936
20201110,284292217075.7686
20201111,283242342238.5137
20201112,291215273242.1888
20201113,301529322417.4614
20201114,302672502422.09
20201115,298290647831.24426
20201116,296277008765.18964
20201117,309857769717.0289
20201118,327448838765.29767
20201119,330792375072.03064
20201120,330526082018.5286
20201121,345552251091.15924
20201122,346623937352.1668
20201123,342078349285.0962
20201124,340635146714.39825
20201125,354209935573.8031
20201126,348158099247.1633
20201127,317999016791.45123
20201128,318057301370.37897
20201129,328812520405.74207
20201130,336495192223.0139
20201201,363927715778.6875
20201202,349587593227.14185
20201203,356517705143.29443
20201204,360661550057.2975
20201205,347850442856.6359
20201206,355244908734.6481
20201207,358762118305.1145
20201208,356587934226.10187
20201209,340435142947.90857
20201210,344693077429.9694
20201211,339714540194.3479
20201212,335310805699.2893
20201213,349235537025.78625
20201214,355642790361.31714
20201215,357681110300.36426
20201216,360542942204.959
20201217,396179736655.63983
20201218,423587689809.2768
20201219,429459534590.4159
20201220,443289431125.4617
20201221,436893169132.7113
20201222,424329939581.7774
20201223,441752551013.19135
20201224,433051601800.69293
20201225,441614502954.16315
20201226,458416319552.32434
20201227,491978602969.93176
20201228,493427450341.26013
20201229,503712223153.6673
20201230,509680257177.0481
20201231,535967306917.84125
20210101,539438036435.6701
20210102,545593282215.2498
20210103,597887713053.5825
20210104,613616917625.6967
20210105,585726270248.7891
20210106,633651671519.3958
20210107,682743683563.0741
20210108,735339707368.3339
20210109,758971014787.3597
20210110,749347201462.6359
20210111,714078952009.0243
20210112,663380898829.0051
20210113,629751630408.4126
20210114,696668634091.3435
20210115,729751433670.0881
20210116,684304915288.2261
20210117,674660879866.02
20210118,672291934493.4396
20210119,682647247200.097
20210120,671734819189.1033
20210121,662434464441.264
20210122,575205510268.1292
20210123,613271077002.4795
20210124,596744391345.3533
20210125,600595408892.1986
20210126,602517850752.0305
20210127,606573549809.8268
20210128,566661443732.4073
20210129,616625386428.2396
20210130,635688668063.594
20210131,636624676861.2642
20210201,615013848827.3505
20210202,621908231690.1377
20210203,660664104637.4851
20210204,695794870715.5251
20210205,686453802173.3838
20210206,706320162928.6615
20210207,732453192636.7231
20210208,723434796637.7434
20210209,862413737410.9171
20210210,867164581003.3563
20210211,839561451461.0575
20210212,890629045243.5952
20210213,880620921496.0787
20210214,874425017687.0778
20210215,905515462576.995
20210216,892345220938.2782
20210217,917339726314.6964
20210218,971516568847.578
20210219,963911356673.4604
20210220,1044189900351.5892
20210221,1050555931433.1447
20210222,1075380337357.9143
20210223,1012091985973.4642
20210224,904133801444.5278
20210225,929081504353.552
20210226,875883932252.4404
20210227,869070614247.8623
20210228,869649724200.5775
20210301,838307614585.1935
20210302,928146793676.4287
20210303,905413239164.9064
20210304,942969910364.1804
20210305,908517236707.5374
20210306,911379300053.3455
20210307,916504852500.393
20210308,955040794770.1399
20210309,974195000547.444
20210310,1018978819157.4177
20210311,1044805904677.5541
20210312,1077836070933.286
20210313,1069776383193.8628
20210314,1145191373521.5942
20210315,1111684638819.0723
20210316,1049197142851.5631
20210317,1060221966894.7418
20210318,1101028543248.462
20210319,1081065767945.8683
20210320,1086741150606.8165
20210321,1090022321077.5006
20210322,1074356788297.177
20210323,1020641820438.662
20210324,1017637245492.0177
20210325,982797427007.2565
20210326,959155260366.7408
20210327,1027209990794.8939
20210328,1042184275332.6417
20210329,1039333584621.1438
20210330,1075942162536.995
20210331,1095293012032.8433
20210401,1098127310946.8978
20210402,1098583823874.2307
20210403,1103133931136.5508
20210404,1067101827372.9529
20210405,1087344280109.6896
20210406,1096202611389.9541
20210407,1084341670320.8142
20210408,1050759681844.6099
20210409,1083362883828.1199
20210410,1085794662404.731
20210411,1116221525334.3267
20210412,1120606689450.4702
20210413,1118532902101.5269
20210414,1187737045885.1743
20210415,1173412921929.8884
20210416,1179561609816.9358
20210417,1149602869702.2644
20210418,1125592412523.221
20210419,1053618163309.5769
20210420,1043148020633.034
20210421,1055145534127.332
20210422,1012699264345.6595
20210423,971174701492.849
20210424,956744203682.2198
20210425,937014999515.3855
20210426,915533819859.1393
20210427,1008389773189.793
20210428,1027617870421.6592
20210429,1024625833392.2412
20210430,1001973605935.3958
20210501,1082721727348.0433
20210502,1080897634123.2937
20210503,1057850321948.5465
20210504,1069571255195.5189
20210505,999775008412.3738
20210506,1070969079353.5304
20210507,1056801053574.5111
20210508,1072831991777.4056
20210509,1099271802311.4957
20210510,1088903483393.3053
20210511,1045714370754.1615
20210512,1064993057463.8884
20210513,935512493150.826
20210514,934964766185.9642
20210515,935962705739.4398
20210516,875321252276.1078
20210517,871695620615.745
20210518,819256623328.7307
20210519,800545278567.6873
20210520,697785056487.6051
20210521,759679496751.2783
20210522,698762712553.7339
20210523,702143968883.5249
20210524,654558962027.5841
20210525,723143072419.7241
20210526,715248689989.8947
20210527,737668726732.3829
20210528,723137484747.1467
20210529,668521654364.6696
20210530,654239808356.6592
20210531,668664301773.5417
20210601,699138611681.2975
20210602,688726381047.1788
20210603,704531333543.3906
20210604,733150718114.4554
20210605,691747462828.3618
20210606,662913486273.3402
20210607,671131079523.7289
20210608,626527049947.8439
20210609,629018966290.4011
20210610,705292677171.4633
20210611,691681868464.4717
20210612,698528023663.5321
20210613,668148892256.3638
20210614,733402631079.1185
20210615,761104314502.2867
20210616,756522207420.3483
20210617,718016373177.285
20210618,715652442155.1261
20210619,673761687974.4922
20210620,666901325910.3705
20210621,670634370556.6146
20210622,598335733135.868
20210623,606580031922.7239
20210624,631634847766.2311
20210625,650340461975.8141
20210626,598703019611.4526
20210627,600235334320.8247
20210628,649262127990.3759
20210629,647741224116.9337
20210630,674231340724.4149
20210701,660200427590.4775
20210702,629863895571.7473
20210703,633684390025.5607
20210704,650382046624.6503
20210705,663571591568.1959
20210706,636061920914.8282
20210707,640405812761.686
20210708,636246944189.2604
20210709,617861633771.9894
20210710,637000370375.4657
20210711,632185737683.1548
20210712,643335853171.1349
20210713,623350567666.981
20210714,613002045101.37
20210715,616691143979.958
20210716,595342431373.8641
20210717,588495008675.5178
20210718,592581931071.2119
20210719,597872278369.1111
20210720,580252472382.7122
20210721,561743228116.5483
20210722,605357009416.7555
20210723,607621607805.3499
20210724,627747173675.4332
20210725,642012590040.6406
20210726,664681184168.7764
20210727,701921012034.6644
20210728,732311951673.3547
20210729,751371299910.5153
20210730,750407963580.4731
20210731,786531956383.648
20210801,784039345926.1898
20210802,747403845431.8284
20210803,737440183775.5553
20210804,720835141114.3336
20210805,747085951935.0547
20210806,768416417393.5968
20210807,803853127161.2805
20210808,838457486987.6113
20210809,821704814136.0109
20210810,861862844505.6104
20210811,854344953098.7552
20210812,857660568377.3856
20210813,836054770491.896
20210814,895084141168.7996
20210815,886593539912.8141
20210816,882888202377.7089
20210817,866391335029.3693
20210818,836777066605.9799
20210819,847143004614.999
20210820,867650725472.864
20210821,923013359587.4719
20210822,920750216465.3846
20210823,925630106451.4792
20210824,930729196214.2946
20210825,902489541307.5308
20210826,921328247353.5629
20210827,887832142450.1957
20210828,922969799298.9401
20210829,920017911098.7555
20210830,919515378468.8468
20210831,885729258052.6316
20210901,890014982634.8986
20210902,918058330851.4829
20210903,927323146557.2119
20210904,937295558515.289
20210905,940538655659.8085
20210906,971284117138.44
20210907,992868819862.2306
20210908,881943904968.6511
20210909,866885887154.3109
20210910,876179332243.7437
20210911,842222636395.4677
20210912,849828231595.6722
20210913,869122611514.091
20210914,848992511473.5618
20210915,886524004596.6061
20210916,906727769791.0696
20210917,900990520811.9348
20210918,892585184977.8329
20210919,907957032341.1344
20210920,891560241243.0585
20210921,805826302811.3501
20210922,760802031650.6051
20210923,820460824050.9529
20210924,846615719473.8734
20210925,809772498812.6799
20210926,808279417023.3408
20210927,825341135635.7169
20210928,794889951096.439
20210929,775534111089.4891
20210930,782626384092.2843
20211001,827840965059.6127
20211002,906929641888.8245
20211003,900582483713.1118
20211004,910331395887.4816
20211005,927812140868.0522
20211006,973040988102.9114
20211007,1044675252844.3663
20211008,1015246512238.866
20211009,1016650501581.1074
20211010,1038524699061.4408
20211011,1030788036761.6326
20211012,1084736227837.6608
20211013,1061829863954.1321
20211014,1083366079898.5513
20211015,1082900149762.5826
20211016,1164782155730.3254
20211017,1153847028824.7434
20211018,1160650121141.9934
20211019,1173944883529.633
20211020,1217582580302.557
20211021,1250376460615.7495
20211022,1178926819140.8179
20211023,1151508584004.7793
20211024,1161166467847.4336
20211025,1153315262663.0586
20211026,1192131994832.5864
20211027,1143497865064.6724
20211028,1105754837660.925
20211029,1145912030969.1882
20211030,1178047465292.3657
20211031,1166423768409.5984
20211101,1159841954948.4832
20211102,1152831210803.7048
20211103,1186951581189.4705
20211104,1187048124213.9268
20211105,1157101738112.7314
20211106,1154530569293.3604
20211107,1162489871875.4807
20211108,1191631271447.797
20211109,1278797895528.3608
20211110,1268116896159.246
20211111,1221681091090.6301
20211112,1228606858156.6921
20211113,1215930166022.9006
20211114,1220299721850.586
20211115,1239021452560.904
20211116,1206711952537.9358
20211117,1141910823555.9597
20211118,1138136620641.4888
20211119,1075758915731.0365
20211120,1103594176399.3167
20211121,1134300362589.2896
20211122,1120610791475.7502
20211123,1064619437494.1869
20211124,1090380950871.23
20211125,1080039673037.4923
20211126,1112182356756.767
20211127,1016487054819.7161
20211128,1030781591912.8181
20211129,1080980050980.763
20211130,1092574224475.6908
20211201,1076804436724.3245
20211202,1079838995016.5873
20211203,1067406204922.5636
20211204,1016040747069.7008
20211205,930097457941.656
20211206,932015145132.0604
20211207,953396710269.5476
20211208,956961313925.818
20211209,954800139986.473
20211210,904878061656.8508
20211211,893919955029.865
20211212,930603779263.9766
20211213,945932497231.4797
20211214,882570058436.5184
20211215,915015634616.989
20211216,925006387197.2257
20211217,901558072618.6224
20211218,875783175210.4042
20211219,887944269264.0427
20211220,884905649263.6449
20211221,890808857615.3627
20211222,929203956014.2224
20211223,921888029984.8673
20211224,960809259355.0854
20211225,962312381228.0947
20211226,958099737762.7762
20211227,961723851972.3851
20211228,960280703699.8921
20211229,902655839568.4547
20211230,874314106559.5542
20211231,892648631305.5416
20220101,876192941903.0961
20220102,904551946917.3206
20220103,897536090320.9355
20220104,880330191985.1965
20220105,876242689666.1957
20220106,827723202715.1049
20220107,819522879407.0583
20220108,787735561341.1113
20220109,792892599975.9554
20220110,791648558214.5575
20220111,792407724467.5966
20220112,809621515508.4065
20220113,832460077955.3481
20220114,806510860231.8285
20220115,816129314317.4397
20220116,816800318526.6782
20220117,816325578941.135
20220118,800822650383.9624
20220119,803962100417.9756
20220120,790507925308.7825
20220121,774235809673.4731
20220122,692855029162.9379
20220123,666220701468.4846
20220124,687575973800.0704
20220125,696465421899.37
20220126,700571452648.8236
20220127,700165819656.2855
20220128,702311456032.8538
20220129,717026944842.8334
20220130,722829009646.1814
20220131,719570142321.8397
20220201,727905398095.9747
20220202,736102274236.6057
20220203,700645616423.8325
20220204,703003347951.7092
20220205,777355085535.6107
20220206,786295053042.2418
20220207,804942041477.0581
20220208,833392518214.8341
20220209,837406846076.2306
20220210,841339973338.8694
20220211,826942197610.3904
20220212,803706779791.898
20220213,799547462142.6093
20220214,802059713029.3901
20220215,808280617642.0496
20220216,848321283143.9929
20220217,836256083783.791
20220218,770096677778.6456
20220219,759881874201.3011
20220220,761447243939.9269
20220221,730381814665.4404
20220222,703004241590.1829
20220223,727094284067.6588
20220224,708829287814.1068
20220225,727657714638.0917
20220226,745763194704.1796
20220227,741083625917.93
20220228,717619764688.0872
20220301,819019441071.749
20220302,841254375272.0455
20220303,834437956671.6672
20220304,807454920681.7217
20220305,743810477766.2219
20220306,748197160856.1006
20220307,729501899968.2964
20220308,723198804467.6718
20220309,735453953725.9198
20220310,796849504897.2562
20220311,749384110700.1091
20220312,738267961692.6816
20220313,738456528057.6692
20220314,718551088031.3688
20220315,751354026218.9767
20220316,747642430663.595
20220317,779761001844.4108
20220318,778474325709.8895
20220319,794378970588.3145
20220320,800887993391.0255
20220321,784054464871.6631
20220322,779205413378.8728
20220323,803937099701.4115
20220324,810894331277.664
20220325,834251096724.507
20220326,842031938721.7855
20220327,845235093872.7649
20220328,887283025181.1342
20220329,892747620147.7012
20220330,901430001888.9999
20220331,895356010540.8462
20220401,865010142444.9791
20220402,879144224206.3806
20220403,871050305858.7916
20220404,882346640419.069
20220405,885584977681.2438
20220406,867247321783.443
20220407,820983263462.4961
20220408,827032889944.6309
20220409,804272478980.6077
20220410,812734148492.5116
20220411,803574629064.9272
20220412,752680814425.1921
20220413,764314681923.3135
20220414,783560801481.9719
20220415,759703443634.6515
20220416,771666602547.5923
20220417,770439827829.2395
20220418,755627152747.4514
20220419,776463403746.4385
20220420,789141783336.2104
20220421,787437397453.9304
20220422,770787243369.5001
20220423,756144456297.8489
20220424,752414150959.3553
20220425,752446283899.8965
20220426,770112436973.4149
20220427,725434540422.046
20220428,746473028158.29
20220429,756090806420.8264
20220430,735829877665.6912
20220501,719611115951.2947
20220502,733294957352.5364
20220503,733787526677.6703
20220504,718542028695.8999
20220505,755764276888.7715
20220506,696020943881.887
<<<<<<< HEAD
20220507,687093350325.4445
20220508,678702448510.6605
20220509,648514321641.9902
20220509,628882069384.8964
=======
20220506,685449772357.9441
>>>>>>> parent of a9424e3... Delete output/alternative/coingecko/marketcap directory
