20160210,0
20160211,0
20160212,0
20160213,102323.99343212388
20160214,108170.02061846737
20160215,109468.93583274717
20160216,136307.4784352205
20160217,146132.74329566953
20160218,133049.31226749922
20160219,133254.91337904305
20160220,145536.1696160792
20160221,153696.70861809285
20160222,1663181.842833486
20160223,1826698.5548393752
20160224,2557041.200964727
20160225,2195754.9724324117
20160226,2276141.6405963064
20160227,2119415.1253733463
20160228,2207699.2093097926
20160229,2068886.5708935016
20160301,1550481.64911671
20160302,1790510.8747169585
20160303,1761042.9085798264
20160304,1791891.3290687546
20160305,1690711.4815980894
20160306,2127376.85252629
20160307,2278717.5311144413
20160308,2431259.1482437314
20160309,2648317.2474924256
20160310,2602940.2222683234
20160311,2618501.674021041
20160312,2513090.923614454
20160313,2630594.6680525844
20160314,2681416.509777855
20160315,2935347.4900946454
20160316,2911250.594442602
20160317,2853979.6505919322
20160318,2754196.207813741
20160319,2713021.198585277
20160320,2544966.5842580344
20160321,2605757.8266457925
20160322,2474176.637849228
20160323,2377249.1777171344
20160324,2255658.7110008174
20160325,2471674.124230243
20160326,2642488.8435653057
20160327,2592224.1920320527
20160328,2538884.8370630383
20160329,2554014.9249970275
20160330,2700040.246698499
20160331,2484620.2921285285
20160401,2451053.0506572835
20160402,2582001.8690000586
20160403,2427057.3237292175
20160404,2473196.5773645006
20160405,2372819.113038091
20160406,2347280.955200686
20160407,2281767.8993506157
20160408,2320305.651312119
20160409,2132538.873024002
20160410,1991717.1301276952
20160411,1992332.8370733976
20160412,2230395.670004613
20160413,2159688.049984277
20160414,2081372.164326576
20160415,1939126.4101355933
20160416,1922175.3206951297
20160417,1898327.001975982
20160418,2397864.8427586034
20160419,2167216.4100134703
20160420,2206671.7148408764
20160421,2247973.256848199
20160422,2276292.3386118608
20160423,2311631.5467309686
20160424,2337427.1781609077
20160425,2291384.182870537
20160426,2272309.0168727757
20160427,2207481.399894751
20160428,2272984.96495474
20160429,2313337.6824071323
20160430,2393917.480283667
20160501,2363332.01204888
20160502,2326340.614583024
20160503,2372027.6022036597
20160504,2347829.361546811
20160505,2379285.49857846
20160506,2404682.54077835
20160507,2502053.7596472697
20160508,2369084.4870731314
20160509,2327821.582998171
20160510,2256664.062233267
20160511,2212470.9542718376
20160512,2088634.7240865459
20160513,2081269.300823082
20160514,2167319.5328040477
20160515,2198729.8360503493
20160516,3318553.1355701964
20160517,2891305.372838521
20160518,2646486.2222003853
20160519,2626056.573278322
20160520,2458227.66795953
20160521,2591033.975001884
20160522,2467969.5338234217
20160523,2606703.553186643
20160524,2486275.5013783327
20160525,2407746.4029441033
20160526,2344349.884779872
20160527,2344192.966437681
20160528,2761207.819675644
20160529,2560915.6710655554
20160530,2620098.3426698167
20160531,2690756.6086665248
20160601,3202929.9892948098
20160602,3170628.80908988
20160603,3128351.150058697
20160604,3172774.4156039134
20160605,2980810.277674463
20160606,3028284.6985388314
20160607,3107578.5708388085
20160608,3060412.12069732
20160609,3085720.641673089
20160610,3081775.145184853
20160611,3122076.118237043
20160612,3020479.963037745
20160613,3159416.5367237814
20160614,3133487.063698428
20160615,3247862.7770055127
20160616,3794474.5815840177
20160617,3307357.203274073
20160618,3671161.095135662
20160619,3841979.2956299344
20160620,3870029.9688153747
20160621,3293314.087266332
20160622,3136820.462115181
20160623,3180661.4913608823
20160624,3304550.7208393505
20160625,3266201.9546978744
20160626,3080817.291928853
20160627,3830848.3807856697
20160628,3853431.7817433584
20160629,4054856.318158217
20160630,4287815.032594297
20160701,4023997.942962947
20160702,4069586.595839973
20160703,4052974.226824569
20160704,4039727.8250226444
20160705,3996131.163074963
20160706,3924461.494233047
20160707,3472697.289470342
20160708,3810315.283297891
20160709,3468775.2826436535
20160710,3647910.012877334
20160711,3602149.346949255
20160712,3601725.5103914896
20160713,3629345.102357991
20160714,3656754.920732337
20160715,3707921.365690707
20160716,3694634.905504093
20160717,3900212.1179885017
20160718,3873970.0646905433
20160719,3901781.471859214
20160720,3816291.577949999
20160721,3803785.7622299613
20160722,3781719.3765925546
20160723,3822429.847541711
20160724,3749206.61236964
20160725,4000178.817193503
20160726,3811620.2324446044
20160727,3814023.515825153
20160728,3844713.107278963
20160729,3828917.5708111804
20160730,3894167.104619286
20160731,4198034.997132438
20160801,3853781.4352072524
20160802,3208210.952208949
20160803,3601205.9080972075
20160804,3754223.6450656834
20160805,3738659.3828518055
20160806,3814588.9610377797
20160807,3605734.754234005
20160808,3616276.570944146
20160809,3748922.29176358
20160810,3700813.3209754257
20160811,3718054.041594607
20160812,3726086.6825109436
20160813,4214535.461184285
20160814,3908035.8962316187
20160815,3807993.910419341
20160816,3838545.7420508396
20160817,3864533.882317208
20160818,3859863.9354830636
20160819,3860483.8041193495
20160820,3800096.898920666
20160821,3799400.980460762
20160822,3750389.428754562
20160823,3633680.3788965377
20160824,3753019.7635390246
20160825,3739444.3420337965
20160826,3726547.267892613
20160827,3669579.811848865
20160828,3761546.1297366903
20160829,3723490.4998192475
20160830,3710205.4092337857
20160831,3623161.5085777603
20160901,3690408.99886088
20160902,3634674.0888623935
20160903,3797991.7289071516
20160904,3824505.8646096876
20160905,3897478.8306642785
20160906,3892274.7458731094
20160907,3879548.558294262
20160908,3945971.894564858
20160909,3994486.411150754
20160910,3976091.039983511
20160911,3899926.0718887923
20160912,3764965.580472298
20160913,3840160.157098145
20160914,3885209.7356856074
20160915,3788673.2035135687
20160916,3833664.322729068
20160917,3724951.175497573
20160918,3451619.6001678244
20160919,3325364.7602812303
20160920,3502893.3936985848
20160921,3154468.5459206626
20160922,3244739.7467631134
20160923,3227594.582936041
20160924,3332073.471473719
20160925,3267950.5622376488
20160926,3119052.9419517615
20160927,2947048.9747031014
20160928,2881135.4515154976
20160929,2837531.770690918
20160930,2691504.818639109
20161001,2814476.4825132424
20161002,2719030.4390658396
20161003,3042403.9595659487
20161004,2836215.531254095
20161005,3007055.155655859
20161006,3025917.2840388725
20161007,3065900.4679664928
20161008,2860446.0399776287
20161009,2886817.126840154
20161010,2786065.1720042457
20161011,2783498.7926155995
20161012,2710086.4839403103
20161013,2726003.428738696
20161014,2774683.513622048
20161015,2702170.0371248936
20161016,2609718.7808522927
20161017,2759145.5488988142
20161018,2560463.776218934
20161019,2518682.926013731
20161020,2596052.142289924
20161021,2584425.245518593
20161022,2645820.4441349376
20161023,2635542.3063600976
20161024,2572515.6160027836
20161025,2538601.559721166
20161026,2520396.3901040945
20161027,2507765.072405192
20161028,2527084.050742339
20161029,2320206.4505856237
20161030,2295974.552519376
20161031,2065527.7950275198
20161101,2066706.8597851712
20161102,2179577.7593153794
20161103,1982106.5460743993
20161104,2003696.6020212956
20161105,1942556.8372095723
20161106,1915271.5749001862
20161107,1948838.800214362
20161108,1913773.1750380143
20161109,2293454.4156435975
20161110,2230276.209967901
20161111,1993265.2103574951
20161112,2015369.9814365082
20161113,2071858.9025908264
20161114,2016539.4425445204
20161115,2181364.5220095343
20161116,2281852.947254337
20161117,2267864.2838513665
20161118,2303530.8009173544
20161119,2398040.5248067263
20161120,2220913.462042247
20161121,2243406.4640590544
20161122,2150185.465889091
20161123,2100944.7089915313
20161124,1975104.3143146643
20161125,1976642.5052138388
20161126,1923627.3416587827
20161127,1863351.018755552
20161128,1893398.0648094662
20161129,1918406.5922919705
20161130,1925065.0721068059
20161201,1959431.0317271813
20161202,1961528.46147227
20161203,1815088.847885728
20161204,1830186.2059043152
20161205,1728752.5261331385
20161206,1607519.9791354276
20161207,1585038.3903744752
20161208,1610420.0705683872
20161209,1693156.2151170163
20161210,1740972.54528171
20161211,1676670.7261546087
20161212,1807883.0972381283
20161213,1852152.369893064
20161214,1786661.0273518886
20161215,1761500.8434507127
20161216,1769890.9408015367
20161217,1826481.2662644559
20161218,1699068.6550365405
20161219,1669807.4248266465
20161220,1698863.255836172
20161221,1658885.226121885
20161222,1563263.9666401185
20161223,1601010.5360833718
20161224,1557734.6243597716
20161225,1502645.1249156694
20161226,1482230.3047808013
20161227,1504286.0264154456
20161228,1780261.0500432865
20161229,1677728.5028000085
20161230,1663125.476983173
20161231,1655124.5348855327
20170101,1708595.333355751
20170102,1662574.1626974922
20170103,1599408.37863939
20170104,2193551.351934024
20170105,1902375.2231408048
20170106,1866729.767057528
20170107,2442240.0981891733
20170108,2934868.362398767
20170109,2842563.703345936
20170110,2482826.859578416
20170111,2493430.3808161565
20170112,2796775.8528541285
20170113,3646488.869554321
20170114,3729040.9353423496
20170115,3527022.021302493
20170116,3326452.481499727
20170117,3176777.7782254242
20170118,3106587.3627309976
20170119,3799546.334146605
20170120,3232955.0096380385
20170121,3348929.0102542336
20170122,3398067.4204198774
20170123,3573836.8445824124
20170124,3475666.7639327487
20170125,3512844.636981232
20170126,5677024.971082013
20170127,5030611.290127014
20170128,5617647.065998151
20170129,7139508.761062966
20170130,6976200.207505581
20170131,8258112.343366042
20170201,9297282.466226516
20170202,9632143.465719022
20170203,9706273.55328171
20170204,12236935.698103841
20170205,11337408.20947455
20170206,9697133.724614246
20170207,8979433.87611926
20170208,9711998.435809797
20170209,10122014.313681418
20170210,9662759.617791036
20170211,9556690.14965106
20170212,9088439.070681354
20170213,9820073.002583299
20170214,9158484.829038797
20170215,9433105.854749508
20170216,8474217.203971926
20170217,8121155.220923316
20170218,7167508.688366395
20170219,7752307.587411758
20170220,7324554.0578612685
20170221,6843801.386837434
20170222,8216444.988126952
20170223,8155861.950093894
20170224,8965216.929302908
20170225,9037184.28827184
20170226,9460913.357646639
20170227,9304249.835369028
20170228,8564715.523674186
20170301,7975746.050857465
20170302,8180066.055199331
20170303,8218793.604284496
20170304,8557209.521388708
20170305,8292020.953072725
20170306,9138611.192137247
20170307,12618398.613304576
20170308,11099649.221949602
20170309,12357638.12804439
20170310,12277144.500781974
20170311,13351500.511849431
20170312,19572726.235640876
20170313,20089962.42698798
20170314,19005085.472666208
20170315,21918126.921226654
20170316,21746323.87319216
20170317,19096877.72072712
20170318,23674385.560614116
20170319,24936637.249028392
20170320,24171668.460972495
20170321,23589079.510457322
20170322,23892132.64003661
20170323,30905180.33988672
20170324,29330475.545531604
20170325,39425404.72602824
20170326,56024130.101848796
20170327,42780074.91885552
20170328,54923794.01882125
20170329,50452124.66710023
20170330,56712873.55000328
20170331,58568212.858648375
20170401,58797304.270618975
20170402,None
20170403,50166789.69042984
20170404,48177524.16248585
20170405,47042383.704315506
20170406,45173380.29102575
20170407,41714812.81338601
20170408,51197996.40146716
20170409,53516404.4408174
20170410,56336623.549033634
20170411,53923402.4056891
20170412,54396518.49573774
20170413,51496820.270898715
20170414,52336422.42615545
20170415,57315164.386566594
20170416,57527144.267663784
20170417,56920921.01408988
20170418,57214864.89167585
20170419,64948662.5527915
20170420,68732808.35851239
20170421,71923755.01613854
20170422,70559849.47777468
20170423,80714747.33258684
20170424,78670399.18588069
20170425,72356638.48768134
20170426,79635920.67805147
20170427,70095818.99937029
20170428,73194697.31695841
20170429,75057429.9284303
20170430,76047115.10722783
20170501,66779688.622799255
20170502,65810636.92041072
20170503,68941451.2021609
20170504,71965799.50428098
20170505,74543940.47321007
20170506,80383123.36855826
20170507,82488981.06744567
20170508,79585810.03619294
20170509,75783682.71281305
20170510,79848875.28256713
20170511,74407170.26709372
20170512,74736595.33855246
20170513,90593120.22124243
20170514,82639107.19982941
20170515,73403529.94555467
20170516,74157962.75365119
20170517,103811312.17716369
20170518,101510882.21545638
20170519,98003315.84919332
20170520,100185745.42498899
20170521,101517443.96220338
20170522,97117079.31254277
20170523,111926163.97132699
20170524,121284131.74031378
20170525,111722144.93415502
20170526,107523399.37853897
20170527,96486739.10162185
20170528,103461089.04711074
20170529,104580190.70664006
20170530,99954504.06304404
20170531,111523447.12315713
20170601,127180473.47375956
20170602,156734591.5250509
20170603,180435725.79676142
20170604,163968333.322271
20170605,179943918.29143396
20170606,178165743.45627323
20170607,167881374.44204015
20170608,174957315.1780822
20170609,214707893.77489027
20170610,212066540.212787
20170611,213507939.60220766
20170612,175333929.45125747
20170613,189601760.89016742
20170614,164561429.0267126
20170615,156603298.87033376
20170616,167817665.61693904
20170617,174380546.23889497
20170618,222425530.82445803
20170619,216974044.1681134
20170620,205380449.4034412
20170621,206229779.9133116
20170622,242623788.5818852
20170623,239923573.70918638
20170624,229319884.41898954
20170625,210632713.4797009
20170626,187181612.02001476
20170627,188748128.78744593
20170628,191978863.37963316
20170629,181659900.71158254
20170630,171183445.43083215
20170701,155378137.27585447
20170702,158119307.52898368
20170703,170426189.15393424
20170704,192342342.35804787
20170705,197123492.04763663
20170706,186409293.87999505
20170707,158250265.3219591
20170708,195023213.14063102
20170709,176298059.9003973
20170710,131193331.87647034
20170711,137696121.68222842
20170712,149870141.4990128
20170713,137177174.47712103
20170714,120360797.4431008
20170715,109752932.27396345
20170716,101826569.65290618
20170717,129106870.51445477
20170718,131978280.79907897
20170719,124953967.77941245
20170720,143905334.1981057
20170721,143814001.6658656
20170722,161034638.65541714
20170723,150097435.08488995
20170724,152429146.6705489
20170725,140110152.76173592
20170726,133308175.39289676
20170727,136130013.7482754
20170728,125255946.6178391
20170729,163236450.36089697
20170730,143888698.87484807
20170731,156942341.46059975
20170801,161164054.0695813
20170802,158836839.61457965
20170803,159635577.29561815
20170804,154979577.9315942
20170805,165479724.41685858
20170806,165440628.37925965
20170807,166388863.90735316
20170808,176024545.15733123
20170809,163204953.2804871
20170810,154651356.5908881
20170811,149577530.25774807
20170812,143745245.38429254
20170813,139018843.5259385
20170814,125287095.00849108
20170815,164901056.89655215
20170816,143028925.59025455
20170817,141908432.78661945
20170818,131535493.80136998
20170819,153179397.55025196
20170820,145484296.52995095
20170821,151356798.6330461
20170822,143092333.01071426
20170823,144869680.82985842
20170824,168011964.9491921
20170825,186261678.35794526
20170826,203034639.0422059
20170827,217279576.37487358
20170828,217319101.48808452
20170829,191341570.0033156
20170830,215170049.63848016
20170831,214214313.01673967
20170901,232887371.08193883
20170902,203721148.82924592
20170903,211819375.0168283
20170904,183674135.69642296
20170905,194554732.17502406
20170906,195226443.08446723
20170907,193213814.54100007
20170908,178752740.2152378
20170909,172260771.98236203
20170910,159554862.99253556
20170911,164864009.3836309
20170912,157074050.18469876
20170913,154574333.9844448
20170914,130827342.70053653
20170915,165715820.17609954
20170916,170621888.51267913
20170917,164640397.2740779
20170918,175325281.47636306
20170919,187826363.26824787
20170920,207163826.28329185
20170921,186758182.06989917
20170922,184304484.36693785
20170923,218219740.40725726
20170924,196300836.69208393
20170925,201171217.7665045
20170926,195279374.84951043
20170927,207793989.92450026
20170928,200958756.39750257
20170929,196686127.64017645
20170930,199990471.0982272
20171001,191568690.31847426
20171002,200118538.20488662
20171003,186939118.81974956
20171004,183179546.70097375
20171005,178647520.55819514
20171006,178906962.99905908
20171007,174522952.37921408
20171008,159691010.25102833
20171009,154987913.7464796
20171010,166456297.2080855
20171011,164638473.9468579
20171012,169140374.5221022
20171013,164267524.90135357
20171014,163741087.302971
20171015,166336775.90252933
20171016,161131619.52864864
20171017,173624286.1891161
20171018,164039957.24021646
20171019,161966114.96635354
20171020,146906934.57057717
20171021,150301772.26378247
20171022,157281556.36070046
20171023,143238891.5174673
20171024,166231580.28509957
20171025,219070371.55988958
20171026,177534486.5607803
20171027,180480401.33583125
20171028,187072736.11673182
20171029,175865157.42248338
20171030,181067056.37111482
20171031,169102150.6354459
20171101,163185950.7095027
20171102,152456110.72073683
20171103,167566888.3344
20171104,176976722.356383
20171105,178468864.33359423
20171106,178981182.46668747
20171107,179758286.47717425
20171108,192974373.49525988
20171109,204075905.08882335
20171110,187405828.93118903
20171111,186400555.4751617
20171112,182753668.27535385
20171113,193368428.378189
20171114,212148504.87079
20171115,211754229.100366
20171116,201457700.361651
20171117,200312849.247658
20171118,215184030.597962
20171119,216828381.954304
20171120,210515752.579369
20171121,213571011.348517
20171122,251896504.670709
20171123,270737512.276309
20171124,299473776.569557
20171125,317515701.575803
20171126,374656311.218712
20171127,384873960.34403
20171128,359727388.152097
20171129,318772287.115069
20171130,366898130.363659
20171201,370548115.054309
20171202,354623661.590188
20171203,344168836.22544
20171204,369324242.977314
20171205,363725844.21602
20171206,352074489.740574
20171207,336632279.812116
20171208,369739538.882123
20171209,345571035.997219
20171210,368097878.790558
20171211,373628453.610467
20171212,443993794.528952
20171213,457112370.856705
20171214,475560883.619649
20171215,464951805.406264
20171216,536965764.913832
20171217,553557091.982068
20171218,598628332.519377
20171219,603530126.156756
20171220,637020196.619067
20171221,623768444.699509
20171222,506663069.118541
20171223,583553745.402759
20171224,593107106.616007
20171225,604716817.843349
20171226,640036196.125851
20171227,652046468.341424
20171228,602244869.005979
20171229,667078761.760155
20171230,579701142.262932
20171231,657342716.450156
20180101,731342417.936794
20180102,718395048.020993
20180103,712088291.5398957
20180104,751000221.6543874
20180105,766449212.8086281
20180106,793880351.1758195
20180107,788150694.6227065
20180108,765493460.89794
20180109,815240770.7520037
20180110,766905363.2116541
20180111,698585559.9451704
20180112,805395719.620702
20180113,847520590.5586294
20180114,773844096.2005246
20180115,730938315.5599391
20180116,557953065.7511401
20180117,578557857.2418562
20180118,555125920.8702198
20180119,700395364.6138875
20180120,814281058.6354897
20180121,683339449.0432444
20180122,603872148.929974
20180123,608345905.1241179
20180124,629066047.9289814
20180125,605979602.4759694
20180126,594911347.7589352
20180127,614082880.4918735
20180128,622033498.0682677
20180129,654031254.7625203
20180130,644717555.1197895
20180131,591361570.9844668
20180201,649387783.6135616
20180202,557255863.6662223
20180203,532919171.21769905
20180204,570045487.9547423
20180205,502348237.61467284
20180206,397855684.9245852
20180207,484893340.42647135
20180208,461315550.83078784
20180209,488053366.1702349
20180210,544030899.7029835
20180211,513171523.2661717
20180212,471425587.6688135
20180213,523216367.23960483
20180214,493292721.3339837
20180215,542852836.2204046
20180216,592675437.3153011
20180217,606838330.1909394
20180218,659025929.7280574
20180219,584851211.5769267
20180220,597806839.6827148
20180221,553471178.530129
20180222,494786186.9661051
20180223,503595184.1895085
20180224,527909300.32100374
20180225,493073886.84598637
20180226,503471426.86694956
20180227,515740642.69469756
20180228,537309714.9407365
20180301,512743234.2429965
20180302,545537012.2417516
20180303,557405994.721488
20180304,552890599.9187869
20180305,543052528.282854
20180306,564310898.5369079
20180307,499131134.8414106
20180308,462542691.7493214
20180309,407548635.39952636
20180310,421346843.8103388
20180311,423207680.6490218
20180312,436988748.7579035
20180313,414823097.7598978
20180314,413960257.6678088
20180315,366461655.53181344
20180316,381662338.8597815
20180317,387545690.82626265
20180318,343754675.8160388
20180319,352331826.905176
20180320,370877839.22993267
20180321,367927712.3430344
20180322,363657283.13696736
20180323,355425469.5050006
20180324,371252667.1860095
20180325,358910778.1586158
20180326,354450877.53749794
20180327,337893941.8663952
20180328,322645031.61611056
20180329,324326935.675265
20180330,284355658.39718467
20180331,276128865.26307535
20180401,282410867.7226685
20180402,279369875.3118036
20180403,296252077.6134378
20180404,334945261.8877913
20180405,302617122.7525517
20180406,310604056.1175911
20180407,311622259.7593366
20180408,353212675.74871814
20180409,348809991.30837
20180410,344411477.3405434
20180411,363258234.96303105
20180412,371296556.93370605
20180413,434360428.088984
20180414,415255883.3893215
20180415,417102201.3810587
20180416,452323796.1110215
20180417,445006180.71229064
20180418,431321107.0736566
20180419,440924470.26614803
20180420,444628034.5735142
20180421,461477504.9422597
20180422,476800900.92707324
20180423,460763877.5641344
20180424,496615308.8183127
20180425,576851185.8768009
20180426,602236488.9557343
20180427,643300956.4207302
20180428,636701849.6763797
20180429,654603871.7403601
20180430,633242661.1775503
20180501,642860078.2417015
20180502,617422388.9214095
20180503,616076332.2071642
20180504,630273399.7330805
20180505,702192389.029394
20180506,669579314.115485
20180507,661676569.3714069
20180508,673645143.4298207
20180509,655963957.4852021
20180510,650718502.1903435
20180511,664795809.5601454
20180512,667583636.4605715
20180513,659535779.8924469
20180514,705560589.8264782
20180515,789276002.9652007
20180516,753836800.2426442
20180517,719950359.1047847
20180518,723962961.9632784
20180519,812328880.8272773
20180520,829966063.1700169
20180521,854552057.07383
20180522,902248822.8878461
20180523,853387004.5926249
20180524,808770019.8268616
20180525,809225357.3005686
20180526,793299829.5936297
20180527,717647055.6660686
20180528,721452805.2280653
20180529,704668265.1731224
20180530,729401543.5693234
20180531,710541426.0261045
20180601,726823774.1197492
20180602,753980864.8872681
20180603,797468752.4106671
20180604,769509848.3018022
20180605,783560969.4271333
20180606,792449918.2850409
20180607,786699356.0611808
20180608,836019580.2246412
20180609,848570968.7702391
20180610,810611016.8852862
20180611,737484310.9993744
20180612,752970676.9388641
20180613,683093017.8603733
20180614,682737445.635711
20180615,784779868.1655395
20180616,718528512.3261123
20180617,713963149.594299
20180618,719494456.0263655
20180619,737497996.1928715
20180620,736204791.5694606
20180621,724470672.7267293
20180622,717466002.0380012
20180623,622659994.3096526
20180624,582702495.0710137
20180625,590143399.7679242
20180626,597619078.8773924
20180627,569639674.0833458
20180628,556639798.7439684
20180629,485509822.3985216
20180630,559213434.6597468
20180701,537204957.5706466
20180702,542814881.0830598
20180703,563645588.7626108
20180704,561747509.1530213
20180705,554184923.1247272
20180706,533808007.5396109
20180707,538565184.1213194
20180708,527431221.273026
20180709,509900747.88313866
20180710,505527038.11367524
20180711,472393908.5215852
20180712,479506669.79800916
20180713,459721843.47679025
20180714,463922958.4009358
20180715,465574103.3664411
20180716,511452544.09485286
20180717,578340560.0369203
20180718,623360618.8226931
20180719,582472182.1931719
20180720,589770034.660733
20180721,590827026.8176775
20180722,589007426.8493218
20180723,569821474.1478529
20180724,553837045.5852778
20180725,548035960.860041
20180726,543628496.1110045
20180727,523093305.4753022
20180728,521774314.80348855
20180729,526977544.33251697
20180730,522322171.7257606
20180731,492540352.92701036
20180801,460949728.1898847
20180802,469440025.19302756
20180803,439726028.5964655
20180804,452047154.01618266
20180805,410957653.9671002
20180806,411452480.49486387
20180807,408830168.5501395
20180808,390246315.042331
20180809,371820690.59947675
20180810,390608285.77046704
20180811,351821744.69593865
20180812,352126443.05661577
20180813,340209999.60678715
20180814,321209894.1635765
20180815,329525732.1723214
20180816,309360716.0299041
20180817,312794400.5195097
20180818,350515948.58085686
20180819,324730140.2095568
20180820,334010331.64497125
20180821,306565810.52679014
20180822,314619303.65491885
20180823,302424655.1584564
20180824,310574751.1712458
20180825,338483995.09021443
20180826,334161969.43487865
20180827,319004600.1224439
20180828,338410042.1561239
20180829,345591857.1394787
20180830,348371337.1045294
20180831,354697040.58596
20180901,359026336.93840003
20180902,376689887.1610995
20180903,373064058.0543266
20180904,359323429.1261712
20180905,362676854.8502016
20180906,317050958.14216787
20180907,313905093.7440739
20180908,312311742.36173546
20180909,298031904.13324326
20180910,312391250.06043494
20180911,305277945.9021716
20180912,302323638.359751
20180913,291777375.13859224
20180914,312243082.2386082
20180915,325045468.4243806
20180916,326161469.8347027
20180917,321330248.8296551
20180918,308404902.02680236
20180919,307657347.2470594
20180920,309972288.9568556
20180921,311280944.66552067
20180922,328833845.6666845
20180923,324819104.2270814
20180924,330694697.4003902
20180925,321727987.86910033
20180926,314865810.7040485
20180927,315884242.24086064
20180928,331057159.93753046
20180929,331770431.75227976
20180930,333813414.45824975
20181001,335786626.42023915
20181002,330391636.4821708
20181003,332919251.6798507
20181004,331521610.7474465
20181005,354788973.406662
20181006,360305043.5471102
20181007,351135966.36702234
20181008,345078375.0005718
20181009,381151205.7549774
20181010,355035946.1020007
20181011,358944275.99060374
20181012,317112008.2639069
20181013,315142650.20051
20181014,335598343.2445388
20181015,327092552.6542703
20181016,350495211.56454396
20181017,348509557.9749342
20181018,347166166.81247
20181019,339659773.41969144
20181020,335714042.57452977
20181021,337512452.59449136
20181022,334707004.7556162
20181023,339710504.1636131
20181024,448830617.99167985
20181025,416596701.5341261
20181026,380664034.64976627
20181027,381001750.41501284
20181028,374057910.14032185
20181029,387491063.1902803
20181030,348454360.7297232
20181031,350084271.9906878
20181101,351717165.2391243
20181102,354715364.6200516
20181103,370863288.3772493
20181104,354800195.4744989
20181105,347591747.7343116
20181106,345479184.26651305
20181107,359532973.9690669
20181108,360459949.3198062
20181109,347018576.2689741
20181110,360756771.4949916
20181111,355935623.46466255
20181112,346758195.1633918
20181113,353712931.42336667
20181114,345809498.21588516
20181115,308974838.05956787
20181116,306334433.0738206
20181117,293486023.6646393
20181118,291748118.32760805
20181119,297137773.9508147
20181120,231773350.34761003
20181121,210755018.45753607
20181122,232774047.49284545
20181123,216328125.62820458
20181124,207482315.12210378
20181125,184167554.54742238
20181126,192135744.71716523
20181127,177692726.2637283
20181128,177604707.7328755
20181129,193302594.66946208
20181130,192164740.48441386
20181201,177678955.59769735
20181202,184244031.01669177
20181203,183033280.6287763
20181204,172282708.9639698
20181205,175947034.27579916
20181206,168809505.17353767
20181207,164735057.79916605
20181208,153044671.13130012
20181209,150597558.40578774
20181210,154960121.980023
20181211,137561389.45484114
20181212,130823327.48307519
20181213,131769649.26683196
20181214,129534384.25919072
20181215,136303067.53651577
20181216,129894144.25179356
20181217,134866097.5505525
20181218,143223165.53579688
20181219,162658303.4238156
20181220,162333096.69714472
20181221,174065219.20618007
20181222,161497708.80674854
20181223,166603564.35334632
20181224,171041114.7831597
20181225,175862117.8223964
20181226,159519355.51144767
20181227,160323573.6914246
20181228,147866784.5810174
20181229,176981052.95075232
20181230,165241249.4059785
20181231,166310243.98548302
20190101,148310919.239139
20190102,155940510.41999608
20190103,164169665.75452626
20190104,163313520.4827644
20190105,167293613.4077599
20190106,166262155.10004726
20190107,176230437.572212
20190108,172440582.34961125
20190109,164940663.53569952
20190110,171260096.58796325
20190111,148345064.57039592
20190112,153362008.62367216
20190113,156590233.44499937
20190114,145485426.22566906
20190115,150264591.5383952
20190116,148345765.84996977
20190117,153851372.26830313
20190118,156024856.3758338
20190119,154741141.42042977
20190120,160108637.20508716
20190121,150561330.12869483
20190122,155306105.98845768
20190123,157950634.0712859
20190124,158532628.35373425
20190125,158086295.74941897
20190126,156388441.02321342
20190127,158233789.98751134
20190128,155702023.72450063
20190129,151260230.02494034
20190130,147397106.31929642
20190131,149915511.0084341
20190201,143341472.31894746
20190202,146789862.23800486
20190203,145816314.41360262
20190204,148174819.9201593
20190205,147466615.33709383
20190206,148123998.67605263
20190207,138302111.2596324
20190208,140848457.7982306
20190209,152519195.4119657
20190210,153835818.3801485
20190211,158687769.51698375
20190212,154048608.51789033
20190213,156232142.25585532
20190214,155159152.53532225
20190215,154901494.9083099
20190216,154907154.0324132
20190217,155028957.7108599
20190218,158731174.62091607
20190219,164189694.0603774
20190220,162299712.116943
20190221,160328948.43324018
20190222,157172466.5034317
20190223,161755143.68117398
20190224,166659958.7839521
20190225,150112475.0990231
20190226,152518999.69493046
20190227,155671204.74405184
20190228,155666846.8701835
20190301,154935332.35345677
20190302,156509078.30061728
20190303,158041844.00081795
20190304,155397557.20063308
20190305,150291670.1169883
20190306,158441037.123004
20190307,156689926.59350207
20190308,153072098.38451666
20190309,151971884.71268952
20190310,156863734.31716645
20190311,159318731.2311811
20190312,158832072.25246382
20190313,176362689.01956606
20190314,174491895.21723723
20190315,183235429.1840087
20190316,184627296.98569152
20190317,182556555.18038553
20190318,185812022.28087997
20190319,183682700.47093734
20190320,180120386.05074203
20190321,180695445.35499254
20190322,176481721.801708
20190323,178582235.90123814
20190324,179454373.25066438
20190325,177945915.69019568
20190326,182847829.21314016
20190327,176726237.0140672
20190328,187041028.7161818
20190329,189589140.90115908
20190330,192672930.1620599
20190331,188741065.53119862
20190401,199781090.1563882
20190402,195147638.45921615
20190403,223146937.3208655
20190404,228998877.56659776
20190405,225430710.5100441
20190406,243157728.57073137
20190407,239010683.51289928
20190408,245584388.00239256
20190409,248528319.82721344
20190410,241637611.1695985
20190411,242291351.50488642
20190412,229007727.6246293
20190413,231462298.81432596
20190414,233218062.09562412
20190415,242247457.08824828
20190416,228358035.71314844
20190417,235464980.1189377
20190418,238061240.88955948
20190419,240871906.42046463
20190420,241069477.62843272
20190421,247039574.73632282
20190422,245626689.45609817
20190423,248685592.48241964
20190424,243255163.3726945
20190425,242932773.71143988
20190426,224742937.54552466
20190427,222511646.1863355
20190428,224713905.4612003
20190429,234593895.81595397
20190430,223048248.09230733
20190501,227241744.0187686
20190502,234938653.0694727
20190503,239169900.5067597
20190504,253874362.00140095
20190505,253688914.6103368
20190506,255312503.97430438
20190507,251549503.004681
20190508,249135396.27216792
20190509,248699185.1919492
20190510,250842383.16928786
20190511,250439555.91858822
20190512,290192042.4562269
20190513,263367079.8369727
20190514,277902783.7480472
20190515,279218040.65341663
20190516,327276684.00494236
20190517,302315929.8986838
20190518,281684729.84988916
20190519,284630170.3120394
20190520,294988554.5149528
20190521,288714912.43570143
20190522,291056369.4384115
20190523,276290972.3524395
20190524,270674955.2217719
20190525,272025895.94762164
20190526,274696769.88024676
20190527,278795699.2608012
20190528,287517102.5835192
20190529,279935806.12601334
20190530,279677741.56079125
20190531,272646444.451185
20190601,278286380.4196005
20190602,279167964.3846104
20190603,287325415.717066
20190604,264711697.94733313
20190605,250802867.7564224
20190606,258501124.76403797
20190607,253822646.45021006
20190608,265546688.89161965
20190609,263866902.35685027
20190610,264658396.21319652
20190611,272937165.9730719
20190612,279246409.07085687
20190613,279749400.5040245
20190614,278268922.2346851
20190615,266620554.7207034
20190616,275002609.88169146
20190617,275504732.03931165
20190618,286266233.1920444
20190619,285198576.02159745
20190620,281592677.33234197
20190621,286166573.65827507
20190622,295015248.31788707
20190623,300270836.4224156
20190624,337998251.75267524
20190625,319079400.90915245
20190626,319473905.5162141
20190627,349209222.4526216
20190628,311693006.20057446
20190629,338062140.4149291
20190630,352991040.76795405
20190701,304420338.8289344
20190702,295263081.3297908
20190703,290633612.9408093
20190704,321117010.0598778
20190705,307218941.4761746
20190706,295448136.2075885
20190707,305735665.57345235
20190708,316634655.30482054
20190709,324559397.8887073
20190710,334763971.14825463
20190711,327329980.49385583
20190712,301110882.4387039
20190713,316941274.59800076
20190714,310414518.62401444
20190715,283701258.6906569
20190716,302594289.4919064
20190717,265511364.43165419
20190718,280575902.95500743
20190719,296748592.8443796
20190720,290183774.93645996
20190721,297610206.93742704
20190722,298877649.52051187
20190723,291372895.9528899
20190724,281656810.58189666
20190725,275817190.46396136
20190726,272197601.2964899
20190727,270307780.75662357
20190728,256576377.94720855
20190729,261204741.7056856
20190730,258761876.3742079
20190731,255458771.57136336
20190801,272524813.78654957
20190802,280265309.06446874
20190803,286085451.9383489
20190804,285006888.89217913
20190805,288820815.90999395
20190806,314666377.0685041
20190807,316057320.3229943
20190808,305841723.10894716
20190809,283052938.6670395
20190810,275797630.7237356
20190811,274901957.8093209
20190812,285250823.9917551
20190813,280454561.373627
20190814,268456208.55209476
20190815,252601010.22263724
20190816,259108060.3855423
20190817,258999507.01584223
20190818,259485866.01575285
20190819,263917409.13881245
20190820,274140186.1020341
20190821,270101373.41785127
20190822,255641084.52713856
20190823,256656075.2623343
20190824,258625578.85612476
20190825,252843526.08342475
20190826,252082050.58571273
20190827,255827747.43552393
20190828,248369526.82504994
20190829,236729784.13619855
20190830,233064039.73342723
20190831,237224538.6741187
20190901,235361241.89923236
20190902,246241258.1291404
20190903,255926365.72842252
20190904,263974198.04719347
20190905,255816438.09404787
20190906,254706211.6931364
20190907,248933253.45029667
20190908,251080652.96380448
20190909,257653943.25808486
20190910,252229246.2004713
20190911,236251550.9927713
20190912,233659104.79720476
20190913,242881825.7062313
20190914,241383484.62092453
20190915,240420561.55699238
20190916,236622802.58028418
20190917,228511878.39419508
20190918,232180922.95038867
20190919,239524247.87666896
20190920,243742038.2528331
20190921,240866616.84316564
20190922,233072109.5868824
20190923,231125260.6752481
20190924,213708351.22006026
20190925,187965264.75425944
20190926,180412906.62031338
20190927,175203380.2691881
20190928,181529732.78239274
20190929,187332278.78268713
20190930,183635139.076343
20191001,182106012.6518443
20191002,180556048.09655777
20191003,180556048.09655777
20191004,176284130.9344195
20191005,176321423.96274868
20191006,180728654.01823747
20191007,175211974.073684
20191008,180213314.48008424
20191009,178970024.60955495
20191010,180632794.99012536
20191011,176744328.85844094
20191012,170031190.75221255
20191013,169825748.5903568
20191014,169610149.27330312
20191015,169567586.5522283
20191016,164575994.85039738
20191017,155833564.81856
20191018,152318669.3411421
20191019,152201326.27923283
20191020,149698863.83871284
20191021,154294020.28523132
20191022,153501280.7274807
20191023,147205741.32194254
20191024,138280850.5864175
20191025,136850145.43150523
20191026,153206043.71705294
20191027,155809871.68187207
20191028,162930532.45813218
20191029,161338016.66915995
20191030,166029881.26599917
20191031,167268899.74499175
20191101,166986813.378831
20191102,190067159.53033265
20191103,204282967.44419283
20191104,234617176.5878428
20191105,222834732.23183143
20191106,212328294.1143156
20191107,199299188.0281971
20191108,219246935.19889036
20191109,214816385.01622602
20191110,212762557.1298972
20191111,221787873.72733995
20191112,228634449.76843432
20191113,243509893.35245958
20191114,234655929.10620013
20191115,233293255.2655392
20191116,258004869.24934262
20191117,247826356.01764384
20191118,246505366.1300328
20191119,238491466.07270885
20191120,218402682.76591292
20191121,213053859.6912651
20191122,198361803.38560385
20191123,189060423.55719733
20191124,201422319.42949712
20191125,184582806.81297678
20191126,186957177.32655334
20191127,191655668.6869744
20191128,196007743.69026333
20191129,194666774.66446638
20191130,210698553.9832265
20191201,210587666.22109488
20191202,207333990.93969
20191203,209901608.3172993
20191204,198014839.26417172
20191205,202321443.95769778
20191206,213139969.43628034
20191207,221349102.45738164
20191208,225305786.47610617
20191209,222422149.22998816
20191210,211705899.2157065
20191211,212171011.43969283
20191212,215652375.9399298
20191213,211102933.31740525
20191214,210504184.3459904
20191215,210230792.8962443
20191216,223257320.84236184
20191217,197848020.41189453
20191218,180100907.16520718
20191219,183999823.52607214
20191220,186935294.2149226
20191221,193117421.72089908
20191222,190758697.3405108
20191223,191690074.91940865
20191224,182900355.28897092
20191225,183402772.4419004
20191226,178016339.8849094
20191227,182418088.25450897
20191228,182384210.77368906
20191229,180302126.10459045
20191230,179901263.13505828
20191231,178466212.687694
20200101,182840557.23367888
20200102,184540577.2248833
20200103,177956184.24659148
20200104,187419471.98560575
20200105,188919390.7926604
20200106,191971199.59016633
20200107,203792600.18606007
20200108,189728681.75659478
20200109,184953853.60808107
20200110,177793970.0029368
20200111,182673535.4580679
20200112,180050837.43018305
20200113,186562528.6804592
20200114,177521599.54864472
20200115,193371456.68308422
20200116,206127935.01159582
20200117,224988958.56903347
20200118,227841631.38135797
20200119,224315610.25251248
20200120,212063887.64661375
20200121,207819078.86039615
20200122,211019684.00399348
20200123,209148206.90899834
20200124,191522456.72872403
20200125,192893068.75403473
20200126,191840422.6323334
20200127,197981535.07307208
20200128,204900615.4840706
20200129,213146650.44996926
20200130,208583388.71114925
20200131,213630228.37518534
20200201,207584986.4729168
20200202,207492422.36744517
20200203,208345897.3234327
20200204,214548779.7798045
20200205,216413598.59936208
20200206,226231920.07632622
20200207,233751337.39525634
20200208,238782966.78937942
20200209,231123920.1979896
20200210,239979298.19931394
20200211,234936691.85804492
20200212,241642911.00048822
20200213,249609139.9929993
20200214,273242885.3011349
20200215,262291158.781158
20200216,236958022.5588713
20200217,238130272.76941174
20200218,226649816.59142426
20200219,233363017.98964217
20200220,219804547.38056692
20200221,225337900.35281
20200222,223952331.881641
20200223,230553343.53168225
20200224,239499361.46357504
20200225,236406260.90501875
20200226,223729124.1900066
20200227,209554046.75412282
20200228,198866076.7337414
20200229,192807688.96280456
20200301,190078309.3624187
20200302,193807024.83184353
20200303,204003955.4517425
20200304,202458825.9925694
20200305,213830190.75484195
20200306,211073568.8373129
20200307,212684930.3624373
20200308,206035374.189976
20200309,187115430.11916745
20200310,174514916.25207907
20200311,183247776.09939772
20200312,177789760.26156974
20200313,106459189.18325377
20200314,121852617.14449051
20200315,119787968.73162237
20200316,124836183.41224355
20200317,105245478.52048358
20200318,109899409.71459602
20200319,109709962.97413649
20200320,130038014.51769006
20200321,124809366.13823341
20200322,121047157.3867974
20200323,129212335.63452198
20200324,132143932.77675268
20200325,132085941.95165777
20200326,134728711.91930768
20200327,131928989.74318244
20200328,125228190.28668901
20200329,123602264.27969877
20200330,116270666.96487756
20200331,124176402.05417621
20200401,129817599.23123457
20200402,132331884.39060897
20200403,133509724.52557595
20200404,132206111.14207795
20200405,134485274.78469196
20200406,133875156.11415638
20200407,143357089.25866282
20200408,141842078.77948833
20200409,144030038.29929742
20200410,143870822.57061484
20200411,136029656.44321254
20200412,136397259.38535666
20200413,138119558.99511144
20200414,135009779.79525864
20200415,136587510.07167807
20200416,133101757.52052702
20200417,141873562.8911605
20200418,142277777.13941026
20200419,144910212.01243836
20200420,142723195.78903928
20200421,136726276.21191806
20200422,136038085.15340346
20200423,139398932.47707677
20200424,145281148.3693494
20200425,142967324.74763772
20200426,143089447.14125052
20200427,149539727.15632132
20200428,149705788.59421286
20200429,149536946.70126903
20200430,159913674.92129043
20200501,152167156.0986067
20200502,164532960.41251048
20200503,167042881.30285487
20200504,164379753.28911445
20200505,165769943.93333864
20200506,169718453.62811115
20200507,174664128.5179262
20200508,176466671.9516616
20200509,172627889.6848676
20200510,164833688.2361969
20200511,149837098.16167727
20200512,147488219.41204605
20200513,150619702.21778306
20200514,153174573.89507952
20200515,159133251.4340431
20200516,151534930.84778032
20200517,157807602.1283039
20200518,165746549.57725707
20200519,162084764.69796368
20200520,162921664.19892907
20200521,158032234.86368588
20200522,150748175.4861595
20200523,158816608.87923723
20200524,162032965.19437665
20200525,153039873.9494784
20200526,163670098.69613776
20200527,166040748.31118846
20200528,165656264.26974323
20200529,166325699.2674714
20200530,168327858.79364023
20200531,172011617.72872606
20200601,167952193.51251504
20200602,183635089.40333176
20200603,192491438.10288155
20200604,194324940.24323124
20200605,212380317.3302912
20200606,199406912.03890008
20200607,201067649.57543197
20200608,198542133.86375013
20200609,204367227.2103348
20200610,202262027.95790255
20200611,201275354.18114805
20200612,183502000.81912154
20200613,200514506.0166929
20200614,196105694.59535494
20200615,186620191.9905152
20200616,182870394.27878702
20200617,184159264.18971244
20200618,184082755.1779564
20200619,176699023.7222002
20200620,179391833.3060017
20200621,178468511.35057577
20200622,178484302.40982503
20200623,182257627.30031216
20200624,186992238.3608907
20200625,183296616.45811832
20200626,176736170.89528123
20200627,172321953.17658573
20200628,163937006.76922548
20200629,166892227.8286162
20200630,166378848.42626
20200701,164984050.89067447
20200702,166299256.0101079
20200703,163762045.33550733
20200704,160162502.864869
20200705,163933303.59181675
20200706,164440573.92628753
20200707,172067639.2779556
20200708,176302880.01123723
20200709,180304609.68321374
20200710,188766120.11923617
20200711,182241175.17726645
20200712,184546309.28869894
20200713,183389242.30465138
20200714,175251470.3217101
20200715,180414184.10663468
20200716,184213960.68191043
20200717,180637961.99858
20200718,178406819.00286436
20200719,182294450.83813322
20200720,180411276.07466015
20200721,180587905.00059116
20200722,182324964.06118456
20200723,187881379.69677424
20200724,186674983.8760307
20200725,180113464.5580676
20200726,182710137.15954602
20200727,176046819.70391047
20200728,176425675.98562446
20200729,179830599.94890997
20200730,179639425.76864424
20200731,183229722.93651715
20200801,180575438.55554992
20200802,201416817.41916877
20200803,184583611.11660767
20200804,197309039.0697004
20200805,192756478.04549605
20200806,195967863.47502577
20200807,194651452.02124292
20200808,189893914.75654477
20200809,193353936.11823118
20200810,194676209.3301234
20200811,197590106.48939362
20200812,188793148.87549412
20200813,187875481.66750637
20200814,198062798.54446557
20200815,202399568.67831272
20200816,197930412.28848377
20200817,207353656.8927748
20200818,210373637.6501688
20200819,201335873.07651582
20200820,197530385.25804356
20200821,204166728.51797348
20200822,210306439.8018872
20200823,248893314.2526057
20200824,232681136.7177745
20200825,229051806.23284644
20200826,209226844.61432353
20200827,214205079.8598967
20200828,199144649.00065428
20200829,208212973.0267713
20200830,203594445.72853512
20200831,206507788.45521048
20200901,204556715.85811114
20200902,201505110.93217242
20200903,190943566.0399928
20200904,159533531.38385993
20200905,168036167.12023613
20200906,159818662.19154352
20200907,163687376.40919733
20200908,163152824.9576797
20200909,158317541.12093464
20200910,164093762.33212358
20200911,171670705.16383085
20200912,175673296.51995027
20200913,176900002.85821217
20200914,170701857.1549279
20200915,168301006.00625634
20200916,164824195.7985142
20200917,168355369.68488765
20200918,164611675.85416174
20200919,151711391.6275934
20200920,157905358.16459116
20200921,152341551.03444186
20200922,136885579.8552937
20200923,136987471.59825605
20200924,134286365.33656836
20200925,141245853.53098565
20200926,146086757.88663572
20200927,145706549.01526698
20200928,143680849.71147957
20200929,142300978.29361668
20200930,143567679.4018297
20201001,141625737.28924936
20201002,143076558.40840822
20201003,137830944.79480264
20201004,140149901.49482733
20201005,137013722.4378375
20201006,138615712.6900568
20201007,135541401.94879273
20201008,137579020.30415767
20201009,140678822.15504128
20201010,149652585.0318929
20201011,149620387.1821715
20201012,149202739.7269472
20201013,148269702.07553068
20201014,145792713.58541292
20201015,141673166.53048328
20201016,138783052.37115324
20201017,149167803.70695943
20201018,150740327.2065926
20201019,147485876.63896435
20201020,148787359.87312394
20201021,143431617.66768977
20201022,151755507.8525497
20201023,161121731.79194126
20201024,152751215.0389006
20201025,153968223.54284412
20201026,153367286.47372732
20201027,149692954.39667183
20201028,148138255.41417235
20201029,145085443.03099343
20201030,145451469.91157845
20201031,144896159.74213505
20201101,149619375.45702004
20201102,150303971.0431121
20201103,143874071.71070665
20201104,149635206.88810346
20201105,158604421.06250817
20201106,170641056.44095442
20201107,181508149.0847085
20201108,190465276.44468373
20201109,206752701.4293418
20201110,200378667.73385078
20201111,189748008.72667003
20201112,191529788.09622785
20201113,206453204.42062876
20201114,240221131.81126642
20201115,227107409.005367
20201116,237385620.07200888
20201117,225375803.31428212
20201118,229645684.02222443
20201119,238484068.18599033
20201120,248448784.86494705
20201121,282627519.3955812
20201122,298487938.26600415
20201123,270316751.51762044
20201124,261204677.5313282
20201125,275518947.74984145
20201126,256803488.89949298
20201127,254184788.88342586
20201128,266242499.4501703
20201129,266408245.64201394
20201130,287496983.23159534
20201201,303147578.938036
20201202,308799746.42794114
20201203,317227568.75564283
20201204,384867576.2461613
20201205,319981447.3415777
20201206,342013888.81893134
20201207,333172015.85298616
20201208,334272658.9097469
20201209,319818267.3720074
20201210,326153934.5168873
20201211,334733069.29958427
20201212,307404823.21732587
20201213,329850690.7864415
20201214,330323689.24707454
20201215,344156695.1744973
20201216,339476209.26189375
20201217,378057353.2128686
20201218,383031042.7006951
20201219,440664175.2881584
20201220,421105679.3200416
20201221,426892723.59692144
20201222,415566672.47100264
20201223,431884875.2897624
20201224,402318497.22154754
20201225,443939528.55276424
20201226,453507280.20168686
20201227,462358475.5232059
20201228,490165294.41963303
20201229,495910571.75364035
20201230,477274904.954943
20201231,490766136.0751453
20210101,505530605.4482102
20210102,509284728.53770685
20210103,567658249.5786985
20210104,607024450.1472241
20210105,588906960.808109
20210106,587770728.7704772
20210107,692379763.8976562
20210108,727682255.0068728
20210109,795274501.8139741
20210110,754409487.2620684
20210111,696442097.6940341
20210112,662177313.0491526
20210113,606450184.933348
20210114,692211549.0378067
20210115,733844614.8862909
20210116,722079865.063564
20210117,714793930.6293689
20210118,712450681.4325528
20210119,693837286.495318
20210120,708165684.7097417
20210121,724722632.7228701
20210122,609160199.522746
20210123,649218402.8148526
20210124,631337506.0361136
20210125,626059149.0886983
20210126,728491314.5811828
20210127,720477547.1061145
20210128,753087055.7808869
20210129,735942067.5070751
20210130,848251804.0965514
20210131,780149718.6699963
20210201,828251908.180339
20210202,837007050.3870605
20210203,849514647.1454946
20210204,995343453.3131526
20210205,966933573.7603757
20210206,971414272.5429735
20210207,1118056273.4182951
20210208,1024769632.7390383
20210209,1234240426.7968848
20210210,1236214352.1372118
20210211,1304558587.857605
20210212,1330218549.6611054
20210213,1352337728.34186
20210214,1426467926.94579
20210215,1434383725.3859005
20210216,1458315350.8483162
20210217,1689426478.6246965
20210218,1787809602.5270855
20210219,1759724651.3272176
20210220,1830887242.4739854
20210221,1845723956.5643811
20210222,2062051982.1699255
20210223,1983639451.631414
20210224,1764304530.1954293
20210225,1824801207.3367434
20210226,1796450468.5144367
20210227,1609057329.293625
20210228,1727373420.3765526
20210301,1703320914.4530475
20210302,1887330143.8457146
20210303,1827607387.4334493
20210304,1887108991.2679641
20210305,1831970297.8803747
20210306,1863463173.6911097
20210307,1936500411.7682784
20210308,1950787601.8144162
20210309,1941766037.038935
20210310,2070899363.3731878
20210311,2153241356.3387218
20210312,2245393617.7391953
20210313,2183628657.4467173
20210314,2290866656.100499
20210315,2264205425.9705834
20210316,2137827097.4945118
20210317,2142239642.3902087
20210318,2127985728.7129304
20210319,2112835711.2240882
20210320,2070906853.7339504
20210321,2118849820.0145597
20210322,2120018483.1893976
20210323,1967475423.843598
20210324,1972523249.0530157
20210325,1888484444.5614147
20210326,1868904366.2861695
20210327,1988892187.4126508
20210328,2113572657.0057788
20210329,2119933062.5986605
20210330,2198592868.299581
20210331,2302927581.4660935
20210401,2301335434.816581
20210402,2317882806.5518
20210403,2338558777.7076335
20210404,2269570253.8437834
20210405,2385402271.696651
20210406,2460922790.183528
20210407,2425084236.2917747
20210408,2326958141.0506616
20210409,2422635177.7648373
20210410,2445341761.6900983
20210411,2495332166.3710265
20210412,2523165467.7882233
20210413,2450130051.525382
20210414,2594391092.4855037
20210415,2650870889.156104
20210416,2656060611.6280622
20210417,3148187477.132856
20210418,2987264372.160134
20210419,2890192046.230824
20210420,2772404991.3239884
20210421,2770053591.278569
20210422,2662552085.3983755
20210423,2468232718.5193505
20210424,2375871811.827865
20210425,2378308821.0121555
20210426,2392659339.374041
20210427,2650818918.691697
20210428,2736857889.7936645
20210429,2677949826.3296885
20210430,2688072695.0896163
20210501,2660914568.7843127
20210502,2706938711.305017
20210503,2642875350.9541364
20210504,2613209614.1066637
20210505,2440498750.4603114
20210506,2550199373.524272
20210507,2530064544.476808
20210508,2607912859.613653
20210509,2679992064.4120283
20210510,2831141137.145368
20210511,2716439124.7044435
20210512,2846679026.2314715
20210513,2569934997.4941106
20210514,2530352806.0160623
20210515,2590562541.260985
20210516,2379978401.4367757
20210517,2364369919.225393
20210518,2181177245.792447
20210519,2323624335.173389
20210520,1643952830.5949457
20210521,1864531211.2782228
20210522,1640079563.018514
20210523,1580233796.1999395
20210524,1374648749.1245115
20210525,1706326302.8322904
20210526,1800853698.0558143
20210527,1875460640.1423383
20210528,1961571329.8011043
20210529,1885181349.0850837
20210530,1794646035.4333034
20210531,2010273948.5558143
20210601,2222086401.1840878
20210602,2108842695.1558366
20210603,2065853026.4902399
20210604,2071852623.8126278
20210605,1857743769.155368
20210606,1789555781.2302828
20210607,1892115206.6782722
20210608,1731701173.528907
20210609,1685199069.5948994
20210610,1831366097.4446027
20210611,1787671866.4953854
20210612,1807459657.645093
20210613,1720809161.3100169
20210614,1806857747.4211996
20210615,1804446137.595021
20210616,1836713323.3638911
20210617,1704564949.9028375
20210618,1669867716.6523318
20210619,1512473976.882491
20210620,1604656911.8370285
20210621,1632793092.5599008
20210622,1368681274.9664226
20210623,1317782527.8780103
20210624,1469090781.389714
20210625,1390558123.2894595
20210626,1455241264.3968577
20210627,1486035705.9244652
20210628,1615739499.203743
20210629,1717023048.1738942
20210630,1915425793.0508492
20210701,1884353655.7885191
20210702,1765971444.588677
20210703,1827151020.8620074
20210704,1901520697.329014
20210705,1820039763.6354096
20210706,1817660210.9031777
20210707,1843585266.2670934
20210708,1796303397.1719851
20210709,1592302272.3162282
20210710,1725755463.6000614
20210711,1756292030.3802762
20210712,1755526216.9673858
20210713,1680538712.005139
20210714,1626153207.1229277
20210715,1512330873.8914258
20210716,1483850239.3197587
20210717,1483283422.8493404
20210718,1532105962.6111493
20210719,1512382485.1494482
20210720,1347052895.048472
20210721,1330659808.7511225
20210722,1471009372.447421
20210723,1536565117.6068463
20210724,1583812204.308328
20210725,1698437662.8581486
20210726,1731842926.354466
20210727,1707343320.4699762
20210728,1773549321.2653463
20210729,1825018480.208068
20210730,1895305191.278167
20210731,1997962734.3207047
20210801,2078668313.0250242
20210802,1963907445.589976
20210803,1789254363.4119341
20210804,1680172178.6892989
20210805,1795546772.971132
20210806,1841712691.6212075
20210807,1873760663.909197
20210808,1917615872.6666543
20210809,1996835466.4848247
20210810,2080872628.1693923
20210811,2102682050.8982942
20210812,2054476581.1198606
20210813,2098770684.681574
20210814,2297277466.396694
20210815,2274968498.380262
20210816,2320964285.840638
20210817,2313635781.794424
20210818,2182587276.429865
20210819,2135083090.9222982
20210820,2138558734.0258079
20210821,2300225463.8013506
20210822,2358640909.3472896
20210823,2343800032.3714404
20210824,2341076188.388665
20210825,2212586807.141956
20210826,2357822375.038823
20210827,2326116561.084567
20210828,2365776815.9640465
20210829,2276035199.8600383
20210830,2368707926.091374
20210831,2248572845.428604
20210901,2317710264.3615756
20210902,2411786604.276276
20210903,2363230842.8494062
20210904,2369601318.585421
20210905,2301580799.046427
20210906,2331904310.037944
20210907,2319012707.7475715
20210908,1980003957.7160525
20210909,1946800992.768374
20210910,1950824439.2269588
20210911,1888209957.70423
20210912,1919520454.3652148
20210913,1922206748.4742033
20210914,1803562913.855076
20210915,1934462096.3449228
20210916,1933243734.7627683
20210917,1908195251.4379616
20210918,1949914704.0764122
20210919,1908094591.6479626
20210920,1864127237.4366252
20210921,1630752982.145502
20210922,1402965914.8963149
20210923,1568940173.5842905
20210924,1603690571.6272883
20210925,1569706311.604384
20210926,1541819513.125399
20210927,1508531996.386195
20210928,1428899149.5223813
20210929,1293012199.1816716
20210930,1340888994.5005457
20211001,1422147846.8828433
20211002,1487278753.918347
20211003,1539400239.1387205
20211004,1589050415.953449
20211005,1691727032.42476
20211006,1681835351.3080196
20211007,1716019304.3490906
20211008,1682700585.8686273
20211009,1696271639.5228736
20211010,1778085224.0609436
20211011,1837276602.7776306
20211012,1753656064.937632
20211013,1688269889.0732865
20211014,1679968512.0029786
20211015,1656109101.116138
20211016,1624992541.452526
20211017,1591854255.7724097
20211018,1574214770.2600932
20211019,1572991457.2910595
20211020,1659424988.640953
20211021,1703395523.6844528
20211022,1647471776.101787
20211023,1655253265.7188685
20211024,1765376976.5001514
20211025,1645736755.4866111
20211026,1688032881.8157935
20211027,1611134081.705116
20211028,1471448122.1664102
20211029,1492841487.031252
20211030,1578230628.6488187
20211031,1577988372.070611
20211101,1544924067.1298227
20211102,1505465970.1102314
20211103,1513863790.9391224
20211104,1509501005.0751467
20211105,1447337443.0310597
20211106,1406843294.9012887
20211107,1452168226.4292057
20211108,1455386452.0099378
20211109,1469902052.768158
20211110,1447845948.872013
20211111,1370989162.307964
20211112,1457894623.3855023
20211113,1520891272.4595127
20211114,1543599970.6489553
20211115,1600505507.874976
20211116,1533184747.8212693
20211117,1465236017.310617
20211118,1488271849.2514992
20211119,1448076674.936332
20211120,1457131619.1890626
20211121,1503792882.7441518
20211122,1522791147.3889241
20211123,1454113009.849876
20211124,1483381282.783835
20211125,1445105591.3850021
20211126,1468171436.3952227
20211127,1270531742.8403034
20211128,1371663124.1767488
20211129,1432048003.5329702
20211130,1433333943.196775
20211201,1423611288.5810921
20211202,1433649597.766746
20211203,1419163731.7968626
20211204,1438756492.7882707
20211205,1209357528.723809
20211206,1347139958.8713982
20211207,1316070609.604618
20211208,1274943164.8203342
20211209,1241291858.8465986
20211210,1108337714.2943206
20211211,1053481898.8754755
20211212,1051597606.3675588
20211213,1033083328.3418698
20211214,840457675.7767624
20211215,865251124.6091459
20211216,890232311.8479718
20211217,910606035.8649478
20211218,845859500.7047539
20211219,892805498.9732875
20211220,1125529127.60641
20211221,972849933.1204057
20211222,971853532.6526002
20211223,951651909.5750145
20211224,1043771502.9556761
20211225,1027655098.2378805
20211226,1107534130.436904
20211227,1093210743.4839194
20211228,1075572456.016976
20211229,991320292.3228328
20211230,939425783.0985042
20211231,986712611.4584507
20220101,954861905.8277301
20220102,1020484733.4264475
20220103,1008769753.914298
20220104,976854516.9831902
20220105,959737682.2279613
20220106,914737009.9217986
20220107,877874486.8636748
20220108,803739552.8478229
20220109,773926017.9860713
20220110,773407108.0291047
20220111,738838051.8233192
20220112,777658830.1065534
20220113,850527947.3672853
20220114,796744261.9079227
20220115,1025506493.769115
20220116,957676954.1928687
20220117,937183428.4378912
20220118,940240731.8779898
20220119,912738667.2356507
20220120,926532908.91996
20220121,906841809.5258492
20220122,739262312.5324695
20220123,749946861.102477
20220124,774527498.575048
20220125,756048847.7392551
20220126,750016725.4226822
20220127,821291864.5836806
20220128,825148894.0865349
20220129,832639076.5398434
20220130,866672620.8466271
20220131,831291079.2129918
20220201,875738339.3928804
20220202,865174340.9789966
20220203,860396683.5850118
20220204,871420459.1194705
20220205,911259850.2918357
20220206,935458773.5031958
20220207,933506044.9529396
20220208,973073153.9984822
20220209,948630957.730126
20220210,952054729.4195163
20220211,934866842.7814898
20220212,892446188.5005543
20220213,898438893.071704
20220214,887403870.9046034
20220215,948915501.0320096
20220216,958644536.3824904
20220217,936096008.3335274
20220218,855352238.0268008
20220219,808700224.8933808
20220220,816897253.0603426
20220221,778950565.3653655
20220222,706554435.6537521
20220223,755805248.2293072
20220224,748439021.671914
20220225,719466146.9751015
20220226,770416647.3449317
20220227,792496502.8204485
20220228,757155373.0109823
20220301,852941696.7735132
20220302,863317202.4591926
20220303,862525244.5039346
20220304,828901249.1098986
20220305,787490374.2687273
20220306,767358130.2762012
20220307,744373872.7290791
20220308,738911248.617495
20220309,723810610.6335007
20220310,776562188.5351633
20220311,751035036.212495
20220312,736950432.7571825
20220313,746223814.3242723
20220314,702758787.3973978
20220315,708431194.7334441
20220316,683882452.293809
20220317,787162796.6569089
20220318,735950934.11569
20220319,745594717.5134884
20220320,750033224.2249752
20220321,777408135.3262951
20220322,789704991.0278896
20220323,800344521.8049803
20220324,822299672.8021941
20220325,811754407.355893
20220326,835397241.8991919
20220327,848988988.9211488
20220328,901227752.0259082
20220329,898430457.2457051
20220330,924166862.107582
20220331,903417720.1647093
20220401,864962522.5435908
20220402,883948176.1834068
20220403,897652311.3541719
20220404,907508865.7494293
20220405,891797080.3062259
20220406,872125648.8267193
20220407,818363895.3652669
20220408,813320147.2043432
20220409,791686883.9806559
20220410,813428744.4643271
20220411,820371218.0191811
20220412,743218577.0233319
20220413,769519547.4463787
20220414,789434921.4618638
20220415,758504348.0876106
20220416,783433487.2939543
20220417,790858424.3924819
20220418,843640264.5232357
20220419,890568914.751128
20220420,883874493.8544996
20220421,858524267.3676251
20220422,943366342.2175837
20220423,895953021.220505
20220424,880557414.1619438
20220425,877022810.1903385
20220426,867860303.8023406
20220427,822737818.9177456
20220428,826825896.211299
20220429,826385437.1527187
20220430,803651717.0149578
20220501,774148816.8634079
20220502,801462269.0042341
20220503,781887156.6913023
20220504,771435654.7232741
20220505,811172320.457921
20220506,726775141.5906628
20220507,721081729.8640606
20220508,718918114.704858
20220509,686806722.2677382
20220509,607674390.19125