20160418,0
20160419,0
20160420,0
20160421,0
20160422,0
20160423,0
20160424,0
20160425,0
20160426,0
20160427,0
20160428,0
20160429,0
20160430,0
20160501,0
20160502,0
20160503,0
20160504,13719000.0
20160505,20520000.0
20160506,29840000.0
20160507,25520000.0
20160508,23760000.0
20160509,23880000.0
20160510,26160000.0
20160511,26880000.0
20160512,25480000.0
20160513,25860000.0
20160514,24260000.000000004
20160515,20539999.999999996
20160516,19500000.0
20160517,20140000.0
20160518,20420000.0
20160519,18200000.000000007
20160520,19040000.0
20160521,18140000.0
20160522,18520000.0
20160523,17880000.0
20160524,17480000.0
20160525,16780000.000000004
20160526,18639999.999999996
20160527,17360000.0
20160528,18760000.000000007
20160529,17800000.0
20160530,17059999.999999993
20160531,16780000.000000004
20160601,17699999.999999996
20160602,18159999.999999996
20160603,20500000.0
20160604,19820000.0
20160605,19860000.0
20160606,18780000.000000004
20160607,19239999.999999996
20160608,19440000.000000004
20160609,20860000.0
20160610,22740000.0
20160611,21820000.0
20160612,22200000.0
20160613,28880000.0
20160614,26000000.0
20160615,25920000.000000004
20160616,31240000.0
20160617,27340000.0
20160618,24920000.0
20160619,22920000.0
20160620,21820000.0
20160621,21780000.0
20160622,21540000.0
20160623,21219999.999999996
20160624,23380000.0
20160625,23700000.0
20160626,21760000.000000004
20160627,22580000.0
20160628,20480000.0
20160629,21720000.0
20160630,20800000.0
20160701,20880000.0
20160702,19739999.999999996
20160703,20140000.0
20160704,19239999.999999996
20160705,18860000.0
20160706,18360000.0
20160707,18780000.000000004
20160708,18920000.000000004
20160709,18140000.0
20160710,18320000.0
20160711,17700000.0
20160712,17880000.0
20160713,17680000.0
20160714,19920000.000000004
20160715,20660000.0
20160716,20620000.0
20160717,19600000.000000004
20160718,19140000.0
20160719,20240000.0
20160720,20160000.0
20160721,19540000.0
20160722,20900000.0
20160723,20700000.0
20160724,18940000.000000004
20160725,20000000.0
20160726,19640000.0
20160727,19559999.999999996
20160728,20460000.0
20160729,20720000.0
20160730,20660000.0
20160731,20520000.0
20160801,20180000.0
20160802,16940000.000000004
20160803,18239999.999999996
20160804,20640000.0
20160805,21860000.0
20160806,21660000.0
20160807,21940000.0
20160808,21860000.0
20160809,21000000.0
20160810,20720000.0
20160811,20640000.0
20160812,20200000.0
20160813,21200000.0
20160814,19940000.000000004
20160815,19739999.999999996
20160816,20000000.0
20160817,19660000.0
20160818,19280000.000000004
20160819,19180000.0
20160820,20760000.0
20160821,20000000.0
20160822,20020000.0
20160823,20519999.999999996
20160824,20940000.0
20160825,20540000.0
20160826,21320000.0
20160827,20719999.999999996
20160828,21220000.0
20160829,23539999.999999996
20160830,20580000.0
20160831,20660000.0
20160901,21180000.0
20160902,21480000.0
20160903,21020000.0
20160904,21020000.0
20160905,21079999.999999996
20160906,19699999.999999996
20160907,20040000.0
20160908,19719999.999999996
20160909,20220000.0
20160910,19219999.999999996
20160911,20520000.0
20160912,20940000.0
20160913,21400000.0
20160914,22960000.0
20160915,28360000.0
20160916,30340000.0
20160917,30320000.0
20160918,27780000.0
20160919,33660000.0
20160920,38560000.0
20160921,33960000.0
20160922,30920000.0
20160923,29920000.000000004
20160924,26860000.0
20160925,27460000.0
20160926,27940000.0
20160927,30160000.0
20160928,29460000.0
20160929,28000000.0
20160930,29020000.0
20161001,27920000.0
20161002,27260000.0
20161003,26680000.0
20161004,26480000.0
20161005,26380000.0
20161006,26260000.0
20161007,24340000.0
20161008,24280000.0
20161009,25900000.0
20161010,24560000.0
20161011,22920000.0
20161012,22440000.0
20161013,22820000.0
20161014,23180000.0
20161015,24220000.0
20161016,23920000.0
20161017,23900000.0
20161018,23800000.0
20161019,23240000.0
20161020,23540000.0
20161021,22560000.0
20161022,22020000.0
20161023,22500000.0
20161024,24100000.0
20161025,22820000.0
20161026,22940000.0
20161027,21899999.999999996
20161028,21680000.0
20161029,21540000.0
20161030,21420000.0
20161031,23379999.999999996
20161101,21120000.000000004
20161102,23080000.0
20161103,21380000.0
20161104,21560000.0
20161105,20780000.000000004
20161106,21900000.0
20161107,20960000.0
20161108,20800000.0
20161109,21040000.0
20161110,19460000.000000004
20161111,20000000.0
20161112,19280000.000000004
20161113,18500000.0
20161114,19140000.0
20161115,18360000.0
20161116,18020000.0
20161117,17960000.0
20161118,17600000.000000004
20161119,17520000.0
20161120,17660000.0
20161121,18280000.0
20161122,18340000.0
20161123,19760000.0
20161124,21240000.0
20161125,17560000.0
20161126,18180000.0
20161127,17219999.999999996
20161128,18300000.0
20161129,17859999.999999996
20161130,17760000.000000004
20161201,17400000.0
20161202,15680000.0
20161203,15760000.0
20161204,16700000.0
20161205,17960000.0
20161206,21240000.0
20161207,17880000.0
20161208,19280000.000000004
20161209,19719999.999999996
20161210,19379999.999999996
20161211,20160000.0
20161212,19800000.0
20161213,19380000.0
20161214,20379999.999999996
20161215,19680000.0
20161216,20440000.0
20161217,18780000.000000004
20161218,18480000.0
20161219,17780000.000000004
20161220,18880000.0
20161221,19239999.999999996
20161222,18739999.999999996
20161223,18780000.000000004
20161224,17940000.000000004
20161225,16800000.000000004
20161226,15860000.0
20161227,16860000.0
20161228,17260000.000000004
20161229,17360000.0
20161230,17960000.0
20161231,17059999.999999996
20170101,18079999.999999996
20170102,17199999.999999996
20170103,17380000.0
20170104,18620000.000000004
20170105,18260000.000000004
20170106,17360000.0
20170107,17780000.000000004
20170108,17840000.0
20170109,20719999.999999993
20170110,19540000.0
20170111,17520000.0
20170112,17880000.0
20170113,18280000.000000004
20170114,17579999.999999996
20170115,18440000.000000004
20170116,17840000.0
20170117,18879999.999999996
20170118,18620000.000000004
20170119,18120000.0
20170120,18399999.999999996
20170121,18480000.0
20170122,17860000.0
20170123,18660000.0
20170124,18340000.0
20170125,19739999.999999996
20170126,19579999.999999996
20170127,19480000.0
20170128,19000000.0
20170129,19660000.0
20170130,19920000.000000004
20170131,19780000.000000004
20170201,20200000.0
20170202,24560000.0
20170203,18920000.000000004
20170204,20520000.0
20170205,19920000.000000004
20170206,20420000.0
20170207,20420000.0
20170208,20300000.0
20170209,18640000.0
20170210,18120000.0
20170211,18320000.0
20170212,18219999.999999996
20170213,15620000.0
20170214,16760000.000000002
20170215,21300000.0
20170216,20420000.0
20170217,19620000.0
20170218,19079999.999999996
20170219,18640000.0
20170220,18760000.000000004
20170221,18760000.000000004
20170222,18760000.000000004
20170223,18760000.000000004
20170224,19079999.999999996
20170225,18380000.0
20170226,18140000.0
20170227,18820000.0
20170228,18980000.0
20170301,20080000.0
20170302,20740000.0
20170303,21140000.0
20170304,21120000.0
20170305,20820000.0
20170306,20240000.0
20170307,20420000.0
20170308,19340000.0
20170309,18739999.999999996
20170310,18980000.0
20170311,18680000.0
20170312,21080000.0
20170313,18820000.0
20170314,27720000.0
20170315,31120000.0
20170316,27560000.0
20170317,30260000.0
20170318,27040000.0
20170319,30820000.0
20170320,29940000.0
20170321,31680000.0
20170322,32600000.0
20170323,31640000.0
20170324,31660000.0
20170325,29260000.0
20170326,29460000.0
20170327,31239999.999999996
20170328,34060000.0
20170329,38340000.00000001
20170330,43380000.00000001
20170331,38420000.0
20170401,36920000.0
20170402,39020000.00000001
20170403,36160000.0
20170404,36340000.0
20170405,35740000.0
20170406,36980000.0
20170407,34840000.00000001
20170408,34340000.00000001
20170409,34800000.0
20170410,32720000.0
20170411,33560000.0
20170412,33980000.0
20170413,33900000.0
20170414,34160000.0
20170415,34380000.0
20170416,35100000.0
20170417,35400000.0
20170418,34580000.0
20170419,34500000.0
20170420,38820000.0
20170421,42940000.0
20170422,38860000.0
20170423,39620000.0
20170424,41160000.0
20170425,49420000.0
20170426,52260000.0
20170427,51560000.0
20170428,53800000.0
20170429,56640000.0
20170430,56780000.0
20170501,57900000.0
20170502,59900000.0
20170503,61840000.0
20170504,67880000.0
20170505,73380000.0
20170506,70560000.0
20170507,72120000.0
20170508,89920000.0
20170509,83460000.0
20170510,81940000.0
20170511,83780000.0
20170512,89080000.0
20170513,90380000.0
20170514,89940000.0
20170515,87160000.0
20170516,88240000.0
20170517,113320000.0
20170518,120580000.0
20170519,126560000.0
20170520,144280000.0
20170521,143480000.0
20170522,157460000.0
20170523,175000000.0
20170524,190660000.0
20170525,162240000.0
20170526,132640000.0
20170527,147660000.0
20170528,160480000.0
20170529,149800000.0
20170530,157720000.0
20170531,157640000.0
20170601,160280000.0
20170602,165100000.0
20170603,156820000.0
20170604,155840000.0
20170605,162860000.0
20170606,178060000.0
20170607,184980000.0
20170608,175420000.0
20170609,178940000.0
20170610,210240000.0
20170611,203480000.0
20170612,187020000.0
20170613,197500000.0
20170614,183260000.0
20170615,181180000.0
20170616,181280000.0
20170617,182080000.0
20170618,175940000.0
20170619,206380000.0
20170620,200020000.0
20170621,178440000.0
20170622,192240000.0
20170623,190300000.0
20170624,178660000.0
20170625,177780000.0
20170626,168200000.0
20170627,170800000.0
20170628,180800000.0
20170629,167460000.0
20170630,163560000.0
20170701,156200000.0
20170702,152680000.0
20170703,160920000.0
20170704,157120000.0
20170705,154380000.0
20170706,150120000.0
20170707,122580000.0
20170708,128040000.0
20170709,117820000.0
20170710,105660000.0
20170711,106680000.0
20170712,132280000.0
20170713,116020000.0
20170714,108500000.0
20170715,93320000.0
20170716,92320000.0
20170717,103740000.0
20170718,118020000.0
20170719,114140000.0
20170720,121900000.0
20170721,115340000.0
20170722,116540000.0
20170723,117800000.0
20170724,130560000.0
20170725,123580000.0
20170726,130220000.0
20170727,124440000.0
20170728,117760000.0
20170729,118400000.0
20170730,123400000.0
20170731,125260000.0
20170801,137960000.0
20170802,141380000.0
20170803,141580000.0
20170804,140740000.0
20170805,142900000.0
20170806,142980000.0
20170807,149900000.0
20170808,183000000.0
20170809,160180000.0
20170810,155420000.0
20170811,159540000.0
20170812,168440000.0
20170813,153740000.0
20170814,153280000.0
20170815,153540000.0
20170816,165220000.0
20170817,165520000.0
20170818,150920000.0
20170819,149900000.0
20170820,157520000.0
20170821,157260000.0
20170822,155060000.0
20170823,172420000.0
20170824,188460000.0
20170825,193660000.0
20170826,197160000.0
20170827,191880000.0
20170828,198920000.0
20170829,197460000.0
20170830,201920000.0
20170831,197040000.0
20170901,193240000.0
20170902,168160000.0
20170903,182680000.0
20170904,145300000.0
20170905,155500000.0
20170906,176940000.0
20170907,180580000.0
20170908,156420000.0
20170909,187000000.0
20170910,158780000.0
20170911,175920000.0
20170912,155580000.0
20170913,148800000.0
20170914,118820000.0
20170915,136260000.0
20170916,128810800.0
20170917,130971200.0
20170918,148358400.0
20170919,154022400.0
20170920,141071800.0
20170921,128667000.0
20170922,127705400.0
20170923,134877800.0
20170924,137165000.0
20170925,142397800.0
20170926,141480400.0
20170927,148642800.0
20170928,157243800.0
20170929,157481400.0
20170930,159772600.0
20171001,159723600.0
20171002,153350800.0
20171003,143931600.0
20171004,138489400.0
20171005,137589800.0
20171006,142009600.0
20171007,155506800.0
20171008,146791200.0
20171009,141497200.0
20171010,133537200.0
20171011,146827600.0
20171012,135047600.0
20171013,148655600.0
20171014,142966400.0
20171015,131955200.0
20171016,142159400.0
20171017,141190800.0
20171018,141179000.0
20171019,128006600.0
20171020,129431000.0
20171021,126571600.0
20171022,124892600.0
20171023,117811800.0
20171024,119395800.0
20171025,128116600.0
20171026,118035000.0
20171027,118812000.0
20171028,118679200.0
20171029,124373000.0
20171030,122086600.0
20171031,127125600.0
20171101,116116000.0
20171102,122869800.0
20171103,138659400.0
20171104,138574400.0
20171105,129798000.0
20171106,125487600.0
20171107,129150200.0
20171108,133698000.0
20171109,131271200.0
20171110,121204000.0
20171111,123732200.0
20171112,116741800.0
20171113,140239400.0
20171114,150584800.0
20171115,153062400.0
20171116,156713400.0
20171117,154514000.0
20171118,141221200.0
20171119,140825200.0
20171120,144500800.0
20171121,144748000.0
20171122,152777000.0
20171123,158208000.0
20171124,160582800.0
20171125,178658200.0
20171126,181210200.0
20171127,214328000.0
20171128,226388000.0
20171129,190812200.0
20171130,202202000.0
20171201,209630000.0
20171202,201700000.0
20171203,213750000.0
20171204,237314000.0
20171205,230458000.0
20171206,210544000.0
20171207,190344400.0
20171208,212248000.0
20171209,203608000.0
20171210,199539800.0
20171211,208430000.0
20171212,261574000.0
20171213,274172000.0
20171214,283144000.0
20171215,279556000.0
20171216,280858000.0
20171217,334864000.0
20171218,387498000.0
20171219,361474000.0
20171220,319694000.0
20171221,348690000.0
20171222,285030000.0
20171223,300862000.0
20171224,315220000.0
20171225,357962000.0
20171226,337232000.0
20171227,361248000.0
20171228,321456000.0
20171229,333864000.0
20171230,306512000.0
20171231,314196000.0
20180101,326374000.0
20180102,348568000.0
20180103,361180000.0
20180104,386228000.0
20180105,389630000.0
20180106,368560000.0
20180107,381310000.0
20180108,418912000.0
20180109,454298000.0
20180110,426778000.0
20180111,384492000.0
20180112,413720000.0
20180113,465466000.0
20180114,429682000.0
20180115,394806000.0
20180116,371714000.0
20180117,352428000.0
20180118,361920000.0
20180119,358364000.0
20180120,417818000.0
20180121,377016000.0
20180122,356416000.0
20180123,381610000.0
20180124,372348000.0
20180125,417696000.0
20180126,502130000.0
20180127,475752000.0
20180128,485068000.0
20180129,457676000.0
20180130,450170000.0
20180131,460268000.0
20180201,466602000.0
20180202,519790000.0
20180203,912874000.0
20180204,777058000.0
20180205,671542000.0
20180206,424224000.0
20180207,425038000.0
20180208,517256000.0
20180209,579252000.0
20180210,550034000.0
20180211,490522000.0
20180212,452916000.0
20180213,482942000.0
20180214,444458000.0
20180215,482830000.0
20180216,488906000.0
20180217,492588000.0
20180218,493206000.0
20180219,641750000.0
20180220,603402000.0
20180221,598876000.0
20180222,626566000.0
20180223,630638000.0
20180224,730226000.0
20180225,737158000.0
20180226,828382000.0
20180227,821542000.0
20180228,974820000.0
20180301,1107594000.0
20180302,1024626000.0
20180303,972630000.0
20180304,1057020000.0
20180305,976582000.0
20180306,968628000.0
20180307,959264000.0
20180308,830666000.0
20180309,666930000.0
20180310,727136000.0
20180311,694890000.0
20180312,725536000.0
20180313,679686000.0
20180314,654736000.0
20180315,630434000.0
20180316,735124000.0
20180317,813866000.0
20180318,733344000.0
20180319,695318000.0
20180320,693536000.0
20180321,714498000.0
20180322,747094000.0
20180323,716376000.0
20180324,702928000.0
20180325,681164000.0
20180326,665638000.0
20180327,663708000.0
20180328,612854000.0
20180329,587870000.0
20180330,485404000.0
20180331,491602000.0
20180401,491668000.0
20180402,444622000.0
20180403,461726000.0
20180404,467128000.0
20180405,415556000.0
20180406,419668000.0
20180407,424552000.0
20180408,428130000.0
20180409,431704000.0
20180410,414776000.0
20180411,418776000.0
20180412,425882000.0
20180413,429251336.5107173
20180414,416358087.256415
20180415,402782530.2867643
20180416,431710035.1334364
20180417,447685590.5600429
20180418,414472244.1047724
20180419,422733090.3218726
20180420,456944550.5484365
20180421,461613821.41510886
20180422,534306393.7760491
20180423,508024489.0663351
20180424,475808611.3080405
20180425,515699188.07898045
20180426,467803587.22262436
20180427,456589055.49737024
20180428,424391657.6818821
20180429,436817033.28601533
20180430,445883471.7067867
20180501,446569614.48325473
20180502,474756191.7832279
20180503,437638303.935316
20180504,389934522.9117825
20180505,417667095.07070386
20180506,407141524.7378393
20180507,473858185.77566427
20180508,446578060.3837625
20180509,394449357.9652194
20180510,368314193.3395237
20180511,384521340.0377408
20180512,361339802.7046854
20180513,325832671.9929308
20180514,337389622.26592577
20180515,324246450.18593323
20180516,321705538.54987633
20180517,314539607.30983573
20180518,356901774.8733534
20180519,352743832.0866387
20180520,319966120.5791201
20180521,309353906.8994536
20180522,309562432.9635939
20180523,284417694.5738762
20180524,265616531.04996642
20180525,262825871.22196156
20180526,253964712.72112378
20180527,247081357.48523915
20180528,246329842.70202684
20180529,231507049.12344518
20180530,249363498.65149984
20180531,244449867.49662888
20180601,247910185.53579658
20180602,249010804.48342046
20180603,250958081.70017788
20180604,256590191.13593155
20180605,330206758.26318663
20180606,288748853.7052514
20180607,293607778.6742537
20180608,288049452.13712436
20180609,297944661.8730445
20180610,271593362.71244884
20180611,233916528.77624264
20180612,230149893.61007944
20180613,213773205.96160647
20180614,209393549.32283258
20180615,224213315.08829603
20180616,209473201.5187797
20180617,209973181.57443416
20180618,207343369.7116713
20180619,215971250.1528074
20180620,218808919.79965642
20180621,217984860.79997018
20180622,216230752.28065073
20180623,196163149.30713856
20180624,199188600.74926952
20180625,189440445.78305933
20180626,198272898.77194858
20180627,191361895.63883862
20180628,194374969.9673824
20180629,185914831.72043496
20180630,194138636.9847512
20180701,200514936.0381184
20180702,199941149.05090547
20180703,211095420.72632408
20180704,206647281.914423
20180705,209199338.69964284
20180706,207031896.1486568
20180707,208782604.81554615
20180708,213013775.60184437
20180709,212001276.11136764
20180710,200202734.69518796
20180711,187574352.6693013
20180712,187393443.50990587
20180713,184193567.75682816
20180714,183203634.822369
20180715,184874348.4243801
20180716,188918352.67654744
20180717,202979384.54729337
20180718,216836421.93789926
20180719,212097430.4487124
20180720,206210812.6584464
20180721,181472317.3097353
20180722,183278439.22507986
20180723,182462128.12874588
20180724,182743666.95650455
20180725,190995063.03470236
20180726,186269851.9409431
20180727,181873481.0107537
20180728,181169333.81523386
20180729,180073575.9898491
20180730,178456710.24530584
20180731,177077975.8401365
20180801,170217116.75308296
20180802,163855418.86642566
20180803,156376065.0467787
20180804,163051363.43485913
20180805,151924308.9204492
20180806,153730388.08311775
20180807,151674290.0051053
20180808,148982314.61095947
20180809,132180980.21682508
20180810,136419398.78072366
20180811,120869431.65224962
20180812,110985304.21995665
20180813,114801500.99453029
20180814,94043953.8617501
20180815,95776167.2459719
20180816,95651242.65424743
20180817,100767323.95033084
20180818,115414143.28389342
20180819,105427779.98271404
20180820,114486494.26899514
20180821,106739305.22890647
20180822,108918928.49732423
20180823,103687624.9875165
20180824,106592768.41921517
20180825,106543577.62668285
20180826,110850861.57554238
20180827,106218048.90397482
20180828,112381470.7796891
20180829,115696816.32439303
20180830,108923212.05471484
20180831,106262395.37889975
20180901,101934165.20506686
20180902,107629853.4355977
20180903,104312403.93508162
20180904,103225175.99273063
20180905,105444044.38270932
20180906,82145446.91838615
20180907,87287798.72735001
20180908,82808065.54001056
20180909,73078558.3326051
20180910,75554406.11970344
20180911,75270208.94234361
20180912,67721972.70719919
20180913,68176891.63043185
20180914,70065254.3104491
20180915,70672371.11601198
20180916,72818928.6506746
20180917,72510439.1920805
20180918,65446326.247705586
20180919,67035997.29284624
20180920,68259624.46087459
20180921,72082700.23164196
20180922,78442414.53371006
20180923,80723725.65077673
20180924,78867766.26377808
20180925,74894416.04561299
20180926,72131557.9182326
20180927,72365525.92358145
20180928,75362782.80235472
20180929,74938767.5619912
20180930,76238208.67409407
20181001,78132366.22283241
20181002,77140686.07446225
20181003,76063035.70887989
20181004,74931240.69220617
20181005,76026494.07782169
20181006,78402563.61964408
20181007,85594691.18288423
20181008,83235011.19286455
20181009,83473142.89174007
20181010,82775645.91009496
20181011,82159017.47123188
20181012,71327717.10654774
20181013,75064826.53643613
20181014,75049160.0714304
20181015,78734801.31960478
20181016,97795551.44026802
20181017,91114589.64377828
20181018,88721575.16222924
20181019,86823589.86310212
20181020,88658165.4384539
20181021,95052211.19777279
20181022,91334664.3975642
20181023,90304372.44886826
20181024,83651401.97056054
20181025,83698470.2585868
20181026,81631436.76137716
20181027,81303847.4900222
20181028,78925929.0277679
20181029,80082403.40710072
20181030,77152805.08603919
20181031,79409983.27743231
20181101,80462326.55697204
20181102,80417081.57329313
20181103,82049684.17260177
20181104,82715177.18205036
20181105,80597309.65649332
20181106,80003276.2141629
20181107,81499232.42264126
20181108,83445680.99858424
20181109,81297245.23577051
20181110,78974515.18365565
20181111,79464622.20822898
20181112,78028872.07524376
20181113,74687008.84511021
20181114,71525402.02136837
20181115,62695957.48758683
20181116,62572366.69300327
20181117,62055114.59252236
20181118,61223884.95839654
20181119,61296442.63591562
20181120,48311163.24375413
20181121,41868352.48803173
20181122,42415879.478738986
20181123,39152520.10779621
20181124,39436907.261185326
20181125,35452523.560188815
20181126,36053280.9750968
20181127,33869975.58494782
20181128,34005690.35522562
20181129,37267126.10457904
20181130,37193535.251021735
20181201,35286603.35251938
20181202,37968252.097316295
20181203,36708691.519905694
20181204,33503476.40530081
20181205,33768064.272322685
20181206,32278254.470392376
20181207,27888445.368907344
20181208,28317457.141813993
20181209,28047870.79713916
20181210,28875632.87158588
20181211,27225093.24556716
20181212,26529739.897893824
20181213,27082692.150954477
20181214,26059695.13597149
20181215,24868879.87224141
20181216,25577096.901948374
20181217,25895237.22483524
20181218,27705869.599289857
20181219,28782402.332610063
20181220,29887619.796463285
20181221,32731190.960445147
20181222,31221952.9234433
20181223,33271893.8939399
20181224,40627535.865030825
20181225,41340588.50782404
20181226,35214614.60314849
20181227,35644303.002798334
20181228,31858109.497314543
20181229,35589638.30103323
20181230,38628942.899101675
20181231,38876695.374965645
20190101,34734770.35612699
20190102,36124591.416007474
20190103,39394791.616005495
20190104,38077697.68635861
20190105,39725122.88334753
20190106,41133673.07728583
20190107,42842033.41059203
20190108,42020520.71245546
20190109,40554039.9856126
20190110,40092775.85246916
20190111,34504089.54697485
20190112,34651762.87240292
20190113,34640133.56454986
20190114,31905243.946044095
20190115,34579322.50918019
20190116,32934371.98042218
20190117,35001702.273425914
20190118,36460964.572971776
20190119,34651771.217725225
20190120,36769936.90110117
20190121,34889884.72181218
20190122,37702105.16854522
20190123,36137434.22079779
20190124,36170627.17762031
20190125,37782609.354718655
20190126,37519297.54595957
20190127,37891834.84247359
20190128,35712244.37332237
20190129,32644842.885918796
20190130,32026821.575767044
20190131,32586285.516492456
20190201,30420634.700285006
20190202,31901042.740445275
20190203,31697685.867805522
20190204,31165694.024226338
20190205,31075643.809881907
20190206,31076759.350322634
20190207,29726365.25958964
20190208,30341765.54539008
20190209,32954526.39823776
20190210,33378729.53044775
20190211,33447681.687761076
20190212,32779109.65627704
20190213,32521399.64067401
20190214,32364973.904661976
20190215,31447257.703199368
20190216,30772942.515213788
20190217,30266264.814483147
20190218,29401962.345836416
20190219,31719151.576382782
20190220,31662653.576787837
20190221,32478984.827949148
20190222,31429583.993312005
20190223,32172373.27243444
20190224,32680208.631536175
20190225,30164294.287043255
20190226,30915292.07775849
20190227,31788335.04711605
20190228,31275750.605599377
20190301,30932337.76893464
20190302,33642439.785315335
20190303,31703726.36797807
20190304,30992167.538653884
20190305,30087408.488858093
20190306,30529032.096274078
20190307,30351343.75926167
20190308,30450522.312564112
20190309,30791455.576277032
20190310,31653206.178438958
20190311,31725047.680727668
20190312,32270123.057198264
20190313,33598602.0806981
20190314,32554612.952175904
20190315,33425282.645574242
20190316,34420976.466780104
20190317,34022085.66707216
20190318,34095356.66201191
20190319,33777707.776867546
20190320,33470968.200932812
20190321,34400469.19995854
20190322,33983197.78116185
20190323,36778472.570224
20190324,35628497.5849722
20190325,37191626.031520166
20190326,35758952.01882661
20190327,35202492.150280505
20190328,38618604.87195659
20190329,38188487.96917961
20190330,41818097.80193283
20190331,39047511.30344783
20190401,38530295.301005356
20190402,39045800.134847894
20190403,41887347.109042056
20190404,41139796.96016528
20190405,41185532.75927713
20190406,43606281.41434397
20190407,43675196.75369573
20190408,44563322.73025829
20190409,45024766.38361021
20190410,42484091.686508775
20190411,42083274.96896327
20190412,37832350.55055033
20190413,38318273.25626683
20190414,38972240.20558339
20190415,40301745.18175241
20190416,37971839.75284737
20190417,39201176.80973256
20190418,38205855.71768861
20190419,49012020.83280895
20190420,48915086.23761375
20190421,52536591.66528463
20190422,52741822.64834459
20190423,71857540.19157496
20190424,65513100.20722194
20190425,57887635.06323918
20190426,52029902.250137344
20190427,62602052.96816295
20190428,59242261.31377279
20190429,62106487.70615456
20190430,57383312.99527614
20190501,58034722.394687496
20190502,55546348.39044772
20190503,55431127.85757352
20190504,59938651.43775774
20190505,65580208.39392057
20190506,62066814.70456957
20190507,59858650.00329021
20190508,59975589.73922574
20190509,64547452.81715015
20190510,73282858.93198627
20190511,73238957.38171759
20190512,74678513.98684515
20190513,71650459.65496995
20190514,72155864.45513329
20190515,70932789.05820364
20190516,76600779.46826108
20190517,76383134.7193383
20190518,68746288.09015621
20190519,70157097.86224915
20190520,71941431.29524578
20190521,72314020.58412623
20190522,72570105.37309138
20190523,69707080.05143593
20190524,66944938.51179571
20190525,66534984.55184853
20190526,65445660.13186509
20190527,69341202.2695129
20190528,72224562.69184087
20190529,71907197.47677058
20190530,72363919.70853661
20190531,71839945.53584868
20190601,73467560.79798417
20190602,71235450.37868936
20190603,71427841.90073872
20190604,65786273.18932008
20190605,64402371.25929121
20190606,63684101.78079009
20190607,63196967.1166524
20190608,65715977.68384931
20190609,65061144.39367096
20190610,61630464.03072882
20190611,64744870.29993726
20190612,64013770.10788562
20190613,66546643.36768982
20190614,65461705.36279894
20190615,63998430.91435728
20190616,62713323.61509101
20190617,59207741.2666029
20190618,57303190.681731835
20190619,57084197.9006935
20190620,61757450.809138894
20190621,62093670.04403281
20190622,62867931.654225096
20190623,59352460.78984219
20190624,58558035.59712216
20190625,58539887.94800685
20190626,55649489.97762122
20190627,51028585.77020036
20190628,52779401.604827605
20190629,51375527.23684354
20190630,58346666.39455198
20190701,52022589.84162913
20190702,51631096.473976456
20190703,49130818.23111998
20190704,50240935.971014656
20190705,48467491.71914367
20190706,48472220.51081569
20190707,55987464.60756216
20190708,52391926.6843526
20190709,50527572.93680602
20190710,48769300.71037805
20190711,47053777.07302548
20190712,45594671.20128612
20190713,53516944.48182192
20190714,49299055.901433945
20190715,38948706.109816745
20190716,38796546.42877345
20190717,30821608.923861034
20190718,32294551.543795653
20190719,34557940.30681429
20190720,38126427.08590071
20190721,38456708.544100516
20190722,38692230.324328944
20190723,37708946.376000404
20190724,36167852.76446418
20190725,39196607.169427596
20190726,38616088.67259761
20190727,38708558.83026009
20190728,36923871.18976384
20190729,39423277.0181309
20190730,38076106.908482246
20190731,38465451.954952925
20190801,38713855.199296005
20190802,37000224.47545923
20190803,37666131.931431636
20190804,40702339.50772113
20190805,39344893.6933565
20190806,42947548.38823571
20190807,41294361.81654615
20190808,43916923.629120804
20190809,49959498.68557559
20190810,45739207.89740348
20190811,43209330.16429433
20190812,43162771.27023445
20190813,45805342.62073748
20190814,42553716.479261905
20190815,38027485.09403503
20190816,38748769.626710616
20190817,37236076.7502293
20190818,38443873.53722438
20190819,38945663.35024579
20190820,39131006.000084676
20190821,39135338.5961354
20190822,37368557.33574135
20190823,37557122.515890576
20190824,38268449.815837465
20190825,37922760.53568919
20190826,37352583.39238751
20190827,36376769.49559416
20190828,35724323.09731858
20190829,32750030.517416492
20190830,31375130.318912756
20190831,31502717.37074846
20190901,31323608.80049327
20190902,31306095.84489467
20190903,32668697.08481185
20190904,32116426.348861497
20190905,31007663.509414412
20190906,30396849.50135393
20190907,28029841.501411144
20190908,29189703.931198798
20190909,28080974.587178048
20190910,28068588.491792858
20190911,27258523.08793326
20190912,26514161.783730898
20190913,27215123.744181946
20190914,28358916.66140806
20190915,27644832.926505845
20190916,27738512.227209013
20190917,28683648.150052793
20190918,29034905.327336356
20190919,29799236.697820943
20190920,30421149.256638926
20190921,29863451.022847023
20190922,30429407.389094558
20190923,28600396.30077368
20190924,27555518.830957096
20190925,23105357.818596896
20190926,23286715.37833907
20190927,23293968.296492327
20190928,24519695.45427852
20190929,26397004.29963235
20190930,25433234.34233041
20191001,26775101.979400255
20191002,25988492.853876255
20191003,25988492.853876255
20191004,25664650.561565943
20191005,25687003.403225437
20191006,25426515.363734122
20191007,25002251.22436946
20191008,26043547.242324848
20191009,26494231.319921557
20191010,27358729.89841485
20191011,30102642.777742967
20191012,26715014.448630016
20191013,27220516.071270417
20191014,30569441.047322273
20191015,28847185.18015422
20191016,27198636.054266352
20191017,25168897.967253264
20191018,26810008.448771894
20191019,25605404.661475826
20191020,25317347.218285322
20191021,25159399.93800954
20191022,25055834.760387857
20191023,24762263.413653523
20191024,23373002.929296393
20191025,22828483.929807227
20191026,24339693.540544026
20191027,23595146.536294755
20191028,24918324.289327245
20191029,25003801.11313417
20191030,25417055.426410172
20191031,24581470.023156162
20191101,24138511.434251048
20191102,24850284.498655956
20191103,26686743.769793004
20191104,25538029.320808616
20191105,26460768.616914958
20191106,26454151.82805553
20191107,26694916.79283593
20191108,26573153.31817028
20191109,25164273.883902866
20191110,25252945.766372442
20191111,25030198.243198782
20191112,24513889.52039691
20191113,24726592.858465288
20191114,24731959.062411007
20191115,24478225.648700114
20191116,23802521.648652446
20191117,24082121.081145197
20191118,24352453.512649037
20191119,23318757.045063786
20191120,23469488.155274715
20191121,23926141.18051935
20191122,24038976.80710181
20191123,21461559.80689033
20191124,22419885.43198428
20191125,21878610.22238338
20191126,28943075.236446027
20191127,25585340.273380086
20191128,27317354.990735114
20191129,26961877.75777404
20191130,36423151.16549977
20191201,36518065.70588106
20191202,35799152.268963955
20191203,34476314.028107844
20191204,36223505.84281118
20191205,34567159.647059776
20191206,34738269.523927875
20191207,33600282.943678305
20191208,33830561.536179714
20191209,34641052.090726875
20191210,33968627.041418165
20191211,39094470.79601309
20191212,37810812.407645
20191213,38884842.9888302
20191214,39589356.78725903
20191215,39028590.877537906
20191216,37381564.34160292
20191217,36396327.45348284
20191218,31427920.715137966
20191219,34642984.484807074
20191220,33915877.616735436
20191221,33751374.06219415
20191222,32567237.348471943
20191223,35884552.09349162
20191224,33007616.983110417
20191225,33042912.628256503
20191226,32312913.711065866
20191227,32864426.139840312
20191228,35505825.65523151
20191229,33034223.699052192
20191230,34550443.63354582
20191231,36083486.00079496
20200101,35470763.35828263
20200102,36306649.699845575
20200103,34378493.83421507
20200104,34319906.867025465
20200105,35944204.5103784
20200106,35533246.87116252
20200107,38355680.6185621
20200108,39912199.54130295
20200109,37975354.85138718
20200110,39297488.64483535
20200111,40029402.61306537
20200112,40412220.62619738
20200113,40298488.71844975
20200114,40315497.72294862
20200115,47614482.84723527
20200116,46892308.06614094
20200117,46674775.371364884
20200118,57719049.02177312
20200119,56950700.9958764
20200120,54457216.41687078
20200121,62136941.42542471
20200122,62445185.55782499
20200123,60449124.47562943
20200124,58615563.36235768
20200125,58934971.16645116
20200126,58566791.81744075
20200127,60868034.238609165
20200128,62022991.92733589
20200129,63697593.33156001
20200130,63324001.02649072
20200131,66956187.21749051
20200201,65431747.83380777
20200202,66199371.63039205
20200203,68547208.77085264
20200204,69217346.13547033
20200205,68317492.47833246
20200206,75391659.28278784
20200207,78105200.85806516
20200208,81168403.93578352
20200209,81751830.72803357
20200210,82978358.91027434
20200211,82330329.51258208
20200212,88761056.05955835
20200213,99326885.24847686
20200214,98818267.66588785
20200215,98886354.41365047
20200216,93190264.74791113
20200217,91535829.72119635
20200218,93740679.87555191
20200219,101379291.72365327
20200220,94119583.99976201
20200221,93629695.02822942
20200222,96016025.40456346
20200223,94362110.23190449
20200224,99213794.47125706
20200225,96160966.02390523
20200226,90707198.7256688
20200227,82663974.11043386
20200228,83210027.88543922
20200229,84469731.22630675
20200301,82184610.8015553
20200302,82155696.22569305
20200303,86730880.02467452
20200304,84613892.69169754
20200305,83619001.30738877
20200306,85669159.67744319
20200307,90318754.80334845
20200308,89058417.4082279
20200309,76104735.44337825
20200310,75487790.35763758
20200311,75330140.730281
20200312,72213490.47184128
20200313,40275647.98027806
20200314,48197653.207270265
20200315,44461994.552295245
20200316,45582871.3673907
20200317,40497036.627903365
20200318,43258818.553344086
20200319,42669893.600190215
20200320,50680640.9783478
20200321,49512982.36335032
20200322,50223098.15047825
20200323,46758901.954966456
20200324,51022572.44603868
20200325,53533922.80335288
20200326,52543856.893423274
20200327,53352057.700631835
20200328,49893445.38956013
20200329,50511737.01394674
20200330,48139919.19019565
20200331,51155459.336023964
20200401,50694377.21603636
20200402,52076104.392574646
20200403,54026571.62599514
20200404,54207935.58759947
20200405,54847755.444761746
20200406,54449865.35611263
20200407,64768677.76819848
20200408,63411397.309284955
20200409,65702256.196102574
20200410,64979191.87120494
20200411,60434100.82088936
20200412,60361410.11411581
20200413,61594312.067831665
20200414,60211864.108989514
20200415,60647228.64355936
20200416,58754826.087874085
20200417,65762405.788018964
20200418,65320054.902825736
20200419,71392090.74920444
20200420,69785615.39084104
20200421,65355298.52248792
20200422,65268778.458436534
20200423,69400575.59529167
20200424,70796420.51441981
20200425,71267061.37407283
20200426,74116520.68307824
20200427,75254313.91283143
20200428,75476046.60081555
20200429,76117316.28042006
20200430,82811652.0451832
20200501,78945500.87187791
20200502,81667092.56118062
20200503,82128962.71249478
20200504,80812177.25201651
20200505,79544328.90013316
20200506,78741441.09102823
20200507,78805300.22200899
20200508,82019895.49885285
20200509,80755538.6490011
20200510,80391714.5323412
20200511,72833626.14951475
20200512,72308111.0255735
20200513,73635583.55715396
20200514,77905886.59504683
20200515,8985436.046828326
20200516,8644616.018910864
20200517,8892268.435168073
20200518,9240183.33742589
20200519,9450087.833714047
20200520,9478116.553393917
20200521,9357969.4446083
20200522,8817606.95687089
20200523,9251184.195619222
20200524,9233004.357710825
20200525,8788735.638664424
20200526,8757062.773934979
20200527,8535419.288450526
20200528,8842211.471192807
20200529,9493579.667884607
20200530,9208450.847554237
20200531,10175860.580969749
20200601,9732776.288610125
20200602,10346408.108712927
20200603,9840012.856111372
20200604,10043762.931179503
20200605,10000361.950257054
20200606,9832479.373355156
20200607,9961500.706166346
20200608,9877201.202413896
20200609,9363789.917635541
20200610,9257328.08658835
20200611,9332568.112588743
20200612,8749679.336376693
20200613,8998848.712593332
20200614,8983504.855819963
20200615,8615909.969888905
20200616,8550573.356174648
20200617,8710541.533972615
20200618,8653679.514252085
20200619,8530002.611051716
20200620,8502873.77244855
20200621,8444608.55960996
20200622,8446131.091450412
20200623,8984719.560848428
20200624,8946909.811372584
20200625,8370338.472491106
20200626,8299804.788297383
20200627,8152272.113438679
20200628,7842117.318793682
20200629,7942629.253065313
20200630,8136324.587586801
20200701,8032212.921569097
20200702,8179740.475053391
20200703,8048990.84053854
20200704,8021350.718774465
20200705,8043864.51882986
20200706,8030140.087252004
20200707,8496400.716051275
20200708,8416077.897600848
20200709,8692586.434124228
20200710,8507494.196651226
20200711,8464884.929796724
20200712,8405991.370788775
20200713,8460665.429549083
20200714,8358789.900743713
20200715,8404363.12238768
20200716,8312088.036195258
20200717,8234412.766794562
20200718,8159332.360315948
20200719,8287978.09317489
20200720,8353754.595001378
20200721,8219651.11258913
20200722,8630196.514512042
20200723,9314201.181421712
20200724,9451585.429536792
20200725,9600258.254781177
20200726,10422355.48907261
20200727,10593060.083692424
20200728,10975905.488254448
20200729,10610862.330974303
20200730,10735040.17531952
20200731,10169526.52942231
20200801,11293363.746035604
20200802,12679237.38027751
20200803,11904803.356970737
20200804,12796497.531511465
20200805,12670278.093213907
20200806,13014836.0420523
20200807,12962504.882739395
20200808,12236729.554716593
20200809,12515047.419521136
20200810,12446263.944670385
20200811,12553690.632228965
20200812,12108996.889153326
20200813,12391769.526366413
20200814,13403675.403159186
20200815,13784883.980916457
20200816,13545979.904510016
20200817,13502187.547598597
20200818,13557429.751125015
20200819,13153486.326437885
20200820,12651693.822236573
20200821,12924174.959506564
20200822,0.008200526485746103
20200823,11683513.884099295
20200824,11699124.43760719
20200825,12572390.74517635
20200826,11836137.540396824
20200827,11883089.506181175
20200828,11710892.736713767
20200829,12122580.89396986
20200830,12261623.84275207
20200831,12970695.283040997
20200901,13333218.08211119
20200902,14219444.726518027
20200903,12998484.408836532
20200904,11374872.014486043
20200905,11461427.72750992
20200906,9696413.284736639
20200907,10325539.584120395
20200908,10239086.112936504
20200909,9837633.041260868
20200910,10213724.320091212
20200911,10682656.893015657
20200912,10889477.674699022
20200913,11187017.81174745
20200914,10591351.76492204
20200915,10883725.11737749
20200916,10479059.113841066
20200917,10493348.413697502
20200918,11183778.373371346
20200919,10978461.575266931
20200920,11042124.484577883
20200921,10679338.024391199
20200922,9850159.426133951
20200923,9569390.465680577
20200924,9128754.155993864
20200925,9959879.749169286
20200926,10064058.66178791
20200927,10124685.737417573
20200928,10202303.142612949
20200929,10119561.791399164
20200930,10258148.253741372
20201001,10281632.741770638
20201002,10046065.881747913
20201003,9870328.592987832
20201004,9924683.621021759
20201005,10079165.06326208
20201006,10117245.063423377
20201007,9724550.45572432
20201008,9764483.245155387
20201009,9994172.632960048
20201010,10440585.702325063
20201011,10551891.267769845
20201012,10686029.379292915
20201013,11025549.817683706
20201014,10841698.602421585
20201015,10767935.225748079
20201016,10679532.156617777
20201017,10414859.204485001
20201018,10445923.628941422
20201019,10705608.245977145
20201020,10738260.314497527
20201021,10403805.679301674
20201022,11053019.017530575
20201023,11522657.350523086
20201024,11531509.81357518
20201025,11558363.79793001
20201026,11405027.57733314
20201027,11062961.258169537
20201028,11310595.204486491
20201029,10930628.56558941
20201030,10891463.550401881
20201031,10761872.656460185
20201101,10828281.655744307
20201102,11084977.00824308
20201103,10810656.370228939
20201104,10949703.389002958
20201105,11237572.264491333
20201106,11616503.004975528
20201107,12688405.70020831
20201108,12196194.085055783
20201109,12731724.798364189
20201110,12274563.303104484
20201111,12528143.870187372
20201112,12950828.28966325
20201113,12859292.638818495
20201114,13261256.192472868
20201115,12801494.244141467
20201116,12466263.9905588
20201117,12833848.17274135
20201118,13341195.872665785
20201119,13243557.036428958
20201120,12997226.236445999
20201121,14053106.073354755
20201122,15099389.530231554
20201123,15650158.64194969
20201124,16633350.935804714
20201125,16544871.871767594
20201126,15747845.291688679
20201127,14267326.513443084
20201128,14148932.0448859
20201129,14801249.144271253
20201130,15678801.906371376
20201201,16695103.638354458
20201202,16062377.715337865
20201203,16418297.06260308
20201204,16815568.97214712
20201205,15557677.005242225
20201206,16226058.286902757
20201207,16251625.616043352
20201208,16001516.439266263
20201209,15036873.229472894
20201210,15524278.998483825
20201211,15064224.332455397
20201212,14719704.856331306
20201213,15282992.143425008
20201214,15853155.107711555
20201215,15787870.785618888
20201216,15873463.773296628
20201217,17044351.12004638
20201218,17303668.41400116
20201219,17475081.33659516
20201220,17629173.98183728
20201221,17044905.217301138
20201222,16262307.851754354
20201223,16828069.95829542
20201224,15842365.997556273
20201225,16300107.13574502
20201226,16710196.23019006
20201227,16967507.75255679
20201228,18208241.929916877
20201229,19059314.738943335
20201230,19377491.707095597
20201231,19594108.648728207
20210101,14660229.836064428
20210102,19346304.04106315
20210103,20356497.541709032
20210104,24938963.20195514
20210105,25609801.932757586
20210106,27441802.509815354
20210107,30077158.850937407
20210108,30474665.593968615
20210109,29836651.42836526
20210110,31907092.58898059
20210111,31522523.610172354
20210112,26692663.917232014
20210113,25689002.421453092
20210114,27475151.67254743
20210115,29611321.150580954
20210116,28392294.264711443
20210117,29696266.75695204
20210118,29452108.753953557
20210119,30028483.720545795
20210120,32777122.33998402
20210121,32270311.65754731
20210122,27259167.619602446
20210123,29349292.255658235
20210124,29367688.229211472
20210125,32667030.526790597
20210126,31292191.375425667
20210127,31924590.037530396
20210128,29343510.486610062
20210129,31497251.363545794
20210130,32486805.97976706
20210131,32293751.988619298
20210201,30833866.082983416
20210202,32098733.327537086
20210203,35504373.22065429
20210204,38507415.33967995
20210205,37416230.442021385
20210206,39875880.42196487
20210207,38905590.06552203
20210208,37009133.45492543
20210209,40282164.77188841
20210210,40505431.30508635
20210211,40045587.197488904
20210212,40665657.575220264
20210213,41906760.809377834
20210214,41207846.614583045
20210215,40860140.117367454
20210216,40166289.09346632
20210217,40223677.01065259
20210218,41119442.64011944
20210219,43685202.430916525
20210220,44280669.045700304
20210221,43061485.662905306
20210222,43204655.97725475
20210223,39698429.4973884
20210224,34779950.49032761
20210225,36328298.479809366
20210226,33311282.584450345
20210227,32469449.215934765
20210228,32575958.508865062
20210301,31744514.95906572
20210302,35081241.570251904
20210303,33367442.705149837
20210304,34532413.8888987
20210305,34229095.65920832
20210306,33683350.20277795
20210307,34253540.619163424
20210308,35300791.97374631
20210309,37720150.08375278
20210310,38403365.06041979
20210311,37220502.50992225
20210312,37577809.31287024
20210313,36448961.30814596
20210314,39443352.507853605
20210315,38184448.47203393
20210316,35791198.765236266
20210317,36393078.03129872
20210318,37037667.80174079
20210319,36147083.517457105
20210320,36478485.69675246
20210321,36675763.593725726
20210322,36019458.13647403
20210323,33946048.12403059
20210324,33106745.79380574
20210325,31747237.93009245
20210326,31617599.76843877
20210327,33602669.29051132
20210328,34012925.23926332
20210329,33355638.202925224
20210330,35906797.07373707
20210331,36238011.17916012
20210401,37132613.688127145
20210402,38811902.432114154
20210403,42187227.51559986
20210404,40036000.34653817
20210405,40922684.87594343
20210406,41262943.90949738
20210407,41441047.383237176
20210408,38948778.705750555
20210409,40659352.464278586
20210410,40310693.150807425
20210411,41615983.219032735
20210412,41894533.04493457
20210413,41906834.01735748
20210414,44886605.58531209
20210415,47342950.22537566
20210416,48567425.397226036
20210417,46837715.58638957
20210418,45037147.635518245
20210419,42939819.093789406
20210420,41540825.607979536
20210421,44381757.53746527
20210422,44934403.68195242
20210423,45813379.683319695
20210424,45104242.97792447
20210425,42234807.40697113
20210426,43345002.64611538
20210427,47722196.55670444
20210428,50568641.857329234
20210429,51713253.43349962
20210430,51958015.80184025
20210501,52243583.30154099
20210502,55664598.92985289
20210503,55407256.88844147
20210504,64830870.27376357
20210505,61365565.082625486
20210506,65741852.05746036
20210507,65009996.276945755
20210508,64758924.910696305
20210509,70860921.91916326
20210510,71673391.94674529
20210511,72107502.60994174
20210512,75275744.64353195
20210513,71655199.55104975
20210514,67274488.39073947
20210515,73514365.01987186
20210516,66775252.00254768
20210517,64572648.96413437
20210518,58729803.802518755
20210519,59904728.800608575
20210520,45914954.54651955
20210521,49331261.41604049
20210522,43022292.600667596
20210523,40978822.6199001
20210524,37930066.91879415
20210525,46752039.999908864
20210526,47857190.56738058
20210527,51095968.42293073
20210528,48969870.241925426
20210529,42509495.31529711
20210530,40645688.95937075
20210531,41877304.51757369
20210601,47340640.58769149
20210602,46012243.64526757
20210603,47446339.59615808
20210604,50304082.65605483
20210605,47140970.454212606
20210606,45214217.50738356
20210607,47330030.76564693
20210608,45801241.34867538
20210609,44818422.277016014
20210610,45877965.813008636
20210611,43694239.3700548
20210612,40964166.362053804
20210613,41816247.86307545
20210614,43955725.26017967
20210615,45261768.393076256
20210616,45330551.45889347
20210617,41474023.470713705
20210618,41487971.08854545
20210619,39038423.08270478
20210620,38099684.98163671
20210621,39164948.77693833
20210622,33455200.4956357
20210623,32469690.946504883
20210624,34420897.97660605
20210625,34757656.61236967
20210626,31913915.115422405
20210627,31313351.50477094
20210628,34250263.75128405
20210629,36173411.89269843
20210630,37866919.9791432
20210701,39644810.59188931
20210702,36623591.69235752
20210703,36969521.373815745
20210704,35594468.79219282
20210705,40171981.28579227
20210706,37602821.02371573
20210707,39324341.96969483
20210708,39251442.161397785
20210709,35672417.70878505
20210710,36335779.00651003
20210711,34960883.03837494
20210712,35507719.104349494
20210713,34017489.18765598
20210714,32328717.297208715
20210715,32913530.63542408
20210716,31530817.344879657
20210717,30863041.9656989
20210718,31108116.88335795
20210719,31320959.743970953
20210720,29976455.797266163
20210721,29409877.16859606
20210722,32667855.744960256
20210723,32933675.406033564
20210724,33662869.83123515
20210725,35099620.78878282
20210726,35540000.038017675
20210727,36797247.50921875
20210728,37468061.011973925
20210729,37830348.34065044
20210730,39111260.82282735
20210731,40021551.62225608
20210801,41818556.63246182
20210802,41911327.05879507
20210803,43045478.63516386
20210804,41168887.845933974
20210805,44774295.3814012
20210806,46685907.18829483
20210807,47477356.06826993
20210808,50870818.80651532
20210809,49768611.35394592
20210810,50305298.32197444
20210811,51216650.09038666
20210812,52948304.05301104
20210813,51155358.61918857
20210814,53710340.10578162
20210815,52913830.13988745
20210816,53703243.23523834
20210817,51887589.48504025
20210818,49421159.80000424
20210819,49591567.999934055
20210820,49763731.254773244
20210821,53313814.22667804
20210822,52562127.44534335
20210823,52890791.425043456
20210824,54113648.785729475
20210825,51741357.07228002
20210826,52467555.93860942
20210827,50811193.076140314
20210828,52548543.09138723
20210829,52935396.877608635
20210830,52624120.40249804
20210831,52785426.8633673
20210901,55442399.971240304
20210902,60103525.073623545
20210903,61318482.04495361
20210904,62201955.355127364
20210905,62074506.497447625
20210906,63529924.99219178
20210907,62707570.60575723
20210908,54231326.07666166
20210909,56535876.806502834
20210910,55784954.898454
20210911,52894674.21818596
20210912,52454905.475063145
20210913,54756925.23542145
20210914,53507754.136920035
20210915,53145128.983752154
20210916,56926356.5348559
20210917,56620702.442835756
20210918,55237906.33384305
20210919,55597601.47729883
20210920,54229965.5098996
20210921,49440761.37560545
20210922,44705189.82418771
20210923,48801551.47269999
20210924,50648582.662800215
20210925,47272301.76780556
20210926,46643849.51157331
20210927,48852390.371835105
20210928,48323144.64713962
20210929,46476092.72867827
20210930,44900746.400025964
20211001,48110488.37307197
20211002,52578796.01200017
20211003,54847155.84434533
20211004,55156263.56263322
20211005,54845619.75147576
20211006,56244907.34992048
20211007,49411381.50932101
20211008,57080202.37908652
20211009,56551284.24807878
20211010,57021857.805469014
20211011,54998229.77274233
20211012,55828132.81001301
20211013,55744276.33024788
20211014,58030476.95152587
20211015,60621821.6626698
20211016,61733473.90279847
20211017,61437236.80233342
20211018,61203335.225273475
20211019,59453923.691539615
20211020,62002785.44608783
20211021,65851429.30350379
20211022,64454476.22082285
20211023,62561273.4498902
20211024,65568633.083872005
20211025,63612613.44407762
20211026,65968046.80423742
20211027,65872695.311758615
20211028,63114229.49200551
20211029,68194956.44388819
20211030,70090712.81766003
20211031,68367136.84494628
20211101,68084459.88921583
20211102,67326545.84045719
20211103,70158369.51241352
20211104,71623287.47345293
20211105,69935470.6795684
20211106,69837508.96234867
20211107,70499801.64528835
20211108,72218807.37064524
20211109,75069495.60782768
20211110,73811968.45327836
20211111,75032044.88690284
20211112,73739543.15140325
20211113,72745938.24420999
20211114,72749662.02872229
20211115,71958563.02359527
20211116,71768025.48763534
20211117,66224233.73579027
20211118,66438255.9489099
20211119,61424732.995946825
20211120,66407345.86486299
20211121,68589812.85550205
20211122,67929273.1897822
20211123,63930182.245588414
20211124,67762323.71425025
20211125,66213739.52893949
20211126,69177077.29184185
20211127,62937330.78734088
20211128,63913527.81447227
20211129,66965543.56467112
20211130,67181299.64763646
20211201,71664144.55710521
20211202,71915777.66776723
20211203,70142699.57677051
20211204,69988864.4320018
20211205,62958472.74599729
20211206,64885538.604674146
20211207,67406351.82177663
20211208,66440195.588004716
20211209,67974519.57815048
20211210,63520212.01773132
20211211,60548207.27983658
20211212,63139575.220406815
20211213,64157066.28643411
20211214,58723833.92188044
20211215,59540623.88959171
20211216,59846020.20080522
20211217,59769956.23231335
20211218,57878739.06390461
20211219,59541842.15861266
20211220,58396903.333324224
20211221,59408465.337976724
20211222,60954988.99503413
20211223,60273519.13947384
20211224,61469810.958841614
20211225,61163735.65608017
20211226,61502644.64334954
20211227,60908878.65821908
20211228,62154245.8905508
20211229,57476358.38381032
20211230,48119208.85587729
20211231,53818477.356504075
20220101,56751629.24980916
20220102,54318242.60584374
20220103,57212634.48105374
20220104,19303174.968134463
20220105,18992574.43792177
20220106,0.05787333050431752
20220107,0.05255962427958675
20220108,0.0524792499161594
20220109,0.0524792499161594
20220110,0.0524792499161594
20220111,0.0524792499161594
20220112,0.05137730080703026
20220113,0.05125801999571096
20220114,0.05125801999571096
20220115,0.051248422377759825
20220116,0.051248422377759825
20220117,0.04813688991758495
20220118,0.04806335190658087
20220119,0.04722563828573759
20220120,0.04717179465603543
20220121,0.047151827114049714
20220122,0.04247596204217703
20220123,0.029334325893816154
20220124,0.034814729497091045
20220125,0.03476062514936947
20220126,0.03476062514936947
20220127,0.034704774871968505
20220128,0.034704774871968505
20220129,0.034704774871968505
20220130,0.03440827430377396
20220131,0.034408039210581304
20220201,0.034408039210581304
20220202,0.034408039210581304
20220203,0.03438255307623955
20220204,0.03438255307623955
20220205,0.03438255307623955
20220206,0.03437440168892157
20220207,0.03437440168892157
20220208,0.03437440168892157
20220209,0.03433925804960331
20220210,0.03433925804960331
20220211,0.03433832393404817
20220212,0.03430052577495826
20220213,0.03430052577495826
20220214,0.03430052577495826
20220215,0.03429381658378523
20220216,0.03428459143355249
20220217,0.03427265839463872
20220218,0.03425711210075608
20220219,0.03425711210075608
20220220,0.03425597363227629
20220221,0.03425150417985982
20220222,0.03425150417985982
20220223,0.03425150417985982
20220224,0.03425150417985982
20220225,0.034231809316868554
20220226,0.034213540747597464
20220227,0.034213540747597464
20220228,0.0341989277826374
20220301,0.0341989277826374
20220302,0.03418071263427733
20220303,0.03418071263427733
20220304,0.034178585658074676
20220305,0.0341247146936602
20220306,0.0341247146936602
20220307,0.03409869627454674
20220308,0.03409869627454674
20220309,0.03409869627454674
20220310,0.03409869627454674
20220311,0.03394754605055075
20220312,0.03394754605055075
20220313,0.03394754605055075
20220314,0.0339343897704163
20220315,0.0339341468944276
20220316,0.03393062320495881
20220317,0.033928314383602345
20220318,0.033928314383602345
20220319,0.033894034716709764
20220320,0.033894034716709764
20220321,0.03380648052849838
20220322,0.03380648052849838
20220323,0.03376572549304681
20220324,0.03376572549304681
20220325,0.03376572549304681
20220326,0.03376572549304681
20220327,0.03376572549304681
20220328,0.03376572549304681
20220329,0.03373954424779996
20220330,0.03373954424779996
20220331,0.03373954424779996
20220401,0.03373775646683319
20220402,0.03373775646683319
20220403,0.03371943876485828
20220404,0.03371943876485828
20220405,0.03371943876485828
20220406,0.03369306455112579
20220407,0.03369306455112579
20220408,0.03369306455112579
20220409,0.03369306455112579
20220410,0.03369306455112579
20220411,0.03369306455112579
20220412,0.03369306455112579
20220413,0.03369306455112579
20220414,0.03369306455112579
20220415,0.03369306455112579
20220416,0.03369306455112579
20220417,0.03369306455112579
20220418,0.03369217066064241
20220419,0.033623731131816485
20220420,0.033623731131816485
20220421,0.033621035993168735
20220422,0.033621035993168735
20220423,0.033621035993168735
20220424,0.033621035993168735
20220425,0.033621035993168735
20220426,0.033621035993168735
20220427,0.033621035993168735
20220428,0.03355058772563116
20220429,0.03355058772563116
20220430,0.03355058772563116
20220501,0.033548803808764786
20220502,0.033548803808764786
20220503,0.033548803808764786
20220504,0.033548803808764786
20220505,0.033548803808764786
20220506,0.033548803808764786
20220506,0.033548803808764786