20161006,0
20161007,0
20161008,0
20161009,196192
20161010,141655
20161011,232996
20161012,289863
20161013,649932
20161014,514554
20161015,578284
20161016,647982
20161017,592049
20161018,889969
20161019,1211909
20161020,971386
20161021,827217
20161022,615257
20161023,641927
20161024,877713
20161025,846322
20161026,824770.0000000001
20161027,825933.0
20161028,932127.0000000001
20161029,918907.5
20161030,832504.0
20161031,710297.5
20161101,613060.5
20161102,581042.0
20161103,530200.0
20161104,622463.0
20161105,613913.0
20161106,564978.0
20161107,382800.0
20161108,375872.0
20161109,280323.42905
20161110,276321.06225
20161111,293957.95275
20161112,300090.1155
20161113,296704.92555
20161114,316583.6745
20161115,287628.7476
20161116,222309.39905
20161117,411588.0
20161118,260936.415
20161119,266829.28125
20161120,229348.3675
20161121,234029.215
20161122,228803.46125
20161123,259189.49000000005
20161124,224496.85125
20161125,237323.3275
20161126,185630.025
20161127,180221.265
20161128,154175.98
20161129,145189.75625
20161130,256695.67
20161201,122439.40625
20161202,114981.79875
20161203,124687.29875
20161204,164125.7625
20161205,156036.475
20161206,145525.7547
20161207,132839.7236
20161208,219142.90640000004
20161209,226687.9824
20161210,239628.5694
20161211,214017.2738
20161212,172328.8776
20161213,214049.7744
20161214,168836.503
20161215,154016.64079999996
20161216,185796.41925
20161217,160669.5792
20161218,162249.54720000003
20161219,230981.94
20161220,205964.496
20161221,216720.5491
20161222,308221.3983
20161223,375563.85625
20161224,307357.5624
20161225,279098.42399999994
20161226,338968.8128
20161227,311348.32135
20161228,398469.9933
20161229,350865.3364000001
20161230,379603.18355
20161231,334047.63775
20170101,337859.56544999994
20170102,311854.28635
20170103,497123.12480000005
20170104,450763.9019
20170105,368246.1259
20170106,339482.97845
20170107,324631.9908
20170108,315261.13574999996
20170109,338496.849
20170110,370294.3315
20170111,506856.0657092399
20170112,527392.90297239
20170113,900432.0
20170114,868193.0
20170115,803818.634
20170116,823254.344
20170117,901421.5
20170118,828569.2159
20170119,788201.104
20170120,788019.14055
20170121,794903.80365
20170122,1384396.0
20170123,1617537.0
20170124,1320160.0
20170125,1314657.0
20170126,1373118.5
20170127,1375800.0
20170128,1499958.0000000002
20170129,1755168.0
20170130,1761727.0000000002
20170131,1642548.5
20170201,1645782.0
20170202,1377090.0
20170203,1473640.0
20170204,1554225.0
20170205,1359645.0
20170206,1647633.0
20170207,1753488.0
20170208,1751658.0
20170209,2010590.9999999995
20170210,1943890.0
20170211,2093536.97
20170212,2384226.63
20170213,2379655.6999999997
20170214,2122584.0
20170215,2168933.2
20170216,2066280.96
20170217,1581304.0999999996
20170218,1784949.7599999995
20170219,2003820.72
20170220,2032935.4
20170221,2032935.4
20170222,2032935.4
20170223,2032935.4
20170224,1790035.72
20170225,1768680.2000000004
20170226,1860463.08
20170227,1929240.7799999998
20170228,2301718.32
20170301,2492065.92
20170302,2850358.28
20170303,2690027.18
20170304,2763198.88
20170305,2782338.88
20170306,3028776.84
20170307,2854859.9
20170308,2847898.42
20170309,2901794.64
20170310,2856716.94
20170311,3073850.78
20170312,4442022.7
20170313,4572072.12
20170314,6082675.2
20170315,11044574.8
20170316,8406881.84
20170317,8157034.9
20170318,7369568.64
20170319,8096557.98
20170320,8028186.66
20170321,8854871.64
20170322,8165523.339999998
20170323,7522207.56
20170324,7348637.01
20170325,7743469.5
20170326,8211914.0
20170327,7675228.34
20170328,8212728.09
20170329,8755649.92
20170330,8171243.440000001
20170331,8204449.27
20170401,8376382.210000003
20170402,7651916.8599999985
20170403,8490435.12
20170404,9071009.48
20170405,9741051.12
20170406,12024078.0
20170407,11132382.72
20170408,12102837.46
20170409,13834831.88
20170410,13355654.4
20170411,13798575.96
20170412,14354865.2
20170413,15016110.37
20170414,14335621.6
20170415,13496512.47
20170416,13239319.84
20170417,12523898.25
20170418,13352935.44
20170419,13817383.2
20170420,13284114.6
20170421,14457254.24
20170422,15699381.19
20170423,14790215.55
20170424,15139037.52
20170425,14809706.08
20170426,14747612.88
20170427,14523731.4
20170428,14959956.42
20170429,16435067.28
20170430,14979074.0
20170501,14202590.71
20170502,13340994.72
20170503,13691708.93
20170504,14513155.8
20170505,14295275.28
20170506,13940877.94
20170507,13667623.73
20170508,14204679.7
20170509,12968231.38
20170510,12291784.56
20170511,11338650.96
20170512,11337933.76
20170513,12243646.35
20170514,11661848.7
20170515,11400411.85
20170516,11309562.95
20170517,11767326.45
20170518,12249757.44
20170519,12039409.08
20170520,12069306.87
20170521,13445318.75
20170522,16449705.48
20170523,17439470.36
20170524,17180195.69
20170525,13407381.3
20170526,11371432.8
20170527,11055824.64
20170528,11118675.9
20170529,12775944.38
20170530,13060627.36
20170531,17835493.54
20170601,16683242.4
20170602,16260314.64
20170603,16852327.35
20170604,16136723.13
20170605,17609631.0
20170606,16554284.48
20170607,16246315.8
20170608,16665089.46
20170609,17298958.32
20170610,23999773.05
20170611,29681135.68
20170612,23853028.8
20170613,27015697.6
20170614,26059577.6
20170615,29940767.99
20170616,42103871.73
20170617,40998231.04
20170618,38736750.4
20170619,35415651.75
20170620,36585923.76
20170621,39692245.08
20170622,45425333.14
20170623,40544691.99
20170624,39567511.53
20170625,35578330.56
20170626,33617841.01
20170627,30538191.6
20170628,35430435.18
20170629,34148380.29
20170630,32204561.49
20170701,27053031.06
20170702,28979022.93
20170703,29540308.14
20170704,29595821.32
20170705,28738908.18
20170706,28594131.44
20170707,24667962.69
20170708,26724524.06
20170709,25413982.17
20170710,20581576.32
20170711,17752927.14
20170712,19831997.02
20170713,18137400.95
20170714,16586817.0
20170715,14854797.6
20170716,14333206.5
20170717,16326622.18
20170718,18197311.95
20170719,17596230.8
20170720,20907905.98
20170721,20186351.84
20170722,24528707.8
20170723,20823670.44
20170724,21459338.38
20170725,18249375.42
20170726,18424906.05
20170727,18604593.92
20170728,17595004.0
20170729,17796218.4
20170730,17285167.46
20170731,18014440.5
20170801,19199736.44
20170802,19925484.23
20170803,23100777.76
20170804,23516235.52
20170805,24083569.1
20170806,22438345.94
20170807,23488911.36
20170808,26913308.73
20170809,27501343.92
20170810,34246062.5
20170811,31619569.89
20170812,31834606.65
20170813,27886711.73
20170814,29770753.74
20170815,31246154.68
20170816,29718065.26
20170817,29496108.96
20170818,25478088.3
20170819,26353335.12
20170820,27658786.14
20170821,27297733.1
20170822,25580334.32
20170823,27284599.94
20170824,28637972.3
20170825,28593463.82
20170826,39392858.44
20170827,37831886.4
20170828,38423454.72
20170829,35943148.8
20170830,38882003.61
20170831,40258572.38
20170901,41397569.67
20170902,39122351.25
20170903,35401186.92
20170904,29199071.7
20170905,31674197.23
20170906,34003940.46
20170907,31567552.7
20170908,26309477.56
20170909,27147977.28
20170910,24963607.58
20170911,25704383.25
20170912,25636774.38
20170913,25366643.5
20170914,18507877.16
20170915,20858563.2
20170916,20035155.35875
20170917,19855462.32936
20170918,22665900.9381
20170919,26281439.86712
20170920,33028825.924
20170921,31779088.1631
20170922,35732335.7968
20170923,35285067.5542
20170924,34251783.6936
20170925,35492472.8028
20170926,36156282.1728
20170927,40089876.7661
20170928,43338231.1758
20170929,40004106.0729
20170930,41612790.0725
20171001,38256202.0116
20171002,38398860.0672
20171003,36256609.4561
20171004,34835334.1316
20171005,34938436.5245
20171006,34916194.3392
20171007,33452290.5956
20171008,31268656.06144
20171009,29789917.68538
20171010,30985142.496
20171011,33514856.965
20171012,31572209.56877
20171013,31600841.43762
20171014,31427571.47004
20171015,30834925.70395
20171016,32004070.1721
20171017,31285552.27854
20171018,38896693.9536
20171019,36379972.6605
20171020,34020649.878
20171021,38449948.6353
20171022,38383108.6519
20171023,37774808.5536
20171024,41096069.4088
20171025,38943687.7788
20171026,44014529.1725
20171027,49662622.9016
20171028,49065200.5332
20171029,46579689.3468
20171030,51145452.6636
20171031,55135587.0648
20171101,42149492.3173
20171102,45724962.9025
20171103,49309307.4432
20171104,47766992.5915
20171105,54115614.1624
20171106,52557156.6208
20171107,50960966.4071
20171108,57849056.608
20171109,61900981.9218
20171110,51385318.1219
20171111,50774065.4088
20171112,47559477.3465
20171113,64656894.7647
20171114,78213186.8968
20171115,77274160.14
20171116,80344992.217
20171117,76142863.9224
20171118,81777049.368
20171119,81119905.4855
20171120,89742189.6352
20171121,113078445.3588
20171122,138829481.1876
20171123,125421921.3002
20171124,127895996.655
20171125,130093970.4872
20171126,126373884.912
20171127,134792487.2058
20171128,151382602.231
20171129,138931365.7809
20171130,127902807.4224
20171201,134863578.975
20171202,137763739.0488
20171203,132303741.377
20171204,143212112.453
20171205,169833056.6852
20171206,167325985.5682
20171207,147552856.5012
20171208,150339884.2616
20171209,155228832.0516
20171210,145246625.9871
20171211,169684435.0601
20171212,165796219.2816
20171213,191499016.324
20171214,230672216.9425
20171215,210080724.4566
20171216,213826311.6712
20171217,229641335.763
20171218,252540189.0048
20171219,251520255.811
20171220,278371236.0825
20171221,341876540.301
20171222,282356543.3568
20171223,319956640.4877
20171224,311810390.782
20171225,482199485.262
20171226,523481672.89
20171227,483785750.105
20171228,441509175.282
20171229,447064405.866
20171230,428073909.645
20171231,425869427.073
20180101,481916398.572
20180102,482068335.51
20180103,475251644.16
20180104,445241138.202
20180105,397905821.832
20180106,414174903.476
20180107,436258444.88
20180108,390983502.668
20180109,380802725.505
20180110,376767304.864
20180111,362762910.0774
20180112,383383927.0701
20180113,415146270.997
20180114,381005537.835
20180115,348677339.5371
20180116,289351027.889
20180117,303302601.8055
20180118,299877356.5645
20180119,308984474.7725
20180120,345847850.7484
20180121,305618482.1965
20180122,272074582.165
20180123,284130270.032
20180124,290244701.1906
20180125,291272789.4116
20180126,285912163.4708
20180127,301242179.9016
20180128,324424822.5274
20180129,313992104.5557
20180130,313126886.7298
20180131,267905358.8903
20180201,285133479.5855
20180202,241251775.38
20180203,220317451.0368
20180204,241615581.7537
20180205,190820433.7326
20180206,157704095.5176
20180207,185904495.2996
20180208,182407206.6388
20180209,209197122.9702
20180210,215032572.0008
20180211,214866636.4197
20180212,205525645.0709
20180213,229716882.9081
20180214,212545783.5345
20180215,237200258.4327
20180216,237876771.6135
20180217,259778069.124
20180218,277968860.73
20180219,270081279.6992
20180220,275535823.4284
20180221,273727565.703
20180222,209888719.8474
20180223,213088143.1824
20180224,225931841.6544
20180225,215661136.7124
20180226,219633829.9122
20180227,222505234.7655
20180228,224703022.963
20180301,219393676.305
20180302,240348481.1119
20180303,234520023.3189
20180304,229059452.7061
20180305,234298945.6444
20180306,222467872.9472
20180307,212063079.7593
20180308,187612314.0642
20180309,184379563.9362
20180310,177285585.4682
20180311,174521475.7209
20180312,187138004.8881
20180313,178020933.2919
20180314,176665602.84
20180315,154242628.8345
20180316,154264627.008
20180317,159857706.2462
20180318,151736414.3232
20180319,143279640.6384
20180320,166774275.4854
20180321,181123617.021
20180322,177488254.6208
20180323,177297858.0736
20180324,172396554.027
20180325,168856062.6394
20180326,163805671.2627
20180327,154440746.7321
20180328,150177592.216
20180329,148764196.7588
20180330,128507599.2032
20180331,127889751.424
20180401,128971025.2135
20180402,129543621.834
20180403,130256701.3605
20180404,139684348.2956
20180405,127808032.14789714
20180406,124349017.93150486
20180407,121886558.26538385
20180408,130194926.45115778
20180409,131563116.7398029
20180410,127092009.3808726
20180411,128171077.53371234
20180412,133312984.64266424
20180413,141675626.90023094
20180414,145142224.4445135
20180415,148553735.15786466
20180416,155884646.65721723
20180417,151777087.42614284
20180418,148317913.31474474
20180419,170704580.48952508
20180420,184897761.88831
20180421,185266301.43283486
20180422,190020963.1135849
20180423,200304046.1081935
20180424,212627716.6025586
20180425,218615822.86398163
20180426,184166565.60098433
20180427,204817764.7728338
20180428,206443068.3483982
20180429,210415144.2005186
20180430,209027715.57004458
20180501,201560542.09869975
20180502,201332564.80390686
20180503,203267307.51192
20180504,209562359.3210124
20180505,0.0
20180506,218203764.53766772
20180507,211981660.8245081
20180508,210223663.17079493
20180509,199522693.75256616
20180510,193157705.67677283
20180511,181947233.31144828
20180512,167417817.01843527
20180513,171089826.5095468
20180514,184641373.22439194
20180515,194793018.1051161
20180516,179825776.41359743
20180517,175336211.47948492
20180518,164577256.40326875
20180519,168169113.1525926
20180520,170234972.92545807
20180521,174975078.57700053
20180522,172020648.06109154
20180523,164963364.482137
20180524,153417045.44631338
20180525,154622374.3043969
20180526,150496619.20852566
20180527,145308145.2506195
20180528,143155550.24954987
20180529,134564116.39550155
20180530,139851405.77012515
20180531,138817716.14654273
20180601,140361868.02334467
20180602,142819882.79921842
20180603,141217039.158097
20180604,142694395.75198576
20180605,137432804.93549344
20180606,135516892.31789702
20180607,136830889.9504729
20180608,137964443.3586867
20180609,138532498.09471658
20180610,134751005.42446202
20180611,124123890.67400013
20180612,116831604.22781569
20180613,107943520.33549196
20180614,98776623.88751362
20180615,107829788.97649957
20180616,96689882.82761686
20180617,95373444.82951768
20180618,96018992.49029242
20180619,97978686.81008491
20180620,99832814.53922468
20180621,100551677.54525137
20180622,98501035.88786243
20180623,92329817.70752645
20180624,87073451.7002199
20180625,80437830.35340631
20180626,83635478.34283496
20180627,76406149.24766815
20180628,73233326.78538004
20180629,69175388.23299174
20180630,70994080.63359885
20180701,75870059.69049315
20180702,78009507.25307539
20180703,85872182.41027209
20180704,84635859.28199868
20180705,88218690.51813
20180706,85529276.8422287
20180707,85962395.8868781
20180708,90582911.44644763
20180709,95983016.35925792
20180710,93735735.93644863
20180711,86196375.02446023
20180712,88878933.90804212
20180713,83413128.01494224
20180714,82760483.78168651
20180715,80501508.2939362
20180716,83389610.5296692
20180717,85126181.02926517
20180718,92528435.8629856
20180719,92021671.984105
20180720,86260602.18338066
20180721,86535730.71658531
20180722,88150644.60185051
20180723,87083039.92955817
20180724,87273836.88482466
20180725,87806449.76274587
20180726,86758249.49600333
20180727,84496303.64130957
20180728,86038517.27508064
20180729,85341651.73194776
20180730,85637710.27175622
20180731,82592157.28929885
20180801,76624776.32998
20180802,74920663.28922817
20180803,71711928.42877652
20180804,70757081.49113393
20180805,72611784.85905269
20180806,74050603.72503558
20180807,73039516.69363953
20180808,73687392.20488885
20180809,71263459.07962303
20180810,76618402.43064536
20180811,69485102.45626658
20180812,68134307.24422286
20180813,66553687.37975202
20180814,70419855.28781913
20180815,71242673.65557541
20180816,75661804.4430515
20180817,71437495.24732077
20180818,78636636.9893363
20180819,72714297.0641796
20180820,75384796.08381061
20180821,72192958.91468103
20180822,72556901.47505814
20180823,67555467.4390283
20180824,69271526.02560472
20180825,73334723.32684574
20180826,71797685.77066053
20180827,70950969.88786498
20180828,71511099.32601468
20180829,72283683.76533054
20180830,72094851.81435382
20180831,69981250.95846462
20180901,71768076.54348144
20180902,73648982.28162242
20180903,73483699.7633968
20180904,72830650.63821255
20180905,73234710.53732486
20180906,64136316.104403295
20180907,62387536.07051632
20180908,60901275.19349309
20180909,56164717.45606546
20180910,55958937.72253181
20180911,57473411.63141353
20180912,52766496.64318163
20180913,51864301.06914752
20180914,56302607.22628847
20180915,57748187.4485135
20180916,56565837.898546025
20180917,53827470.3502788
20180918,50356119.05860937
20180919,51302228.43928832
20180920,51733822.72205984
20180921,53397705.998324
20180922,55530804.111982115
20180923,54212202.16373209
20180924,53728702.18959332
20180925,52690379.31264787
20180926,51412292.5284207
20180927,52055512.31887913
20180928,54663083.57417621
20180929,56923229.33823747
20180930,58208132.3296483
20181001,56901665.46138801
20181002,58360071.873082384
20181003,56428686.31124292
20181004,55434210.25884396
20181005,4927139.694155635
20181006,5039412.191321319
20181007,4967222.056527446
20181008,5068976.663350197
20181009,54727961.70448355
20181010,54401513.231012955
20181011,57367564.81133016
20181012,50171764.32094215
20181013,49794281.905671895
20181014,49299654.37287133
20181015,49714216.70519911
20181016,53105084.85699875
20181017,55324071.21263441
20181018,56589980.7606043
20181019,52534576.380473346
20181020,51336321.33148518
20181021,57352187.838465564
20181022,55309675.06719741
20181023,55474233.01751765
20181024,53486272.38928883
20181025,54830366.408647
20181026,59284270.59522329
20181027,60712559.32073007
20181028,60257497.76865922
20181029,63345642.928054884
20181030,57858558.47259347
20181031,58653917.883042075
20181101,57877856.703746885
20181102,58289046.59823035
20181103,56926953.56601609
20181104,56930271.85300428
20181105,56489860.05347182
20181106,56588515.30063882
20181107,57204785.07459238
20181108,60065737.664100386
20181109,57976601.448062256
20181110,58787097.380530916
20181111,59070636.37769353
20181112,60683491.03145906
20181113,58549935.74915811
20181114,58468430.52994027
20181115,50497802.98375609
20181116,50088521.343224876
20181117,48386531.66574338
20181118,47091934.60479289
20181119,48819558.83889198
20181120,41368468.620036304
20181121,37399739.13167397
20181122,42073832.54377043
20181123,39014464.68080882
20181124,36513379.61709026
20181125,32743982.277659554
20181126,34491229.12757913
20181127,32510070.411765438
20181128,33591143.0373566
20181129,36897972.178065054
20181130,36599070.93037333
20181201,35750165.863118105
20181202,37448779.35734069
20181203,42180772.216672756
20181204,38998214.983577676
20181205,39874879.45200879
20181206,37091138.168023154
20181207,31744167.188443307
20181208,32086472.545912955
20181209,32514220.876834095
20181210,33638261.54368509
20181211,31167604.460479442
20181212,30754467.220400505
20181213,30368698.023840535
20181214,29047762.425329052
20181215,27221185.514511682
20181216,27215982.57615639
20181217,26825459.07231573
20181218,29961898.2123128
20181219,30029955.876463186
20181220,30897385.446437612
20181221,35347189.58000839
20181222,33430002.289459933
20181223,34775514.456249446
20181224,35333572.01676863
20181225,40345761.91770927
20181226,34723860.42279276
20181227,34741926.35212074
20181228,31519038.66399031
20181229,34386332.339473285
20181230,35447354.590471506
20181231,36540107.530265674
20190101,34161747.835832946
20190102,34168845.60223315
20190103,35515351.94523473
20190104,35020057.30445939
20190105,34913429.48801604
20190106,34698275.86148694
20190107,36134633.824198805
20190108,36123223.11889086
20190109,37999919.155898884
20190110,36821502.08172108
20190111,32883666.12694918
20190112,32143306.280270882
20190113,32040740.477080327
20190114,30054382.507915962
20190115,32125546.653583225
20190116,30880055.554496415
20190117,32099415.89423561
20190118,34441602.014359176
20190119,34455651.98525884
20190120,36326143.18755573
20190121,33335942.438382518
20190122,34218246.42784052
20190123,35108519.72826602
20190124,34225265.864172034
20190125,33619411.24541855
20190126,32843579.928277984
20190127,33477189.962887485
20190128,32522802.971707694
20190129,30478249.551253468
20190130,30388321.2306711
20190131,31401037.08756005
20190201,30622193.58201629
20190202,31316868.134095244
20190203,31455065.981373753
20190204,32067320.617116988
20190205,31923934.148316715
20190206,31724312.757948954
20190207,30873606.913702466
20190208,30350431.40761302
20190209,32979034.281728838
20190210,33713450.01576311
20190211,34207338.91901463
20190212,33516362.47620076
20190213,33967442.46138071
20190214,34007135.52066971
20190215,33250395.108168628
20190216,33883876.180588186
20190217,34761194.38804211
20190218,34794290.97899291
20190219,36726906.70421457
20190220,37169922.71696448
20190221,37848202.0951138
20190222,36770545.43893657
20190223,37960029.05074385
20190224,38992747.903307706
20190225,36227487.9295397
20190226,36737941.90516462
20190227,37666957.145331345
20190228,36848929.4935986
20190301,36585254.13034963
20190302,37446347.77115548
20190303,37482569.12008895
20190304,37049976.823732525
20190305,38239392.48897903
20190306,38744886.251499854
20190307,39883036.06847479
20190308,39950233.14370611
20190309,39956490.420376696
20190310,39967363.19749354
20190311,40536999.069673255
20190312,39806892.67046321
20190313,52052331.797191784
20190314,47343879.893435635
20190315,45674150.58361713
20190316,47154142.22087795
20190317,47781679.522686966
20190318,47485647.47995915
20190319,46589422.94712382
20190320,46357056.35675218
20190321,47262071.40796672
20190322,45525031.115485206
20190323,48973501.22672046
20190324,48050642.984048694
20190325,47798843.336117715
20190326,46406076.98734795
20190327,48264637.79079428
20190328,52373608.19457392
20190329,50537324.75573212
20190330,50754428.32562695
20190331,50795362.41482921
20190401,55772959.381939396
20190402,55371001.2949384
20190403,59346389.49961083
20190404,59845273.1364141
20190405,59897034.24192237
20190406,62422363.051000096
20190407,61869318.109545454
20190408,64748647.37407175
20190409,63154783.46293435
20190410,60879177.57216823
20190411,61113119.49449086
20190412,57898799.382002
20190413,58677835.40125657
20190414,57983924.71104417
20190415,58909655.67833964
20190416,57416645.98375601
20190417,58501626.08327718
20190418,58307494.56198309
20190419,60561566.12531203
20190420,60540665.77046594
20190421,59636483.30486319
20190422,57328994.52528194
20190423,58418811.52401225
20190424,56573366.011495106
20190425,51844478.11991544
20190426,49697066.31411561
20190427,48253008.42056192
20190428,49427939.92876295
20190429,47986788.466699764
20190430,45261458.96988845
20190501,47204724.725999266
20190502,47735635.125478305
20190503,48487853.324364
20190504,50762619.22573378
20190505,48397726.30139149
20190506,47282368.02995249
20190507,47869744.216337755
20190508,49395461.6721703
20190509,49029325.31036673
20190510,46340215.98796953
20190511,47528716.77546906
20190512,52630623.90655793
20190513,49294592.42527763
20190514,52363478.63038257
20190515,54928018.77400246
20190516,58928661.97591628
20190517,62292759.41916753
20190518,54528346.46920096
20190519,52882123.5767472
20190520,55745074.86743347
20190521,53944298.83971265
20190522,55867542.098433614
20190523,53063019.0761935
20190524,53957321.962979645
20190525,54367332.494203806
20190526,54373366.961421184
20190527,55156686.75912116
20190528,55622752.620431736
20190529,56890651.87527038
20190530,55569890.228692345
20190531,55353103.897468105
20190601,55149963.94872969
20190602,57523794.97491657
20190603,58921108.77414397
20190604,54454951.520353585
20190605,50585512.75514823
20190606,51211729.16641299
20190607,53340554.55115728
20190608,64719720.86640111
20190609,61961386.51705733
20190610,59647014.14995374
20190611,75302990.33613434
20190612,76912520.86722898
20190613,96676747.58593762
20190614,91781143.09544791
20190615,87291883.09803423
20190616,88426400.02969742
20190617,88151957.58596863
20190618,91626340.92947355
20190619,97598381.36084749
20190620,104075585.35757864
20190621,102137029.7056474
20190622,97841090.6944453
20190623,102750983.67528348
20190624,100827648.72807826
20190625,100239085.56790999
20190626,101674067.87802105
20190627,91609533.91318248
20190628,86073295.77864526
20190629,86865345.09623873
20190630,100229140.47404566
20190701,89686507.31192884
20190702,88413385.00501677
20190703,84798212.2003562
20190704,97533368.34273492
20190705,89755902.21477625
20190706,86441525.44415377
20190707,89583677.87996916
20190708,92225507.62508515
20190709,91813973.74882077
20190710,89375097.5972989
20190711,87977597.95149368
20190712,80869621.59950423
20190713,83643654.54793645
20190714,83603987.49736838
20190715,70979861.50787158
20190716,74328588.61798179
20190717,66505281.1545317
20190718,71131152.16937883
20190719,76163089.6816648
20190720,75518318.38885467
20190721,78032220.12620452
20190722,75861006.26863527
20190723,76863231.71513547
20190724,74015900.00299741
20190725,76001337.46318528
20190726,76321893.1029918
20190727,76734333.53572129
20190728,72382656.79624762
20190729,72959680.54123577
20190730,72477526.70337681
20190731,71701820.48139831
20190801,71968592.7121996
20190802,68617132.28261572
20190803,69950406.53651853
20190804,71019785.2711513
20190805,70538669.58844942
20190806,70301872.89287907
20190807,66477905.86892874
20190808,64557884.70185478
20190809,66759466.0611025
20190810,67505555.30712794
20190811,63504166.98879867
20190812,64314831.87305437
20190813,62972586.92457436
20190814,60477921.72452416
20190815,54860910.5310408
20190816,55112378.18597151
20190817,53351742.73001107
20190818,52224310.97234725
20190819,54144819.617434226
20190820,57214484.260808975
20190821,55039628.121119596
20190822,54470732.52228195
20190823,56340699.167429775
20190824,57475775.718877405
20190825,57013247.351096734
20190826,56097816.736696854
20190827,55820693.55592739
20190828,54405827.69555556
20190829,50690573.48278593
20190830,48018239.77035332
20190831,47843513.077959426
20190901,47430423.504138686
20190902,46839726.04058121
20190903,45788396.757570036
20190904,46610393.94221702
20190905,44311788.61049781
20190906,43261823.81565602
20190907,41240894.75836412
20190908,41779607.50675857
20190909,42815169.75171358
20190910,44728345.41400007
20190911,47640603.073274046
20190912,43537345.20147222
20190913,46159638.79328992
20190914,45249566.14052841
20190915,45638865.90642615
20190916,45336775.5396469
20190917,43560971.579758555
20190918,45395035.70447664
20190919,45898238.7922036
20190920,45342401.89330882
20190921,44719826.73606448
20190922,46328887.448008694
20190923,44684192.032484815
20190924,43225695.82500028
20190925,38766532.53093868
20190926,37457485.050340325
20190927,38372841.1956655
20190928,39107236.44847649
20190929,39223132.901477166
20190930,39401256.72586818
20191001,44261537.11352653
20191002,48251495.94807406
20191003,48747769.920813926
20191004,45841932.47240679
20191005,45638691.92495209
20191006,50531155.105936304
20191007,47820177.81413154
20191008,48579365.42235209
20191009,47471512.364437796
20191010,51630483.65893192
20191011,50749292.71065104
20191012,47500550.55074719
20191013,46898610.67828324
20191014,46924874.62513284
20191015,46610523.92101489
20191016,43915211.98890637
20191017,42057252.69726665
20191018,42026979.399914354
20191019,41515144.08680732
20191020,43038401.50089556
20191021,42582714.756358
20191022,41845201.48113774
20191023,41331416.52579436
20191024,38168235.11688607
20191025,38689746.20177944
20191026,40784847.66805573
20191027,41569562.342419155
20191028,43774328.333749935
20191029,43398655.60279142
20191030,44698411.811847754
20191031,43393051.49646446
20191101,43212758.82167302
20191102,42617590.193629354
20191103,43568901.71961138
20191104,42343740.10887931
20191105,42471574.262427926
20191106,43043220.83216252
20191107,43363114.0462003
20191108,43977605.418534875
20191109,41165040.58092086
20191110,43066382.46644104
20191111,43473551.30549385
20191112,41648734.80640202
20191113,41812072.07211629
20191114,41812981.72240959
20191115,40155953.57572999
20191116,39981801.34948083
20191117,39996732.60266876
20191118,39470974.97017691
20191119,38887418.00559708
20191120,38135212.17218643
20191121,38130602.666182786
20191122,36203044.35266285
20191123,33387718.17675813
20191124,33716358.163677424
20191125,31681162.574979935
20191126,32205416.58270137
20191127,32271953.673146077
20191128,32626791.76745872
20191129,32845893.881902892
20191130,33985564.44406111
20191201,33550705.225664064
20191202,33024123.129612073
20191203,32642533.329620738
20191204,31236822.683362316
20191205,30902390.31932096
20191206,31287301.351045974
20191207,32114611.12673539
20191208,31512517.208664585
20191209,31970126.053619813
20191210,31372842.276946068
20191211,29743246.587428283
20191212,29877878.627659466
20191213,29155991.754975088
20191214,29227302.760642055
20191215,28806626.59637718
20191216,29707923.818177607
20191217,28209212.884132624
20191218,26602678.435423438
20191219,27720658.640749265
20191220,27633213.894917242
20191221,27979494.57074206
20191222,27636218.561212797
20191223,28429250.705409814
20191224,27938098.938144866
20191225,26911955.653651565
20191226,26048910.944056418
20191227,26011015.573055245
20191228,26483808.447850924
20191229,26065045.70737994
20191230,26922080.016914282
20191231,26564561.401249483
20200101,27085943.08096218
20200102,27478764.25896081
20200103,25469778.242213786
20200104,26702259.984109607
20200105,26833057.433669437
20200106,29423177.142127097
20200107,30424777.711240795
20200108,30578404.1228344
20200109,29041745.30411106
20200110,28965640.25011973
20200111,30140794.691583235
20200112,31550642.75858628
20200113,33155689.741980344
20200114,33279549.319855113
20200115,42649330.464037664
20200116,51341705.2397368
20200117,45758789.35367276
20200118,53296738.43159722
20200119,49124562.04084479
20200120,47183701.62227362
20200121,48240132.77711924
20200122,47948076.41496578
20200123,47826684.625861935
20200124,43301316.4484066
20200125,44737379.43473244
20200126,43645603.947025746
20200127,47051552.18614948
20200128,48597316.919046566
20200129,49163118.22335381
20200130,63686151.958860025
20200131,88038999.02389942
20200201,76955506.68208833
20200202,73249810.88911244
20200203,71613404.00466464
20200204,71664148.49688184
20200205,68816660.03453733
20200206,75820997.57027818
20200207,74710968.0376664
20200208,70985943.89799541
20200209,71764468.29838094
20200210,73133658.1942426
20200211,73907133.73228846
20200212,74151305.2020053
20200213,76374358.3708953
20200214,75433066.85564311
20200215,76557380.49555047
20200216,67321240.64979242
20200217,61673156.152843945
20200218,64298269.27350336
20200219,64295315.583480954
20200220,59417901.56559695
20200221,57297575.04492475
20200222,58523319.960584946
20200223,61251532.713971294
20200224,61531256.04365675
20200225,59199338.779742345
20200226,55673484.636520736
20200227,49310919.70239648
20200228,50831702.90711776
20200229,49242725.55409557
20200301,47895483.982821
20200302,46741659.163622595
20200303,49603042.31429449
20200304,49725139.71154821
20200305,52881016.61937484
20200306,53484294.542439446
20200307,53327679.18037819
20200308,50682967.35667633
20200309,43141635.002789594
20200310,41305807.81917116
20200311,42282358.12721501
20200312,41433160.94625764
20200313,24461392.073036436
20200314,28845379.966449797
20200315,27479328.838980548
20200316,30725201.546514835
20200317,28194755.90421731
20200318,29832444.438717157
20200319,32082227.804280423
20200320,34207101.06648832
20200321,33176833.310356148
20200322,31743865.745474044
20200323,29942281.759696193
20200324,31050259.59962854
20200325,32644442.345890656
20200326,31475100.523708235
20200327,32342293.14201424
20200328,31061651.297085162
20200329,29956261.888003785
20200330,28143810.35488153
20200331,30461998.372969944
20200401,30267868.31690507
20200402,30605599.569701124
20200403,30960345.52909316
20200404,30682903.03033186
20200405,31225940.022341475
20200406,31537100.933120906
20200407,35033728.55677705
20200408,35054736.275090195
20200409,36308393.90761423
20200410,39148312.5022818
20200411,34059769.55010836
20200412,33638043.83265291
20200413,33897613.47261268
20200414,32643410.227703497
20200415,33302507.178511437
20200416,32522632.199150227
20200417,35277178.41136704
20200418,34508179.88627142
20200419,37103022.61082558
20200420,40679228.92629288
20200421,38779084.459068686
20200422,40268985.86204671
20200423,40198729.878463
20200424,39602572.36494253
20200425,39950392.81891974
20200426,40950752.91344928
20200427,40504536.60275545
20200428,39574544.360103846
20200429,39358935.75245712
20200430,41079538.37548612
20200501,40182380.496000536
20200502,43078151.18505213
20200503,43588999.465214685
20200504,41758243.49188694
20200505,41590874.16192904
20200506,41193921.534046195
20200507,40501793.33440069
20200508,41646043.03333524
20200509,41421748.17309422
20200510,42128021.50150031
20200511,37785999.281409994
20200512,38709429.18950974
20200513,40620905.145887494
20200514,41189411.73327237
20200515,40868079.88614182
20200516,40056154.234584585
20200517,40320056.86897216
20200518,42065588.757693715
20200519,43510884.99712049
20200520,44629358.469075486
20200521,44134336.40342496
20200522,41681417.68799581
20200523,45218973.3894518
20200524,45695616.080229156
20200525,42839418.71528226
20200526,49477998.312465206
20200527,46910545.20171212
20200528,46089149.801197425
20200529,46950471.09508648
20200530,47614716.37214438
20200531,50626469.68882135
20200601,49052454.30879681
20200602,51759531.92626775
20200603,49033388.0640263
20200604,48594881.51496748
20200605,49856406.63305572
20200606,49855951.399717666
20200607,49703311.72808047
20200608,48589690.82341048
20200609,48604134.758638546
20200610,47600289.87913853
20200611,49334101.933907144
20200612,45934925.91894018
20200613,46748889.65625909
20200614,49330569.395846486
20200615,47018480.79600021
20200616,46857627.800293036
20200617,47148642.33579074
20200618,46715665.81065681
20200619,47140380.74068635
20200620,45999938.88161659
20200621,45603834.869583994
20200622,45721401.013132006
20200623,47867787.56126544
20200624,49297399.96798837
20200625,47131341.687373
20200626,47723542.208422296
20200627,47178196.303662226
20200628,44214421.88370203
20200629,44343136.30854591
20200630,44345172.23747042
20200701,44115936.40880638
20200702,44373712.615341894
20200703,43831460.11758133
20200704,43764839.583045125
20200705,44097058.20640196
20200706,43642139.872500926
20200707,45349149.84236567
20200708,46191318.04081308
20200709,49591979.652204126
20200710,51769283.61038519
20200711,58014830.25830503
20200712,56859329.952882364
20200713,55266598.298802055
20200714,58371150.014981106
20200715,58074901.75307739
20200716,57387373.70142897
20200717,54398620.13360513
20200718,55603138.22537467
20200719,55436265.79162443
20200720,55243643.79875975
20200721,56623979.55105662
20200722,62276980.317390196
20200723,62767883.462376475
20200724,64006528.98464385
20200725,62142984.96946946
20200726,61939864.83548981
20200727,60626059.17397694
20200728,59483036.27300421
20200729,59470116.07408073
20200730,59484950.5192195
20200731,59040144.97005667
20200801,60297288.36858005
20200802,72253388.18462159
20200803,67193884.32730421
20200804,70156419.95921743
20200805,69318961.65143776
20200806,73205160.46485499
20200807,78438832.4370264
20200808,76196869.37366761
20200809,87147943.96519896
20200810,81883989.78696398
20200811,80068380.70301302
20200812,73259710.21108554
20200813,76595487.03159283
20200814,83007164.71474606
20200815,79100139.61990504
20200816,76156250.41466637
20200817,76102043.80848128
20200818,76007979.42084426
20200819,143607780.93624592
20200820,137404920.74203104
20200821,140228916.70135826
20200822,137011023.87468296
20200823,74577427.67607713
20200824,73014307.39561184
20200825,71956252.25853144
20200826,68604887.86171976
20200827,68950156.67536256
20200828,65339704.52001683
20200829,68640652.85688958
20200830,69978445.48715484
20200831,72489198.75905102
20200901,70710099.54117408
20200902,67844438.33879483
20200903,63639967.87595987
20200904,49350541.21381885
20200905,50903555.66081272
20200906,48002077.1927815
20200907,49830951.87050833
20200908,53740374.11543924
20200909,52806426.33515396
20200910,52934874.48789548
20200911,58215854.2269122
20200912,58279584.09703911
20200913,58183052.68783355
20200914,53841224.7911932
20200915,53720109.81746879
20200916,50373838.322314024
20200917,50414862.534316085
20200918,50679516.841154814
20200919,48726472.74209915
20200920,47338169.16528515
20200921,47543261.41862259
20200922,42661230.01613312
20200923,44478784.14743721
20200924,41426339.93487649
20200925,44046126.63419416
20200926,46125565.941317484
20200927,45167136.14328299
20200928,43981587.80663044
20200929,42730423.63378135
20200930,43476951.15316371
20201001,44307659.95992593
20201002,43192666.84822875
20201003,41597333.5587265
20201004,42225989.880477145
20201005,42616631.461423256
20201006,43407405.17681607
20201007,40806928.22161685
20201008,40168917.29064581
20201009,40465855.61453031
20201010,41576161.852056906
20201011,41999928.0817455
20201012,44556209.796780266
20201013,47538756.7330703
20201014,47299879.809831046
20201015,44617957.280838914
20201016,44387622.7939872
20201017,43023982.37637347
20201018,43137273.34129299
20201019,44011127.23072673
20201020,43137138.963818386
20201021,41463682.92849905
20201022,42302995.5179438
20201023,45172213.33501764
20201024,45326435.86361328
20201025,45843049.68158378
20201026,47382676.01798663
20201027,43353909.7455207
20201028,42631724.042452045
20201029,39346040.665476084
20201030,38020929.73374986
20201031,35973887.9450492
20201101,33822748.08484072
20201102,34064191.39578308
20201103,34340948.29222907
20201104,31091074.761988636
20201105,31756602.902236827
20201106,33337933.067421973
20201107,36742954.10656462
20201108,36763840.67947077
20201109,36829770.94230181
20201110,36858064.06982986
20201111,36909660.60555896
20201112,36890760.53584991
20201113,35667630.62270547
20201114,36144893.49849323
20201115,36797805.378731824
20201116,36618366.65936729
20201117,36412478.68209181
20201118,37393359.94146938
20201119,35540272.901271604
20201120,34876580.464612156
20201121,36677699.20507788
20201122,40666068.43766456
20201123,38669912.54467574
20201124,45694142.94879043
20201125,52359268.491229184
20201126,47594700.914098285
20201127,41485447.689609125
20201128,43498421.42598585
20201129,49037421.19913127
20201130,50277985.28060404
20201201,48994087.34057051
20201202,46663636.23521328
20201203,46592644.759004615
20201204,47938373.703300744
20201205,45519633.43756883
20201206,47023553.71396988
20201207,44729685.473322146
20201208,43476649.820728526
20201209,40588713.76168505
20201210,41949281.00352958
20201211,39373889.32441946
20201212,37307408.04158372
20201213,37881801.32560967
20201214,38882341.4332463
20201215,38210394.63612427
20201216,40447044.231265515
20201217,42208915.1691961
20201218,40688393.55113023
20201219,41865638.05609212
20201220,42689474.41469439
20201221,41201935.08693465
20201222,39656181.06221057
20201223,40109308.72403914
20201224,33498371.000963304
20201225,37868087.02150057
20201226,36593350.20689222
20201227,37931915.6500905
20201228,40576006.10801141
20201229,38489621.45678689
20201230,36792194.42926661
20201231,36479042.563519865
20210101,38248786.572651364
20210102,34912152.6415155
20210103,34384550.217072725
20210104,33222603.8582033
20210105,32608005.94276843
20210106,33652569.71614579
20210107,36231123.02854223
20210108,39014389.33634767
20210109,43366307.056211025
20210110,45181426.928208485
20210111,47383338.99411052
20210112,45086086.45381436
20210113,43035808.707592644
20210114,47796482.485083856
20210115,45954284.602402434
20210116,46095799.135460444
20210117,51062542.63539895
20210118,72236654.72434497
20210119,72010248.01904184
20210120,62849294.84960499
20210121,59167077.84937793
20210122,48571497.43993674
20210123,49224208.0039554
20210124,49670587.87630249
20210125,49448231.26218805
20210126,54830921.383626334
20210127,53407448.140732214
20210128,47886163.33099869
20210129,62106337.8995966
20210130,51496458.55225728
20210131,49887391.506115936
20210201,47729861.54915136
20210202,45749205.889763
20210203,48465523.379721
20210204,47834029.84808845
20210205,46466653.835691266
20210206,53688912.011492044
20210207,55365149.44745861
20210208,52436543.1431422
20210209,57053645.898216106
20210210,60093121.9697097
20210211,58356547.609667525
20210212,68174400.53537665
20210213,69558685.50532894
20210214,88416897.36844274
20210215,73989673.15840891
20210216,71452935.50968799
20210217,68716770.80562119
20210218,77403879.07873803
20210219,78401896.08271281
20210220,79158210.62606293
20210221,72425877.91071674
20210222,79815562.08048977
20210223,71813728.54215112
20210224,57668752.05968322
20210225,62385429.528505854
20210226,58476311.717100896
20210227,56862746.84008066
20210228,64665693.50787557
20210301,60081845.06900561
20210302,63690771.35120718
20210303,62227693.10340717
20210304,72409910.95256914
20210305,69687915.2918473
20210306,77471691.70937398
20210307,72839175.8747052
20210308,74316677.75060879
20210309,78341576.37048098
20210310,77741271.72128618
20210311,89441316.3245876
20210312,89303017.18414061
20210313,86196797.53530146
20210314,90428024.0166198
20210315,99771485.79778233
20210316,94361429.95413333
20210317,102045769.24886665
20210318,98422610.17641874
20210319,94607586.30922893
20210320,92448364.43256375
20210321,91022411.15364188
20210322,94692947.95061953
20210323,88659622.116618
20210324,89404252.80793703
20210325,84363186.03529471
20210326,80485049.68240564
20210327,86441298.29925485
20210328,90287799.12234354
20210329,92691900.5111032
20210330,102850632.1589992
20210331,105682239.22629724
20210401,104815000.31015953
20210402,116204972.13517655
20210403,108841592.80822344
20210404,98098973.17931448
20210405,120083965.43182659
20210406,129152783.85144925
20210407,134246067.74979466
20210408,120940120.37775436
20210409,138426799.18341348
20210410,133424710.04331599
20210411,139316036.92199662
20210412,150073796.10215494
20210413,141217572.83602467
20210414,131785888.14066276
20210415,149243054.23971194
20210416,157776526.09341845
20210417,151090112.3030582
20210418,174096786.7240536
20210419,157784694.78310567
20210420,152784688.9353893
20210421,149410532.27123588
20210422,137372375.58794236
20210423,118281807.60154629
20210424,117787926.03287135
20210425,108982482.10305664
20210426,105217747.95860112
20210427,120406003.6882289
20210428,131675379.03201227
20210429,126922012.81910466
20210430,126148262.93188646
20210501,143850227.34004837
20210502,137519694.943695
20210503,148903013.5618293
20210504,146471220.8861543
20210505,151387987.3531948
20210506,160061927.45397925
20210507,179161233.6522188
20210508,223966572.72059172
20210509,226786828.87156683
20210510,211185250.51505816
20210511,185317886.87807837
20210512,243438861.60252228
20210513,184642887.98095813
20210514,180966568.12014365
20210515,184224287.96397296
20210516,164502503.00764728
20210517,160437506.69139048
20210518,137164580.30836904
20210519,154092011.95007274
20210520,96667722.72723694
20210521,113875903.28952737
20210522,93383272.35118549
20210523,84564655.1776346
20210524,72213088.22273454
20210525,90104106.29924427
20210526,91488936.76954296
20210527,97902216.86557224
20210528,91588419.2626642
20210529,81357515.25953142
20210530,80623638.6845811
20210531,86973730.65760425
20210601,89185319.03113997
20210602,86875832.74465844
20210603,92013615.05324565
20210604,121090558.26882353
20210605,103462145.64166112
20210606,92788779.1788682
20210607,95558304.18023649
20210608,83982672.83197649
20210609,85195367.82547928
20210610,88786726.97900513
20210611,85248607.62031895
20210612,84904073.11667666
20210613,79817199.28683625
20210614,84909372.09128627
20210615,88714226.80396198
20210616,86629375.81455277
20210617,83355244.79936524
20210618,82208215.05124065
20210619,78392065.56478332
20210620,77628805.14950846
20210621,75088127.9690238
20210622,61596562.60385845
20210623,57088136.82117418
20210624,62122140.319320515
20210625,62985461.10673086
20210626,58483322.14046195
20210627,56701416.490484625
20210628,58319443.231164835
20210629,59768539.91039887
20210630,63732661.46260243
20210701,63571347.52229267
20210702,60034621.151500866
20210703,61690895.59748542
20210704,63823424.114034936
20210705,65055152.48387772
20210706,61618851.37900254
20210707,62600760.01820914
20210708,62688220.28323776
20210709,58246505.20882124
20210710,60128742.60506239
20210711,59378376.93198004
20210712,60840526.8886161
20210713,61947488.33688691
20210714,59231493.19889754
20210715,58721769.64846448
20210716,59046815.01483288
20210717,57139528.861769415
20210718,55868154.507159375
20210719,56926985.22755251
20210720,53819353.84888798
20210721,49916376.892777026
20210722,53224145.49211477
20210723,53397934.268039875
20210724,54677878.813623324
20210725,55155341.98408754
20210726,56655566.5306471
20210727,56222313.69730741
20210728,60579240.36563158
20210729,59655573.49223519
20210730,59964926.02243244
20210731,67805561.03181793
20210801,67382099.0505756
20210802,65494659.3461804
20210803,65383730.39027543
20210804,62560860.0104022
20210805,66627897.35732835
20210806,66027370.255424894
20210807,69591577.27139242
20210808,70813701.8083955
20210809,73937347.42730235
20210810,77584729.14627093
20210811,75496126.35532427
20210812,84105079.77865905
20210813,79783157.70777221
20210814,91590012.90631644
20210815,88744775.66091633
20210816,88433792.94187798
20210817,87357914.95689914
20210818,80169562.54818286
20210819,81685341.56962408
20210820,87183087.698528
20210821,89937710.95732264
20210822,88957818.2572114
20210823,87270650.98910618
20210824,101055411.15617481
20210825,91871329.54631777
20210826,104795636.3191412
20210827,93874876.26041175
20210828,94873449.72811425
20210829,91481439.58503968
20210830,93212499.87473632
20210831,88039070.43668595
20210901,91447983.73234464
20210902,107057335.64053619
20210903,102238398.90251417
20210904,105546756.12365003
20210905,103995500.04639174
20210906,108345631.36689235
20210907,109684917.24241628
20210908,90083733.00839508
20210909,94665911.76649739
20210910,92946375.09854859
20210911,87474778.21875483
20210912,90582544.89545774
20210913,90098733.84918445
20210914,86063769.57732603
20210915,88653588.3918967
20210916,92677747.00887384
20210917,90155704.27679722
20210918,86188358.08174059
20210919,92471423.96231994
20210920,89145789.88005036
20210921,77004766.17316668
20210922,72380841.60411297
20210923,78306627.81776798
20210924,78775764.59293428
20210925,73069860.10938087
20210926,69923741.5896678
20210927,70788907.41189428
20210928,65039621.894043714
20210929,62304873.792461716
20210930,63086733.95565353
20211001,66240116.70781906
20211002,81128252.4106491
20211003,85738515.98596936
20211004,88473792.82645303
20211005,89114538.43096523
20211006,92443920.30232261
20211007,94441089.42786977
20211008,92600117.27118383
20211009,92808016.98793109
20211010,95533528.74329995
20211011,98632274.52007943
20211012,91816778.83878551
20211013,90389135.40965289
20211014,88324093.9794535
20211015,88914152.25505015
20211016,93154153.96502848
20211017,92438424.60219078
20211018,91729080.77222888
20211019,90818945.22575572
20211020,87777129.54101501
20211021,97801534.01146807
20211022,113524120.85686491
20211023,102700721.77595986
20211024,118921804.36659476
20211025,113029964.98497379
20211026,120757843.71371342
20211027,113856976.02899912
20211028,105764950.19801955
20211029,104091099.03078248
20211030,106663078.74182862
20211031,100954629.70370388
20211101,105763987.41888858
20211102,105509109.09362057
20211103,105234078.28919592
20211104,111786832.0780425
20211105,109533618.13118614
20211106,107388496.64916009
20211107,105474044.42379528
20211108,107601999.31441675
20211109,108776716.58185159
20211110,108067807.78746676
20211111,104605741.60051425
20211112,106445594.26504649
20211113,107483094.39463769
20211114,109583719.18961181
20211115,105612574.93248007
20211116,104145433.73352253
20211117,96718104.35932106
20211118,94241910.11106946
20211119,84425554.6924513
20211120,89970680.47781761
20211121,99641519.16413425
20211122,96640293.33448286
20211123,90959552.86556727
20211124,93477562.80065799
20211125,101722337.35387328
20211126,102769135.66670713
20211127,91104771.74303183
20211128,92960630.1985031
20211129,97436531.29109263
20211130,100102007.1878274
20211201,97490797.9632013
20211202,97568220.1058831
20211203,99861801.75418727
20211204,98979740.5095955
20211205,80426458.05556886
20211206,77284344.33007148
20211207,76612021.31161661
20211208,73629598.04623808
20211209,75812376.03106117
20211210,71282630.70353888
20211211,67978598.42870878
20211212,71761172.33841443
20211213,72860365.36864127
20211214,64981902.67690223
20211215,66625366.22580747
20211216,65062780.366390854
20211217,67251317.79169391
20211218,65513308.69851156
20211219,67627259.88072011
20211220,65437602.394356705
20211221,64511514.37984993
20211222,68828456.2833953
20211223,66419591.770215
20211224,71772111.29060467
20211225,68983320.58364768
20211226,69944156.81501053
20211227,77684037.55209222
20211228,73872350.96871142
20211229,68909263.79411833
20211230,67975553.64050645
20211231,66321006.21778923
20220101,66060258.97080156
20220102,67413378.28657389
20220103,68669149.25267552
20220104,67150047.63262843
20220105,66964641.23999167
20220106,63922940.02451995
20220107,62484561.27386575
20220108,59674973.119436584
20220109,56978415.46081298
20220110,55649588.58304906
20220111,54022466.38460578
20220112,55242085.59466642
20220113,61177381.02777945
20220114,57379799.92201788
20220115,57140491.57211452
20220116,57946088.8523413
20220117,57382226.632306896
20220118,62190908.88455539
20220119,57373550.151728466
20220120,56060236.38693918
20220121,53321931.90358174
20220122,47653965.477876104
20220123,41998708.46904091
20220124,44960452.8492858
20220125,44332300.317814216
20220126,45537095.873776555
20220127,44406463.6667583
20220128,43619295.36121403
20220129,44038382.635419585
20220130,44802382.80928003
20220131,44445854.29709252
20220201,45819659.47098594
20220202,47326238.8641678
20220203,45558293.047420695
20220204,46794950.13128273
20220205,51140965.21086789
20220206,53782075.992889315
20220207,56184932.11858424
20220208,58115427.0967484
20220209,59867754.25651229
20220210,59644260.99498015
20220211,56617928.88946738
20220212,52051560.76057758
20220213,54898955.5071133
20220214,51783736.20138236
20220215,52218913.25871583
20220216,55001777.357271805
20220217,54348323.34048324
20220218,50895965.29472621
20220219,48656082.0260092
20220220,47994409.65271515
20220221,45412012.806952044
20220222,43121932.82903813
20220223,44274120.009973764
20220224,42936910.85359892
20220225,41393123.41038148
20220226,43717480.90943521
20220227,43335133.87516005
20220228,40102580.334705286
20220301,44210157.53822627
20220302,45065379.12842573
20220303,43746208.32078496
20220304,41726128.59912551
20220305,40134212.18282179
20220306,40528936.5209818
20220307,41104318.84193437
20220308,40528753.56714201
20220309,40863178.77121376
20220310,50859034.9607087
20220311,46977103.00267462
20220312,50063203.17280918
20220313,48268030.27673297
20220314,51910868.17698325
20220315,51619057.25525368
20220316,51037112.56112373
20220317,53756164.51134283
20220318,53348594.75562848
20220319,53683521.01990735
20220320,55616097.39690446
20220321,54893859.23111952
20220322,55881294.23115401
20220323,56358154.31959307
20220324,55646140.86532102
20220325,55856246.928050786
20220326,54681973.124151535
20220327,56720257.86310514
20220328,58403337.5815369
20220329,57744114.37622452
20220330,56375336.97363763
20220331,57783430.41161992
20220401,56957585.300818585
20220402,58903322.74173052
20220403,63857812.94853866
20220404,62706069.386081874
20220405,62023977.53092279
20220406,61021330.19389484
20220407,53506891.02701669
20220408,54931643.958682954
20220409,52058493.69696625
20220410,52723586.368628725
20220411,52681513.86871772
20220412,48381925.15896165
20220413,49963750.25070739
20220414,51541749.40924364
20220415,49317773.096919745
20220416,49631858.38369432
20220417,47522432.63794456
20220418,46031019.4590082
20220419,45836813.297824726
20220420,47791200.74798477
20220421,45083875.293117054
20220422,44049548.9637734
20220423,43203173.244417526
20220424,43069029.29558274
20220425,42434943.532071926
20220426,42967545.95149763
20220427,40462496.490169555
20220428,42035288.28561779
20220429,41661674.24790118
20220430,39870933.75071783
20220501,37935690.83395574
20220502,38857769.30214633
20220503,38674898.79536957
20220504,40102823.78566958
20220505,41668608.962864675
20220506,38487871.9842233
20220507,38403675.67935847
20220508,38439577.71566256
20220509,36015458.05227846
20220509,30898625.79355002