20161118,0
20161119,0
20161120,0
20161121,0
20161122,0
20161123,0
20161124,0
20161125,0
20161126,0
20161127,0
20161128,0
20161129,7228842
20161130,9280994
20161201,8766288
20161202,8777525
20161203,8604003
20161204,7910191
20161205,8779704
20161206,8247087
20161207,7546192
20161208,7294423
20161209,6560670
20161210,7705003
20161211,7469647
20161212,6222740
20161213,6877714
20161214,8842697
20161215,7697172
20161216,7883360.195576
20161217,7963719.257694
20161218,8300137.704188
20161219,8070637.6708510015
20161220,8071999.688853
20161221,8161211.867984
20161222,8191176.264028
20161223,8163935.903988001
20161224,7162171.663517
20161225,7803001.133458
20161226,7295649.427713
20161227,7888127.258583
20161228,7262279.986664
20161229,7115182.042448001
20161230,7002134.548282
20161231,6554711.634624999
20170101,6719515.812867
20170102,6336788.754305001
20170103,7332423.913767
20170104,8564369.196576
20170105,7342639.048782
20170106,7747158.395376
20170107,8091067.940881
20170108,7762821.602399
20170109,8525551.683519
20170110,9893698.766528
20170111,9506885.65396
20170112,11231200.444492
20170113,11771240.582284998
20170114,11233924.480496
20170115,11098403.689297
20170116,10098682.475829
20170117,12392320.791197
20170118,12073608.578729
20170119,14564020.0
20170120,15994920.0
20170121,19609480.0
20170122,18696000.0
20170123,22212980.0
20170124,22868980.0
20170125,22978040.0
20170126,24026000.0
20170127,23401980.0
20170128,23630760.0
20170129,24209680.0
20170130,23799680.0
20170131,22462260.0
20170201,21859560.0
20170202,18800140.0
20170203,19952240.0
20170204,22642660.0
20170205,24451580.0
20170206,24830420.0
20170207,24872240.0
20170208,24985400.0
20170209,22902600.0
20170210,21421680.0
20170211,20815700.0
20170212,20817340.0
20170213,20216280.0
20170214,19010060.0
20170215,19150280.0
20170216,17697240.0
20170217,18799320.0
20170218,31465040.0
20170219,23741460.0
20170220,22680380.0
20170221,22680380.0
20170222,22680380.0
20170223,22680380.0
20170224,19814480.000000004
20170225,19701320.0
20170226,19565200.0
20170227,18295839.999999993
20170228,18410640.0
20170301,18566440.0
20170302,19126499.999999993
20170303,20068680.0
20170304,19598000.0
20170305,18969880.0
20170306,18833760.0
20170307,17663620.0
20170308,16263060.0
20170309,16119560.0
20170310,16397540.0
20170311,19164220.0
20170312,19484020.0
20170313,21246200.0
20170314,20376180.0
20170315,21126480.0
20170316,21479900.0
20170317,33301840.0
20170318,23288000.000000004
20170319,29860300.0
20170320,46540740.0
20170321,41436240.0
20170322,38940160.0
20170323,39860200.00000001
20170324,35780700.0
20170325,34602360.0
20170326,43477220.0
20170327,42492400.0
20170328,45696960.0
20170329,53469740.0
20170330,69021040.0
20170331,72185419.99999999
20170401,74696259.99999999
20170402,62923520.0
20170403,64570900.0
20170404,62255220.0
20170405,63118680.0
20170406,65901759.99999999
20170407,62202739.99999999
20170408,63792720.00000001
20170409,62797240.0
20170410,59061320.0
20170411,57528740.0
20170412,61444240.0
20170413,63066200.0
20170414,61179380.0
20170415,63081780.0
20170416,66367520.0
20170417,74465840.0
20170418,86759280.0
20170419,81860600.0
20170420,82614180.0
20170421,81660520.0
20170422,80602720.0
20170423,79208720.0
20170424,83349720.0
20170425,81848300.0
20170426,86286140.0
20170427,107516760.0
20170428,117113220.0
20170429,141058860.0
20170430,179381560.0
20170501,165161120.0
20170502,183191280.0
20170503,184153960.0
20170504,206663780.0
20170505,199586360.0
20170506,207945440.0
20170507,196465440.0
20170508,201938120.0
20170509,172514060.0
20170510,178025280.0
20170511,193281380.0
20170512,186548271.856
20170513,176167982.796
20170514,172028170.952
20170515,170579957.888
20170516,162029376.32
20170517,163014504.128
20170518,197338252.92
20170519,211116914.808
20170520,213274779.96
20170521,268452117.784
20170522,258891026.432
20170523,326896773.6
20170524,400036524.096
20170525,332951334.08
20170526,304516346.496
20170527,277940620.4
20170528,402164693.856
20170529,384070301.664
20170530,347214195.832
20170531,368199764.384
20170601,381127158.368
20170602,396675170.696
20170603,379560726.44
20170604,397971044.608
20170605,431432450.284
20170606,436722248.792
20170607,438919766.592
20170608,441293915.068
20170609,441011969.388
20170610,486482344.304
20170611,477525593.452
20170612,418791332.796
20170613,475020423.16
20170614,417540820.78
20170615,418914062.092
20170616,448525821.76
20170617,502525053.496
20170618,478276066.512
20170619,609132032.112
20170620,535905763.504
20170621,500878159.024
20170622,489860716.952
20170623,543267033.508
20170624,514585694.584
20170625,461664490.448
20170626,394189909.368
20170627,453321019.824
20170628,479065040.752
20170629,440447343.296
20170630,398050179.656
20170701,374765269.192
20170702,393282737.52
20170703,388242893.92
20170704,397883573.256
20170705,384536734.552
20170706,361059393.696
20170707,283963948.16
20170708,318119926.224
20170709,285792453.4
20170710,204464372.272
20170711,235768048.768
20170712,260369982.824
20170713,239044363.624
20170714,214287485.616
20170715,177853998.064
20170716,161581550.976
20170717,208743657.656
20170718,222571155.824
20170719,196069908.808
20170720,229096295.48
20170721,229096295.48
20170722,271968287.36
20170723,249859618.08
20170724,245586163.92
20170725,203966219.136
20170726,206334529.112
20170727,207954776.352
20170728,187362225.312
20170729,201507941.704
20170730,191446581.208
20170731,192390406.464
20170801,216893209.712
20170802,207717362.232
20170803,242267364.432
20170804,241560120.264
20170805,255011087.968
20170806,268366256.992
20170807,255730827.616
20170808,250087035.816
20170809,251978018.456
20170810,234704266.904
20170811,258430684.328
20170812,256463062.744
20170813,236016292.304
20170814,222827729.68
20170815,222171300.464
20170816,225031099.32
20170817,223842362.656
20170818,193933181.728
20170819,210183969.984
20170820,228703937.408
20170821,233532190.88
20170822,231542910.464
20170823,232569205.888
20170824,259972626.56
20170825,244052552.008
20170826,251030028.04
20170827,259575270.296
20170828,256666322.552
20170829,266576904.256
20170830,273489403.792
20170831,278877454.768
20170901,309463057.68
20170902,273212837.168
20170903,297211656.056
20170904,251479865.32
20170905,294333530.496
20170906,367827778.696
20170907,333052024.824
20170908,301133570.712
20170909,286333924.2
20170910,268920223.272
20170911,249823797.704
20170912,240686269.696
20170913,226929579.248
20170914,176599451.872
20170915,204541844.248
20170916,201380487.808
20170917,204736773.736
20170918,235065802.792
20170919,219008277.96
20170920,225553410.384
20170921,203598852.024
20170922,201540429.952
20170923,213167057.576
20170924,206991791.36
20170925,215341271.096
20170926,215327942.584
20170927,230879816.992
20170928,227180321.88
20170929,219144062.176
20170930,218901649.864
20171001,215622002.88
20171002,211802551.16
20171003,204813412.68
20171004,204856730.344
20171005,192023872.384
20171006,195640897.328
20171007,184889786.336
20171008,163562501.072
20171009,162073039.856
20171010,186141000.4
20171011,194500476.52
20171012,177408325.944
20171013,174825926.744
20171014,174560189.536
20171015,169646133.768
20171016,177150919.056
20171017,182404018.848
20171018,181205285.8
20171019,205265749.056
20171020,183621911.632
20171021,171738710.152
20171022,167142039.576
20171023,160983434.0
20171024,164751237.736
20171025,168291623.736
20171026,162921066.432
20171027,171547945.824
20171028,164055656.016
20171029,156810776.712
20171030,158259419.36
20171031,161329142.28
20171101,190220358.104
20171102,177834005.296
20171103,167423604.392
20171104,165201075.016
20171105,157005706.2
20171106,157000708.008
20171107,162428744.52
20171108,171951133.312
20171109,177901480.888
20171110,164198937.52
20171111,165492636.216
20171112,161770649.24
20171113,171477138.104
20171114,175937191.432
20171115,178815316.992
20171116,173793800.096
20171117,173959573.464
20171118,176279567.584
20171119,182981310.024
20171120,183520281.728
20171121,181078664.936
20171122,192751942.352
20171123,192979360.088
20171124,205808052.888
20171125,211321891.696
20171126,229862684.92
20171127,274469882.456
20171128,284839464.792
20171129,221914726.608
20171130,247426331.608
20171201,258881354.64
20171202,262496713.52
20171203,260484941.24
20171204,299667434.392
20171205,299118466.304
20171206,284652865.624
20171207,242703873.2
20171208,270621274.616
20171209,259884325.168
20171210,244681491.168
20171211,266478606.48
20171212,291113028.784
20171213,296272828.992
20171214,356284454.272
20171215,327050862.296
20171216,340668436.4
20171217,400866660.848
20171218,458896503.0
20171219,481285071.032
20171220,492600144.688
20171221,546605325.516
20171222,444818487.256
20171223,548359578.338
20171224,527816710.85
20171225,597644440.25
20171226,649793323.608
20171227,740389171.236
20171228,684141558.672
20171229,696949148.896
20171230,600017081.378
20171231,702635478.688
20180101,780159275.038
20180102,902563029.94
20180103,893185925.06
20180104,920491320.32
20180105,787831982.652
20180106,860616336.58
20180107,901303294.32
20180108,903422319.8
20180109,889356662.48
20180110,768844179.532
20180111,679580648.318
20180112,759353615.02
20180113,808496652.392
20180114,763926205.042
20180115,812604558.48
20180116,563513947.568
20180117,536846762.738
20180118,541708841.674
20180119,585049586.836
20180120,625931761.884
20180121,520908187.228
20180122,471356361.476
20180123,494387832.51
20180124,514868964.61
20180125,476911712.134
20180126,456179467.172
20180127,482643092.074
20180128,494266864.52
20180129,460903892.878
20180130,456446431.012
20180131,383300841.638
20180201,387220204.514
20180202,337596632.23
20180203,310550692.452
20180204,351274357.72
20180205,286858485.914
20180206,231521887.454
20180207,253342010.064
20180208,278530882.63
20180209,269435758.306
20180210,297504503.296
20180211,281952191.092
20180212,276942447.782
20180213,314922225.332
20180214,295583197.91
20180215,351483757.482
20180216,361429829.046
20180217,379088652.8
20180218,397077010.044
20180219,372013276.778
20180220,362058862.594
20180221,324054891.446
20180222,274587326.156
20180223,277297009.132
20180224,279101517.838
20180225,259506371.982
20180226,269122910.056
20180227,308273991.454
20180228,308405804.85
20180301,301963633.686
20180302,378737428.498
20180303,361682610.432
20180304,357220977.256
20180305,365731283.918
20180306,407891548.35
20180307,350854723.934
20180308,311984788.83
20180309,262658213.818
20180310,264542811.676
20180311,250292782.454
20180312,263200484.118
20180313,253431276.098
20180314,255768043.96
20180315,208420338.412
20180316,209209550.264
20180317,211709833.478
20180318,187533754.98
20180319,182886081.378
20180320,206724283.766
20180321,210337472.488
20180322,209393922.166
20180323,204974002.09
20180324,206539911.864
20180325,203321329.068
20180326,211166728.916
20180327,208572174.096
20180328,198279049.54
20180329,215447327.238
20180330,177849641.684
20180331,161065958.768
20180401,167654125.782
20180402,161207783.308
20180403,173289565.592
20180404,183275681.732
20180405,164555676.714
20180406,163284261.426
20180407,155781743.26
20180408,161934425.51
20180409,170014252.98
20180410,215233756.166
20180411,235379514.942
20180412,233706819.632
20180413,250129267.102
20180414,409683524.5838375
20180415,350865607.6805551
20180416,355760288.3013392
20180417,340482626.28449154
20180418,349890654.06334865
20180419,371531948.18579173
20180420,377155000.67206234
20180421,376667131.8223935
20180422,442882046.5574209
20180423,477278971.85547894
20180424,502113929.8133478
20180425,522066190.29974556
20180426,433910946.4708089
20180427,459423591.9090497
20180428,493351253.7182102
20180429,501365919.7955143
20180430,491523704.18319875
20180501,462711660.4845455
20180502,478884219.87551445
20180503,577330750.8840201
20180504,681778647.1573956
20180505,669162222.764964
20180506,658713942.6809933
20180507,623417640.4248018
20180508,643159578.735552
20180509,614978184.5639893
20180510,593887835.1584734
20180511,539471826.6364198
20180512,483665178.9366967
20180513,484118753.91030705
20180514,518232422.686446
20180515,525137714.1796578
20180516,472291263.416919
20180517,462774601.08372927
20180518,433180047.51159346
20180519,435858993.5553996
20180520,417125703.282118
20180521,439433987.29436237
20180522,431746206.2581963
20180523,427012586.2337879
20180524,394532842.4089956
20180525,396789531.6478641
20180526,391415402.28770125
20180527,382898897.8445864
20180528,393249256.20334405
20180529,384618331.78464615
20180530,435556661.0708535
20180531,533160850.81658125
20180601,506828687.1639724
20180602,512843993.1624481
20180603,511224865.6677361
20180604,515721030.9935688
20180605,486008537.2421402
20180606,482076666.6562657
20180607,571408183.9586803
20180608,560135562.4174691
20180609,540126058.1609073
20180610,528867595.89130384
20180611,432716495.10109967
20180612,456308727.70328015
20180613,409878377.5653804
20180614,369567833.9668379
20180615,391232821.48691976
20180616,373990650.98129296
20180617,322933002.9862648
20180618,322089837.2835583
20180619,326523116.48001164
20180620,324327500.90088564
20180621,312068645.1041152
20180622,300109243.9215947
20180623,262861536.19312534
20180624,260056595.29740423
20180625,237032439.7471059
20180626,284888809.1750905
20180627,248385212.01770908
20180628,245009410.8263351
20180629,232045147.38251573
20180630,263376099.85194555
20180701,302483229.4684581
20180702,284657691.4270147
20180703,315846513.0993392
20180704,290553167.36534137
20180705,292681781.3529836
20180706,357466821.3445439
20180707,312289507.901169
20180708,302272847.9775934
20180709,304967994.753317
20180710,323160150.3475172
20180711,238901014.93484995
20180712,242239342.50254312
20180713,225789006.1117945
20180714,224585635.63569325
20180715,231943451.25600576
20180716,237256146.6399619
20180717,281254905.18358064
20180718,309880573.1707945
20180719,311893748.5179743
20180720,321179702.43725514
20180721,288273014.8966997
20180722,294076177.89803845
20180723,303035318.8807404
20180724,277854907.5852612
20180725,283422255.763291
20180726,283640582.6704136
20180727,280294379.2001905
20180728,286815056.85133827
20180729,284843457.0677061
20180730,283366660.83478105
20180731,276023886.78935134
20180801,252758876.63518894
20180802,245673144.79890674
20180803,223908175.83422652
20180804,214449649.98015112
20180805,216786026.5143959
20180806,219455906.07724047
20180807,210179712.39184988
20180808,196953425.9159244
20180809,177342230.57160088
20180810,185822712.83727455
20180811,168851041.19939098
20180812,156964031.82912856
20180813,154079284.61976427
20180814,132753021.3566119
20180815,126995548.68319237
20180816,132518988.18086682
20180817,136845115.76898468
20180818,169697005.67618576
20180819,147336324.343842
20180820,149439115.723758
20180821,139445024.95251897
20180822,141622233.4983127
20180823,138048521.14107248
20180824,141518267.09491214
20180825,149019570.19681993
20180826,143828627.49178103
20180827,142201655.22130656
20180828,155784754.29925153
20180829,166521616.65383443
20180830,167747396.17063114
20180831,159013769.9128149
20180901,170512270.53501996
20180902,182018611.33925125
20180903,175608549.25460902
20180904,171731104.9664747
20180905,176772711.56557012
20180906,143952707.66460454
20180907,141345903.58346698
20180908,138125504.93298048
20180909,127485121.99127038
20180910,128085614.73355053
20180911,127155339.24567765
20180912,113354352.43671393
20180913,118665534.1391698
20180914,126230961.29534844
20180915,123455050.03501529
20180916,128937963.08215219
20180917,133466735.60104218
20180918,118475974.8133484
20180919,134176340.43634716
20180920,131084785.89998902
20180921,137010309.24868828
20180922,144737213.24160042
20180923,140203141.76932812
20180924,141756491.8465145
20180925,135769099.24050328
20180926,133118517.56603064
20180927,132637314.70046677
20180928,137406011.55021074
20180929,151758054.65908557
20180930,153082652.79825166
20181001,147586122.8225739
20181002,148753593.23911017
20181003,149489603.40097615
20181004,142884761.70565578
20181005,144726426.21917993
20181006,143035815.74767154
20181007,145525101.50884834
20181008,145581097.299566
20181009,153138467.04870626
20181010,158511124.54877213
20181011,159158083.97547734
20181012,140404531.05919933
20181013,142688258.09262466
20181014,143950362.03227538
20181015,141254721.7008257
20181016,145685180.09227562
20181017,147648105.1329395
20181018,152400981.17984676
20181019,150059228.78149706
20181020,150083808.38964692
20181021,152432626.8715539
20181022,158633393.8192345
20181023,157855792.4899655
20181024,163125489.01192015
20181025,165130331.31652388
20181026,173429459.15368038
20181027,176161020.59500808
20181028,163454265.56637993
20181029,165282977.10705912
20181030,156047658.74427673
20181031,164743305.04526675
20181101,164253594.8858046
20181102,166495105.70558745
20181103,166648529.70249227
20181104,165105368.86935285
20181105,158340826.23872164
20181106,157075155.40127447
20181107,157638364.50465477
20181108,162677840.5258566
20181109,163202205.5668401
20181110,158198522.36164084
20181111,159805898.77039915
20181112,156920996.204436
20181113,153574661.97143576
20181114,145943753.27858627
20181115,128439106.67560102
20181116,124554675.90764901
20181117,117411643.46888828
20181118,117958109.36477412
20181119,118072234.35448326
20181120,95227905.34100278
20181121,82162909.71481791
20181122,91476608.33783942
20181123,94393762.8844265
20181124,88326978.58916426
20181125,79570012.70930263
20181126,82593211.99368145
20181127,75806013.5677437
20181128,75479898.27028066
20181129,85160011.752998
20181130,87780292.86981256
20181201,83357215.2112231
20181202,87445154.22937475
20181203,85833097.80947748
20181204,90318034.78622024
20181205,87286290.3203066
20181206,80189524.29347786
20181207,66638989.83057013
20181208,64087529.50414553
20181209,62462849.07821434
20181210,65731152.70960675
20181211,64570522.85999408
20181212,62095618.85317115
20181213,62482428.70114052
20181214,58474086.741550505
20181215,54388978.89583444
20181216,53104980.93838689
20181217,53512398.85383248
20181218,58104084.57693424
20181219,62837051.557399236
20181220,62392805.26297575
20181221,67388890.81770176
20181222,63983796.60366232
20181223,68893809.80826749
20181224,69051903.41765164
20181225,72268687.72099468
20181226,64336682.75364001
20181227,64299166.41813363
20181228,60816097.63713776
20181229,66308649.60235537
20181230,68033771.81207736
20181231,66738475.76101724
20190101,62826771.56609343
20190102,64328241.74089387
20190103,66974319.99059214
20190104,64960983.31960084
20190105,68740565.34978645
20190106,67006565.80423452
20190107,68349903.5200929
20190108,67844102.42766458
20190109,68445558.88361932
20190110,70117473.64873424
20190111,60736840.58023991
20190112,60658002.606629625
20190113,61368447.27516754
20190114,57705690.28566027
20190115,61072308.71743568
20190116,59337897.21799178
20190117,61416084.15497757
20190118,63706708.48181071
20190119,64390081.62236237
20190120,65791863.07269315
20190121,61158200.833031096
20190122,61058468.788916446
20190123,60679081.964481555
20190124,61770890.24708611
20190125,64303894.5729623
20190126,63094960.103875816
20190127,62882178.04513918
20190128,61065194.635019265
20190129,56055767.8327599
20190130,54317511.93594192
20190131,55337224.844631016
20190201,54493945.824124895
20190202,54707000.88392467
20190203,56755372.24398218
20190204,55091862.18572639
20190205,55683378.865425296
20190206,56066366.002478756
20190207,54872979.71187451
20190208,54874747.09305593
20190209,56808497.70224533
20190210,57138189.00016569
20190211,57814724.67193012
20190212,57948646.399202466
20190213,57385060.5783812
20190214,56326936.81457401
20190215,55747067.24482106
20190216,56089435.47559859
20190217,58701913.967402175
20190218,61387802.662752554
20190219,64089047.885617144
20190220,64902880.50526981
20190221,64740066.00020268
20190222,63342635.23391068
20190223,66474280.06051228
20190224,66682062.32221009
20190225,58752411.73278151
20190226,60004283.77212174
20190227,62551746.72214636
20190228,62051966.3810843
20190301,61705335.53748251
20190302,63880317.18595051
20190303,64205993.527473964
20190304,63506074.6785892
20190305,61148564.72281815
20190306,63288932.215850204
20190307,63649924.269107826
20190308,65827357.86128419
20190309,64408227.946678236
20190310,68242982.4331204
20190311,67984659.1019747
20190312,69906094.84718388
20190313,73512431.96556538
20190314,71626881.99940507
20190315,73039530.03761901
20190316,73861918.19777787
20190317,72784355.37165752
20190318,71055851.09753622
20190319,72098914.56094168
20190320,73743022.26037644
20190321,79961596.44399229
20190322,77624974.04714547
20190323,78093492.92519291
20190324,75597308.53912772
20190325,76754541.09409732
20190326,77568338.70248544
20190327,77751437.06823657
20190328,81000584.88630784
20190329,85682717.83995602
20190330,87126777.6291903
20190331,86697332.08321306
20190401,90518376.1744841
20190402,88223220.71423826
20190403,97696361.93314654
20190404,93372439.30315611
20190405,94183143.65535767
20190406,97463291.64646448
20190407,95877118.65027909
20190408,98804836.08848704
20190409,95959829.28680664
20190410,93027489.82025276
20190411,92683772.66530171
20190412,87171937.67148855
20190413,85362998.96977119
20190414,86919406.8867593
20190415,88498876.33413056
20190416,84387118.34747902
20190417,86254509.1876994
20190418,85862651.88145235
20190419,86785913.68694687
20190420,85775692.9887824
20190421,90902927.90590467
20190422,89481573.58631197
20190423,86964058.97371703
20190424,86847094.34388502
20190425,79011100.62799908
20190426,70079804.71020454
20190427,71344315.62262858
20190428,72090479.880181
20190429,72878141.9943995
20190430,68125946.93375888
20190501,72767772.48795325
20190502,71592005.39239582
20190503,72096878.52425592
20190504,72980576.92208959
20190505,72165439.07548024
20190506,69162644.43687397
20190507,72145023.59217255
20190508,71400642.81351203
20190509,68166749.60456872
20190510,66394474.08417117
20190511,67144774.48020647
20190512,72418834.16325298
20190513,67265669.85149522
20190514,70136680.53061098
20190515,79367213.10413411
20190516,85864567.92267446
20190517,90255383.08274615
20190518,86430903.79335067
20190519,83021567.01526403
20190520,87745250.45121671
20190521,84344210.93661518
20190522,89321424.29756899
20190523,86563500.29130627
20190524,85929788.03833094
20190525,91573622.58083016
20190526,92278303.52138078
20190527,94995504.90499629
20190528,96600654.15155737
20190529,97532579.59201457
20190530,101440043.22927774
20190531,91068224.15842636
20190601,94299656.58970137
20190602,91289910.92369774
20190603,94648421.8718155
20190604,88287639.5344363
20190605,80708220.30452423
20190606,83959895.109619
20190607,83791829.02446261
20190608,88447709.33705983
20190609,94413628.48155758
20190610,85528471.15966842
20190611,92173980.5223692
20190612,98798927.59095642
20190613,96819924.36037865
20190614,99599327.6195412
20190615,97049994.38495117
20190616,95705846.41482005
20190617,96062487.3184455
20190618,95544655.92827737
20190619,91167236.40751195
20190620,93075568.3629636
20190621,91015326.8805428
20190622,93855639.64927714
20190623,95966891.56296174
20190624,95133709.53274104
20190625,94093872.93708476
20190626,93135995.70098323
20190627,95687651.38235092
20190628,85197694.93398063
20190629,93394018.80549052
20190630,95808116.59466085
20190701,91206292.90057029
20190702,90801634.84896494
20190703,89052144.94979964
20190704,92996626.1062067
20190705,88305167.73048092
20190706,88040438.07612926
20190707,90436764.94104446
20190708,90701002.52464612
20190709,90684231.52088408
20190710,87788215.85576402
20190711,77063528.37021492
20190712,69745857.12223256
20190713,74291176.90612009
20190714,70050950.52458268
20190715,59569716.314756125
20190716,60872433.560692616
20190717,53219769.40410067
20190718,56002328.62201521
20190719,59535318.02944118
20190720,61427122.794882
20190721,67496609.43459389
20190722,65219838.7771268
20190723,63550999.416766904
20190724,59495159.93989169
20190725,60281312.5081868
20190726,61247487.18528855
20190727,61033944.18495419
20190728,58832573.26395407
20190729,60022778.588418424
20190730,59159176.56401744
20190731,67161199.06297012
20190801,65859709.31446934
20190802,60373860.839380965
20190803,59267852.53973834
20190804,57963538.94017073
20190805,56864242.13872898
20190806,57521014.48641443
20190807,53648827.45362826
20190808,53664831.139521666
20190809,55693571.01271683
20190810,53453026.513669714
20190811,52662364.31185603
20190812,55236158.15272388
20190813,55701451.12771489
20190814,54690016.52346602
20190815,50649462.50698542
20190816,50537024.53448877
20190817,46326246.48131863
20190818,49784973.0748622
20190819,50308876.24197483
20190820,51009474.688320786
20190821,50955819.99243675
20190822,48438754.68049194
20190823,50179525.470481664
20190824,55629597.54108799
20190825,55576953.63759027
20190826,53743861.105073094
20190827,59252430.936301395
20190828,56112628.86395245
20190829,55965921.563387394
20190830,60990819.96471285
20190831,59954056.36006641
20190901,58478553.92870549
20190902,57185295.77297437
20190903,56375009.58703094
20190904,55467652.14560249
20190905,57842238.392182
20190906,56254921.77859607
20190907,55552541.77058655
20190908,56627424.80950027
20190909,56333991.76304537
20190910,58455857.54595837
20190911,57992573.45030781
20190912,55721663.69678717
20190913,58733257.54386801
20190914,58206254.24606833
20190915,58443434.44861976
20190916,57947551.879218526
20190917,58349112.6035073
20190918,58299139.136241265
20190919,59890675.86650011
20190920,59371957.91033501
20190921,58858818.19681029
20190922,60177517.764682494
20190923,58486690.56628076
20190924,55447121.284298144
20190925,45402103.44373806
20190926,44659337.77653152
20190927,44219728.998669475
20190928,45111526.01965143
20190929,46078049.32026768
20190930,44913068.97892509
20191001,44696157.50064799
20191002,45546143.174858525
20191003,45561671.2789881
20191004,47144403.35808471
20191005,45329807.06376538
20191006,47150427.834897056
20191007,46971901.963139296
20191008,48739171.50706992
20191009,51498327.483956344
20191010,52090576.357852444
20191011,50907604.307845406
20191012,48885855.00313629
20191013,50594382.252692275
20191014,51855250.17245761
20191015,50484736.12589638
20191016,49798228.073533915
20191017,46688983.297226734
20191018,47735406.383931294
20191019,44639265.033645
20191020,45092366.3794158
20191021,46029250.6247435
20191022,44582686.13604918
20191023,43919002.60930337
20191024,40767266.401242934
20191025,40142593.51902903
20191026,44082629.06395018
20191027,41941769.89822663
20191028,44841447.066754684
20191029,45509642.40509563
20191030,46290054.371533185
20191031,43585759.101736456
20191101,43906149.859924324
20191102,44310654.55876307
20191103,44791230.58298454
20191104,44602774.3076994
20191105,45776076.71466634
20191106,45484733.14632504
20191107,45432554.20434306
20191108,44079031.44927391
20191109,44441435.321131684
20191110,47364697.7331588
20191111,46525073.695511535
20191112,44909293.1093136
20191113,44192837.36731749
20191114,44271754.163914375
20191115,44240409.49252714
20191116,44353810.86852999
20191117,43959143.30060264
20191118,44490146.08111771
20191119,42147733.50221515
20191120,41830126.88561824
20191121,41919265.59709824
20191122,39560067.23180136
20191123,37320864.11317602
20191124,36302202.55485666
20191125,32828505.853791237
20191126,34117738.59877765
20191127,35938263.229505025
20191128,37477730.04886014
20191129,38125998.223827235
20191130,38759279.2928966
20191201,37079813.694376536
20191202,38104406.09176132
20191203,37041204.476627365
20191204,37128783.026804104
20191205,35434886.01296914
20191206,35520896.36623621
20191207,36365587.976185374
20191208,36159117.65358006
20191209,35816754.76019157
20191210,35296129.8830089
20191211,33261858.85903372
20191212,33455624.83690428
20191213,32779697.14629602
20191214,34536629.27803544
20191215,33336545.164563622
20191216,32940333.18126318
20191217,31850838.725799497
20191218,28950721.937497113
20191219,30691665.77092818
20191220,29488393.086835895
20191221,29634783.591301728
20191222,31084004.783044554
20191223,30803077.17097913
20191224,30362435.928259756
20191225,29862948.403707705
20191226,29354261.659180053
20191227,28774585.297268476
20191228,28254824.880755063
20191229,27994827.771754324
20191230,28893492.730844468
20191231,28448821.37495891
20200101,28504318.96612218
20200102,28338627.418241095
20200103,26741634.297164798
20200104,27743741.674600992
20200105,27619570.284417283
20200106,27816025.535904735
20200107,28963944.819849607
20200108,28181474.70657783
20200109,27217963.263903107
20200110,26943954.138521977
20200111,27419532.898823988
20200112,27244251.62284247
20200113,28578187.072720047
20200114,27589981.989957497
20200115,28890564.481121596
20200116,34819464.05315868
20200117,32331719.705583666
20200118,33019350.63317212
20200119,35892301.812619045
20200120,32021773.236441836
20200121,31474000.284439024
20200122,40606654.45904599
20200123,39348243.534406304
20200124,36460208.855302304
20200125,36248420.78816609
20200126,34629325.74503091
20200127,35932012.590736024
20200128,35328749.36412008
20200129,35840275.07954966
20200130,35950851.336842015
20200131,36571173.05542033
20200201,39490836.23626753
20200202,41328507.43053182
20200203,44266425.57022932
20200204,41758907.64069453
20200205,44179380.345119976
20200206,45047369.41696793
20200207,45785443.32367326
20200208,47880484.474199414
20200209,49358180.69105979
20200210,52322284.9162552
20200211,54708509.77531479
20200212,57725862.335934445
20200213,63958984.57114599
20200214,63581844.32438587
20200215,69003293.04216686
20200216,72087338.52087021
20200217,65633489.1614177
20200218,65837922.47866901
20200219,73169002.6646449
20200220,66282479.2338384
20200221,63834844.97700802
20200222,63143525.35826699
20200223,59201570.67652338
20200224,62690274.70457567
20200225,61048592.418635584
20200226,59209701.61931131
20200227,53106684.31923386
20200228,55687920.03196997
20200229,54281757.1077582
20200301,52129080.502625555
20200302,51742633.961656734
20200303,54488487.038041495
20200304,53615511.07728974
20200305,53923843.392396204
20200306,55008749.04468575
20200307,56381062.23668213
20200308,53460109.20268129
20200309,45101841.97819736
20200310,43115668.398137234
20200311,49738943.2310913
20200312,44636560.270463675
20200313,25046824.084620886
20200314,28708413.704375554
20200315,29491695.388585366
20200316,31821137.0196133
20200317,27696092.376854695
20200318,30050854.364446294
20200319,29248728.05203805
20200320,33632520.80811802
20200321,34002575.97817482
20200322,35084836.01040276
20200323,31574086.89053319
20200324,34714008.161472924
20200325,34243358.045325704
20200326,34136170.53284521
20200327,34246624.85771313
20200328,32757361.02270235
20200329,31558384.43292847
20200330,30924163.151121978
20200331,32982757.940322142
20200401,33187025.262847587
20200402,33070683.01860673
20200403,35041609.34777783
20200404,34512456.59630251
20200405,34382980.00464664
20200406,33614419.17630871
20200407,36195348.95307446
20200408,35840144.27824528
20200409,37295186.871895336
20200410,36691471.54287327
20200411,39204499.45448426
20200412,37896650.84996448
20200413,37301508.839427225
20200414,35875682.7137309
20200415,36260027.0074242
20200416,34461078.44816569
20200417,36482865.39788168
20200418,36359815.46835085
20200419,37353296.8788985
20200420,36912942.874368906
20200421,35655819.92497416
20200422,35410807.449859284
20200423,36499288.16112026
20200424,37053240.34656949
20200425,39770515.07861386
20200426,38769190.61161981
20200427,41499733.72268772
20200428,41702822.08563955
20200429,40915346.47774248
20200430,42846981.41945292
20200501,41590335.58849746
20200502,44919099.67179112
20200503,44943661.319797516
20200504,43103143.269663766
20200505,42731087.643401384
20200506,42772362.895374514
20200507,42527197.98435597
20200508,43879614.03540202
20200509,45600554.808096975
20200510,44599385.84704319
20200511,39604978.77439036
20200512,39053159.923337825
20200513,41545362.99640505
20200514,43975599.87655368
20200515,43362924.56251309
20200516,42738496.1825501
20200517,45335927.57542874
20200518,44406787.14221901
20200519,44363363.66514108
20200520,46655510.450963184
20200521,46053254.58789685
20200522,46248381.51653112
20200523,49384325.36430769
20200524,49759479.01439386
20200525,46075616.18964126
20200526,51023184.60833812
20200527,49942171.69733519
20200528,49216539.608818166
20200529,50321842.38171902
20200530,49316027.473264
20200531,50321325.9216228
20200601,49806136.68518993
20200602,51016590.53328507
20200603,49059352.278917946
20200604,49534781.00544881
20200605,52796060.04802378
20200606,51242629.64638324
20200607,54112851.46394518
20200608,54100371.33281627
20200609,56410028.84862183
20200610,57087208.84450896
20200611,57970750.21488153
20200612,50467276.820950605
20200613,54285589.0606659
20200614,56519300.06493604
20200615,53837575.63682238
20200616,56797691.92993985
20200617,58655569.48253071
20200618,57964143.487371854
20200619,57985188.10099865
20200620,56531119.990179494
20200621,56087410.84614568
20200622,60549943.94714104
20200623,59900034.14792298
20200624,58998642.581438266
20200625,55275423.5600404
20200626,54374602.26011345
20200627,52581288.1873071
20200628,49022371.73989279
20200629,50677758.47965414
20200630,50016820.495706566
20200701,50658929.52212882
20200702,51255441.85272197
20200703,50578319.60765861
20200704,50953732.68316171
20200705,51331751.93826085
20200706,50766940.74024418
20200707,51886918.757489786
20200708,52809853.42621909
20200709,55527226.35309058
20200710,54210627.49257242
20200711,53253011.34073574
20200712,54436847.30972074
20200713,55271417.01062149
20200714,55573932.93290077
20200715,56602216.54989986
20200716,56945735.99772258
20200717,54167879.0062544
20200718,54030227.63102261
20200719,56637732.43310919
20200720,57464670.22682046
20200721,61612983.54982663
20200722,58963297.92291061
20200723,60362248.98067403
20200724,59518375.77269996
20200725,58965816.92536836
20200726,63526916.25106758
20200727,59466606.77655617
20200728,55752278.205589466
20200729,59854742.62469452
20200730,61426496.10473352
20200731,60864940.31448769
20200801,59667290.074898966
20200802,60335475.6243635
20200803,57564625.46639851
20200804,59333160.683416195
20200805,58999147.57928936
20200806,60014530.99428157
20200807,62556037.32509784
20200808,65019434.58146164
20200809,68920133.72888322
20200810,81874273.63835967
20200811,79431184.03662367
20200812,71836434.59537196
20200813,71581176.21065289
20200814,72867091.29073355
20200815,74995924.6465549
20200816,74294196.31883134
20200817,77996485.80052881
20200818,80496125.96491197
20200819,89744327.97661418
20200820,80319070.78883229
20200821,86042849.65500656
20200822,148411396.6290401
20200823,117757926.73997267
20200824,114665496.50976282
20200825,117653941.74301426
20200826,108744806.10906324
20200827,119128782.9994405
20200828,108315897.1378461
20200829,123206338.63609552
20200830,149483449.61168054
20200831,133251186.36781341
20200901,133379970.59462106
20200902,127945495.27740115
20200903,137406284.82661903
20200904,113344266.16342981
20200905,129298747.24476872
20200906,108282863.29030944
20200907,111009225.99853045
20200908,110755125.43559422
20200909,102580951.94703303
20200910,106319514.89625834
20200911,128166743.0396903
20200912,125610930.32834704
20200913,119908682.29165779
20200914,119597570.45831107
20200915,123683680.76811399
20200916,114946942.59523596
20200917,106252996.02726698
20200918,102836620.54062599
20200919,101070340.34368707
20200920,108982255.07806751
20200921,103026768.59121184
20200922,90409255.77594589
20200923,91402945.46064276
20200924,82682077.70719868
20200925,88456051.48555475
20200926,92768495.81957504
20200927,93879904.18589438
20200928,97564414.84725673
20200929,102004299.2663841
20200930,104822264.43627183
20201001,104898748.24003448
20201002,96892730.35868976
20201003,93269405.11873597
20201004,92955187.39173128
20201005,94597474.2028168
20201006,93732834.4332904
20201007,87107940.09170806
20201008,87953086.47574666
20201009,89387573.47493131
20201010,93061126.25512758
20201011,100859464.54608993
20201012,95729294.40469515
20201013,100690400.02473018
20201014,100152421.64797948
20201015,102665827.0540241
20201016,97336751.99254209
20201017,90641924.79131497
20201018,94194802.25238268
20201019,96256319.04927586
20201020,93181933.33009085
20201021,88596233.58293207
20201022,92267456.76488447
20201023,93858075.60059029
20201024,94067066.58796756
20201025,92984384.02768955
20201026,90600564.16073883
20201027,89268515.1491408
20201028,88637995.89476097
20201029,85537290.84434733
20201030,81743336.34779564
20201031,77617614.29544584
20201101,76839244.75387712
20201102,78969468.24941778
20201103,76033541.40606742
20201104,75645169.51056117
20201105,73267364.89569849
20201106,80581313.53242852
20201107,91399186.04184869
20201108,83336672.6074938
20201109,88833263.48384129
20201110,100030169.07654415
20201111,112178556.76962325
20201112,102344460.02288346
20201113,96796392.50861269
20201114,98664348.1177643
20201115,99267475.48770352
20201116,99542357.19327119
20201117,108051202.28367296
20201118,104248256.77143148
20201119,103249638.0710102
20201120,100715997.7661492
20201121,103237415.23430422
20201122,106931910.47873864
20201123,111669233.33506288
20201124,117186353.90027833
20201125,117797006.73920847
20201126,125576020.03658502
20201127,110492519.19826658
20201128,110492519.19826658
20201129,110492519.19826658
20201130,110492519.19826658
20201201,110492519.19826658
20201202,110492519.19826658
20201203,110492519.19826658
20201204,110492519.19826658
20201205,110492519.19826658
20201206,110492519.19826658
20201207,110492519.19826658
20201208,110492519.19826658
20201209,110492519.19826658
20201210,110492519.19826658
20201211,110492519.19826658
20201212,110492519.19826658
20201213,110492519.19826658
20201214,110492519.19826658
20201215,110492519.19826658
20201216,110492519.19826658
20201217,110492519.19826658
20201218,110492519.19826658
20201219,110492519.19826658
20201220,110492519.19826658
20201221,110492519.19826658
20201222,110492519.19826658
20201223,110492519.19826658
20201224,110492519.19826658
20201225,110492519.19826658
20201226,110492519.19826658
20201227,110492519.19826658
20201228,110492519.19826658
20201229,110492519.19826658
20201230,110492519.19826658
20201231,110492519.19826658
20210101,110492519.19826658
20210102,110492519.19826658
20210103,110492519.19826658
20210104,110492519.19826658
20210105,110492519.19826658
20210106,110492519.19826658
20210107,110492519.19826658
20210108,110492519.19826658
20210109,110492519.19826658
20210110,110492519.19826658
20210111,110492519.19826658
20210112,110492519.19826658
20210113,110492519.19826658
20210114,110492519.19826658
20210115,110492519.19826658
20210116,110492519.19826658
20210117,110492519.19826658
20210118,110492519.19826658
20210119,110492519.19826658
20210120,110492519.19826658
20210121,110492519.19826658
20210122,110492519.19826658
20210123,110492519.19826658
20210124,110492519.19826658
20210125,110492519.19826658
20210126,110492519.19826658
20210127,110492519.19826658
20210128,110492519.19826658
20210129,110492519.19826658
20210130,110492519.19826658
20210131,122280643.6894472
20210201,116784916.3450972
20210202,121100029.0534579
20210203,127899890.297182
20210204,131487000.6453386
20210205,136019231.8252527
20210206,149600161.0106789
20210207,200904633.1157796
20210208,178957949.4913519
20210209,182325891.0645808
20210210,187428319.0439411
20210211,189268281.0919471
20210212,206977646.0291214
20210213,220749077.7274372
20210214,243697618.0764971
20210215,240078834.847257
20210216,224349096.3442636
20210217,251857232.5524814
20210218,248192258.1183208
20210219,284162271.4711581
20210220,430347365.2079384
20210221,427897640.7845512
20210222,430104079.2812718
20210223,389328000.5385276
20210224,315201805.6795932
20210225,383530409.4240738
20210226,364547629.9829521
20210227,338326170.5005725
20210228,346765021.3534179
20210301,320739430.7916809
20210302,352175398.8014952
20210303,346565436.7912502
20210304,368814061.7611211
20210305,365609571.4745989
20210306,406338466.5636565
20210307,409443587.6732676
20210308,423954791.0258298
20210309,422060134.3335732
20210310,463357161.9080341
20210311,460758104.1701736
20210312,461536253.4783453
20210313,480135250.3969612
20210314,491331935.679539
20210315,482697093.2716772
20210316,448181958.4217778
20210317,431158629.959026
20210318,434484729.1593769
20210319,445053737.8832385
20210320,459386809.5399601
20210321,466134798.0010317
20210322,466831825.0662286
20210323,480452979.9215079
20210324,542332140.0424035
20210325,470336334.6647157
20210326,443775045.017153
20210327,483609044.6791063
20210328,563149430.5709693
20210329,609134455.9747283
20210330,631429644.5240161
20210331,646062915.6072286
20210401,618732975.0380076
20210402,594701689.2156358
20210403,602364238.7002422
20210404,573193063.1101052
20210405,593590637.160695
20210406,553056033.3785894
20210407,538304478.0199049
20210408,483577921.6564846
20210409,532159481.4694608
20210410,580699508.1450825
20210411,602935279.9173088
20210412,598248992.444073
20210413,573162195.5224382
20210414,575460559.9122238
20210415,548408863.8961192
20210416,576295322.3304595
20210417,537934897.2332147
20210418,536292752.5189188
20210419,473601977.2387198
20210420,453079451.2634764
20210421,463839389.7063011
20210422,445151826.4995447
20210423,383387307.0670105
20210424,368852490.6590703
20210425,339619384.6158885
20210426,352648434.7273881
20210427,414910340.9051914
20210428,448549758.5164024
20210429,462980868.4232569
20210430,448450695.9026365
20210501,462449476.1443463
20210502,463211381.9828406
20210503,487267429.6116608
20210504,493311063.0564611
20210505,457948640.8395424
20210506,489133872.070158
20210507,492352624.8049656
20210508,502377277.6519445
20210509,513883434.4746618
20210510,487679166.3939093
20210511,421842744.2200176
20210512,448556629.3407291
20210513,408471601.0103215
20210514,396937999.9581405
20210515,423029558.6992701
20210516,389330626.7538493
20210517,379397736.3660381
20210518,357981835.0299308
20210519,375898065.8032968
20210520,279120844.4943282
20210521,340333543.5035568
20210522,317851687.901874
20210523,321236472.7833336
20210524,267562826.7385534
20210525,301244335.5633315
20210526,322709994.5792169
20210527,339021018.4604135
20210528,347387211.7371045
20210529,309029777.9581385
20210530,291202281.85979
20210531,290696334.2010677
20210601,309566288.6740634
20210602,304799427.8556399
20210603,321621689.5082994
20210604,339773386.7515512
20210605,316845558.839071
20210606,302832642.7807534
20210607,310741744.3096185
20210608,290518194.7338509
20210609,281115887.449607
20210610,303473653.3605088
20210611,295554439.4010703
20210612,275954985.2484497
20210613,260151860.5251872
20210614,285271187.1837075
20210615,294393680.4221706
20210616,295996559.1998686
20210617,286713436.3034453
20210618,278705982.1261014
20210619,260904478.680911
20210620,261046891.40541
20210621,265716831.8787673
20210622,214840269.3501787
20210623,207182374.6910116
20210624,224626732.0485526
20210625,242602371.2519848
20210626,237027520.9146325
20210627,231433478.2410688
20210628,253211105.7312094
20210629,263711580.4945853
20210630,283763934.8910507
20210701,305555465.555637
20210702,303730261.7798745
20210703,293187432.5643344
20210704,299296746.0157797
20210705,332117559.7267539
20210706,325717023.4610712
20210707,326126661.5586542
20210708,344552972.6506992
20210709,314369100.5995616
20210710,320415859.1123744
20210711,314160681.8300396
20210712,323291065.3441766
20210713,316865055.1238836
20210714,309147596.6527059
20210715,310782122.5970657
20210716,296105995.1357043
20210717,282674041.2927926
20210718,293486469.0763865
20210719,295628353.3317967
20210720,298071170.967776
20210721,300702668.3661552
20210722,319402562.0073598
20210723,318195476.0116817
20210724,315434984.4694422
20210725,318267883.5120816
20210726,317466209.1633319
20210727,337540107.8871637
20210728,361860019.6714444
20210729,364283484.1240597
20210730,375687514.9972713
20210731,381046842.4955765
20210801,402680346.1003652
20210802,378442491.7589606
20210803,377521247.9718242
20210804,371252836.3762387
20210805,387031669.3711815
20210806,440316558.3638519
20210807,427422824.6258752
20210808,429091098.6306193
20210809,415647444.704001
20210810,420904306.1122277
20210811,424941532.0426355
20210812,431320440.9607397
20210813,414453300.6713823
20210814,430452614.8008599
20210815,435168813.4510851
20210816,434616856.6491533
20210817,444871697.441636
20210818,417741716.3355303
20210819,411454584.3285063
20210820,414170258.7623534
20210821,431630509.9842755
20210822,434536226.1515965
20210823,433812606.6212836
20210824,468093995.0853877
20210825,448953536.7884981
20210826,466268761.373113
20210827,446741333.650477
20210828,468522911.4030455
20210829,460830071.8012965
20210830,483214011.456405
20210831,477328312.2082027
20210901,491069123.3241328
20210902,506182887.0191707
20210903,556296133.9961565
20210904,633373784.2732508
20210905,681456187.4390472
20210906,592810887.0239546
20210907,628397085.276873
20210908,506881801.9263359
20210909,559982546.7933114
20210910,575999906.6037178
20210911,510478270.5959512
20210912,521564173.7661902
20210913,558937357.5733142
20210914,499341079.4580825
20210915,521410252.1643628
20210916,525378388.5989562
20210917,521154311.4802986
20210918,542852099.8115159
20210919,538303426.6207463
20210920,503456995.308178
20210921,485777423.4997823
20210922,436304437.959072
20210923,466815552.2178845
20210924,487929190.3812774
20210925,459781376.5837674
20210926,452615771.3996406
20210927,472834667.411811
20210928,459222815.6777211
20210929,431294912.2620514
20210930,435591775.6880766
20211001,508914906.1868778
20211002,524324075.411098
20211003,534986581.8831444
20211004,522765629.7803513
20211005,529022437.7896657
20211006,553607991.758781
20211007,565713264.9943112
20211008,561513010.4526765
20211009,644464679.3747877
20211010,580517322.5147862
20211011,544605130.1673982
20211012,575601605.0325742
20211013,546123593.294553
20211014,553099267.9909531
20211015,567345630.7764806
20211016,533916587.6799173
20211017,531781790.3448638
20211018,510521774.6753532
20211019,507574190.623018
20211020,523740939.2058323
20211021,549859571.892102
20211022,537580122.8440884
20211023,540997760.5022506
20211024,551966185.8693342
20211025,537366976.1076096
20211026,545109405.9695503
20211027,550333977.8971347
20211028,483700598.4517135
20211029,508387699.5123366
20211030,530406282.5594658
20211031,529389616.2969013
20211101,544818677.3472521
20211102,582098586.7001499
20211103,605467988.7620033
20211104,573747413.1003184
20211105,575597154.5129976
20211106,569078335.408302
20211107,570645079.0362053
20211108,572657428.872271
20211109,562165330.5271395
20211110,567779061.963944
20211111,522926502.9055805
20211112,530923989.150923
20211113,519393315.3909777
20211114,533458119.9747616
20211115,534556590.6421864
20211116,556638899.0093969
20211117,534600106.7342849
20211118,581674469.3195107
20211119,506174204.9022142
20211120,542600137.595859
20211121,598097930.2613195
20211122,564496582.8409193
20211123,526666256.2098988
20211124,537353752.9493443
20211125,524519234.0183769
20211126,572263701.6582502
20211127,736411461.2913569
20211128,701790256.9437897
20211129,749328196.5406882
20211130,810588094.5940375
20211201,738465097.8365792
20211202,716867394.3515855
20211203,654162885.5118383
20211204,591624261.278994
20211205,524708678.6695704
20211206,501525899.5440794
20211207,538158861.0659285
20211208,544847749.8425418
20211209,548158040.6614109
20211210,503316207.7189495
20211211,468460338.9663591
20211212,510588213.0024276
20211213,487731221.9716586
20211214,442994065.1112226
20211215,427636428.1045344
20211216,452236262.3930248
20211217,458098111.1024639
20211218,464990253.8778112
20211219,473810680.9211822
20211220,456003828.4089646
20211221,435478373.0156583
20211222,453416349.2832329
20211223,458435834.0831484
20211224,486624096.9802615
20211225,484407680.5890641
20211226,486800553.184182
20211227,505309813.0018913
20211228,493774474.7037152
20211229,455876620.5132721
20211230,429499487.6807174
20211231,432199173.6164359
20220101,469842638.5772004
20220102,465197543.8004927
20220103,526587043.1395187
20220104,498024404.4620032
20220105,476956957.9983252
20220106,454411208.0897657
20220107,443241684.034103
20220108,431664319.8954839
20220109,411654706.3204274
20220110,434639877.3112036
20220111,416593380.2842565
20220112,428619237.9830643
20220113,442073730.3693189
20220114,425478422.2882952
20220115,425434946.3354238
20220116,451982618.1851082
20220117,440436408.586628
20220118,429270213.9234251
20220119,420751999.9744112
20220120,404569669.1863114
20220121,395786923.6425589
20220122,344385244.6742156
20220123,315082722.3186189
20220124,327671974.7768988
20220125,317128883.3951152
20220126,316604817.0335096
20220127,325959149.225151
20220128,328681218.6829014
20220129,346191326.7366049
20220130,347797606.8924043
20220131,346110846.2893207
20220201,345673084.8554538
20220202,350728198.1179852
20220203,351774439.7555882
20220204,366388636.9270948
20220205,387161915.1020126
20220206,404005437.9668412
20220207,403718060.7348123
20220208,418442032.3232889
20220209,400959620.4208311
20220210,413511207.1730004
20220211,394098928.2635652
20220212,379946530.6015823
20220213,377778519.4482524
20220214,373714326.511648
20220215,367903313.0948233
20220216,389826759.502406
20220217,385075433.436699
20220218,355006751.7697983
20220219,346128818.7403521
20220220,338572873.4447723
20220221,329863911.2419322
20220222,309664005.5457432
20220223,321374974.0990163
20220224,320037032.6905198
20220225,310349429.5753537
20220226,497550472.5916582
20220227,576920802.0655777
20220228,455249867.495942
20220301,475735625.6216663
20220302,474596625.1330361
20220303,447400212.1897147
20220304,431604211.5449871
20220305,492807829.6660103
20220306,479422310.2873453
20220307,459428761.3784284
20220308,482878310.1023693
20220309,506883612.9588938
20220310,512114681.8040206
20220311,470263437.1766982
20220312,489100859.3651367
20220313,491687434.8969154
20220314,468009755.054093
20220315,471331522.8363932
20220316,457027499.7630775
20220317,464458665.1647637
20220318,468531303.7231009
20220319,481532873.7147466
20220320,485322443.762886
20220321,490098828.8701807
20220322,481190886.3577769
20220323,488203140.0142135
20220324,485447469.5435499
20220325,488284157.8343338
20220326,500408111.2408585
20220327,518081378.2508592
20220328,530434191.649528
20220329,545255389.9100184
20220330,549751770.8646923
20220331,561526804.83018
20220401,552407568.1543883
20220402,564129350.9479306
20220403,569572742.3146291
20220404,579501132.2936333
20220405,541669199.7407227
20220406,519975213.6907074
20220407,456806479.5126641
20220408,471945859.9306927
20220409,462956920.6053013
20220410,464695419.6290821
20220411,453727855.3279381
20220412,406356810.728395
20220413,427645552.5192171
20220414,456472345.8737061
20220415,439259846.827394
20220416,441635669.2691223
20220417,434171852.3700372
20220418,426631843.9395243
20220419,425227995.9537708
20220420,434009664.2268096
20220421,436224150.5954125
20220422,435455062.7308699
20220423,435968044.0000578
20220424,449126583.5841645
20220425,421577556.2366196
20220426,412610049.2708867
20220427,396058850.1578794
20220428,400693151.9575989
20220429,397164172.2483281
20220430,380755062.7810333
20220501,355276095.5118405
20220502,355441524.7047155
20220503,353709671.6548476
20220504,347570176.5729775
20220505,374004542.7368293
20220506,382384719.8183075
20220506,348999522.9090958