20170501,82641226
20170502,102709417
20170503,87569354
20170504,95493793
20170505,96701221
20170506,125067202
20170507,114909393
20170508,129536373
20170509,108692871
20170510,117338386
20170511,118223163
20170512,119756334
20170513,121885983
20170514,124163648
20170515,132839097
20170516,133275411
20170517,133962243.14353436
20170518,150176335.03495213
20170519,196105288.9274474
20170520,198222049.21173143
20170521,240703858.46653163
20170522,256900704.92201078
20170523,258412881.59699735
20170524,293569364.97607005
20170525,258729852.86210144
20170526,230271365.68195796
20170527,216368359.88033155
20170528,237651900.6626162
20170529,249892769.80077875
20170530,284622309.15649676
20170531,293273402.45110005
20170601,281957689.5854467
20170602,285695656.2221598
20170603,289993926.4894548
20170604,297305885.4473102
20170605,290264608.628858
20170606,302159067.5129472
20170607,278891633.6972346
20170608,291164298.2653735
20170609,285670281.5143361
20170610,296010516.35806257
20170611,304848977.6741276
20170612,304011144.2039721
20170613,301948835.1622614
20170614,275568188.7950167
20170615,263538409.37835944
20170616,272334740.16620064
20170617,283453087.9206376
20170618,273329138.0413682
20170619,277493484.5270079
20170620,277240661.65956324
20170621,258910482.8168062
20170622,255165930.84547883
20170623,258808932.4409109
20170624,244366601.89890444
20170625,234611152.81540683
20170626,217866903.32019147
20170627,223588699.39347234
20170628,243411284.83384317
20170629,299773439.10451704
20170630,377627112.98563755
20170701,338196556.50892764
20170702,358277218.13467634
20170703,371762557.6506742
20170704,350574554.24767953
20170705,374664083.01405585
20170706,371617071.5202807
20170707,327442633.80225223
20170708,332493829.13833815
20170709,307307761.2854397
20170710,255575203.31733078
20170711,230663571.174622
20170712,244824253.2558885
20170713,226163494.4663956
20170714,200307407.95407876
20170715,185040156.44685638
20170716,174307170.97610527
20170717,199319430.8443992
20170718,217142532.65472835
20170719,221799571.907371
20170720,243245633.40797657
20170721,243092635.55738324
20170722,257138291.70270553
20170723,254441063.99614552
20170724,245996670.82449067
20170725,224592528.58537915
20170726,215718012.38679153
20170727,222470249.32048246
20170728,217368023.03728196
20170729,214025701.5711498
20170730,203182075.1972486
20170731,218643007.5022218
20170801,221970945.04541603
20170802,218217292.89979336
20170803,221030737.4382424
20170804,218002610.8344674
20170805,227155231.80682987
20170806,230405525.01300597
20170807,223868057.77817267
20170808,231341714.8146016
20170809,238158055.35272804
20170810,232061365.79982802
20170811,216964196.6155862
20170812,214391054.7509399
20170813,210812512.27524477
20170814,194652138.692667
20170815,197637975.70943433
20170816,202277093.6891338
20170817,202991060.75408256
20170818,172134623.47201338
20170819,176564350.4426273
20170820,188128188.92853734
20170821,186888463.46045217
20170822,177329373.24232215
20170823,172228751.74112728
20170824,169992140.02756333
20170825,167081411.6124455
20170826,184849065.1811043
20170827,221049367.50763437
20170828,209783362.46112692
20170829,193083326.99933648
20170830,197020666.63630375
20170831,195902322.59688875
20170901,203092388.7275224
20170902,188288809.51005954
20170903,191378184.13683966
20170904,162065171.23760122
20170905,159969846.55167237
20170906,175554465.25603825
20170907,169391049.58810312
20170908,156110121.16337276
20170909,151956614.7370655
20170910,142512935.5488449
20170911,139982062.09785074
20170912,137579352.1157817
20170913,130258416.38559417
20170914,95872710.28301893
20170915,122353150.40722069
20170916,120146035.7042262
20170917,116422161.35464717
20170918,131730017.95353541
20170919,123979751.75910936
20170920,117139570.06513563
20170921,104957957.09277599
20170922,101618506.89647308
20170923,104881149.60197197
20170924,100483123.34426253
20170925,100316688.40825067
20170926,101615078.91233176
20170927,134150785.12343916
20170928,138314250.8718296
20170929,143656870.13684148
20170930,159028695.86825296
20171001,149044771.89770433
20171002,135878985.77661884
20171003,125980378.25744517
20171004,128994809.88852845
20171005,135861228.1115556
20171006,139067906.86764425
20171007,134754188.7411204
20171008,126199273.64703417
20171009,118513952.9895775
20171010,123659070.55067687
20171011,128158302.39546047
20171012,112304045.1177414
20171013,111798872.50636904
20171014,103126167.62588592
20171015,97854365.17316902
20171016,120870608.59183446
20171017,96283191.24968986
20171018,95837063.03854509
20171019,88594663.70373927
20171020,89055324.84942424
20171021,95065132.09505972
20171022,87886559.01293325
20171023,81369487.77993928
20171024,87884391.31348743
20171025,84795570.00376853
20171026,78737177.83838825
20171027,79575934.49068312
20171028,77146449.53573476
20171029,81140463.02690104
20171030,82314807.40160738
20171031,75452731.77543613
20171101,73487048.484393
20171102,64684360.692998745
20171103,67004761.27700769
20171104,68198411.74023172
20171105,69868390.61643489
20171106,67719421.87289162
20171107,68499276.99989925
20171108,79122564.65569809
20171109,91426167.08704661
20171110,75631528.30026044
20171111,74490759.38672017
20171112,60906175.889115214
20171113,66566927.62155842
20171114,69837575.9794178
20171115,72147806.9166017
20171116,73102295.6167133
20171117,70612504.1296483
20171118,74518507.4298527
20171119,75325470.7588429
20171120,76788095.7073375
20171121,75963127.9656034
20171122,79955294.503778
20171123,89639747.3347521
20171124,143377139.063004
20171125,125780395.125371
20171126,120051581.236974
20171127,139325848.563182
20171128,134482803.369372
20171129,102043732.377744
20171130,117198402.884496
20171201,126143415.387369
20171202,122373017.315083
20171203,127051973.648591
20171204,141536189.279047
20171205,160879466.139075
20171206,140487538.603095
20171207,135137115.11147
20171208,135588346.977575
20171209,133338358.544302
20171210,120931903.274605
20171211,136008130.656185
20171212,154305589.270477
20171213,158808182.406799
20171214,164793292.345553
20171215,220565484.54256
20171216,203957059.0356
20171217,215512847.882223
20171218,220095636.087308
20171219,234795517.605349
20171220,248214031.843002
20171221,236404015.840454
20171222,178521169.024709
20171223,192807558.557176
20171224,218286179.546116
20171225,266927527.585083
20171226,246270166.032857
20171227,245325460.908805
20171228,239424996.578434
20171229,251786051.140876
20171230,222596760.113314
20171231,244818099.049329
20180101,263340728.836403
20180102,299644455.82545
20180103,303330935.40622103
20180104,348508122.09886515
20180105,488219802.1640507
20180106,468485209.317366
20180107,422690163.17087466
20180108,418028070.4609381
20180109,471864891.5365211
20180110,461101929.39203566
20180111,374878795.0190395
20180112,435641568.11898285
20180113,440580134.41958475
20180114,406666439.80109763
20180115,373946281.63690925
20180116,235924551.63269037
20180117,242836569.6015251
20180118,261853618.34400028
20180119,289779513.9900621
20180120,312975830.6985089
20180121,259137308.3996542
20180122,228161270.1748109
20180123,233495640.39423808
20180124,265249863.50814503
20180125,254418931.7811371
20180126,239999788.6382705
20180127,248975613.01136458
20180128,264972949.61311254
20180129,252093514.5383856
20180130,252302237.4751911
20180131,216627269.78935418
20180201,223008594.8282497
20180202,195137961.3200069
20180203,178403062.4923349
20180204,188607654.4555053
20180205,159261344.34883034
20180206,121398085.20685656
20180207,149263889.64657187
20180208,146663341.91698897
20180209,152727699.7853512
20180210,160216654.14329994
20180211,158342385.56620038
20180212,151801752.63591057
20180213,162643563.2324836
20180214,156129436.86711192
20180215,173460162.85776332
20180216,174447235.72602826
20180217,176972039.71091035
20180218,187916339.83245414
20180219,173829119.35632813
20180220,176056461.00216153
20180221,158473705.91871065
20180222,135716591.0052776
20180223,136281718.08387747
20180224,160586523.5587589
20180225,145089189.7168622
20180226,144142684.0230884
20180227,149293000.84926566
20180228,146906985.65929422
20180301,148463663.19467288
20180302,154477422.636786
20180303,157664351.2987911
20180304,151522572.9907108
20180305,159081559.7721477
20180306,158950685.40195775
20180307,145023633.3643931
20180308,137617208.95765716
20180309,125389108.82712898
20180310,117765170.57465838
20180311,114237293.88473907
20180312,117913529.22840823
20180313,114652323.04452032
20180314,111698890.82614037
20180315,95457634.2859653
20180316,95378882.78569074
20180317,96156028.60049237
20180318,91355037.21020634
20180319,89411327.37060463
20180320,95638286.9095562
20180321,98992320.32860963
20180322,100438388.0142238
20180323,94068515.46671207
20180324,89930932.85758138
20180325,86644961.9287547
20180326,90594806.68795426
20180327,82272199.02970703
20180328,74696295.90080054
20180329,74258613.88657826
20180330,62157399.58677285
20180331,61258480.89229294
20180401,64358636.04882549
20180402,60850433.8929547
20180403,62310401.19582277
20180404,72885215.88697426
20180405,69020324.8670013
20180406,67567549.61873089
20180407,62218178.953512944
20180408,64867676.9863841
20180409,66361444.6449601
20180410,65122996.68221359
20180411,69222180.52150807
20180412,75179231.39096138
20180413,82806889.22149856
20180414,84655567.47869688
20180415,85799292.93518676
20180416,89110748.2994524
20180417,96348930.49374479
20180418,107597366.56251658
20180419,111155993.59380329
20180420,121135688.05047129
20180421,122837987.92709216
20180422,119556880.68209837
20180423,117350832.20681319
20180424,118908950.5979337
20180425,123583534.08882019
20180426,104902301.38659728
20180427,112835005.74124342
20180428,115760451.7703517
20180429,120235145.00275059
20180430,117872883.35628429
20180501,126920303.77956574
20180502,123251674.55936052
20180503,126170063.4014202
20180504,131821447.7370136
20180505,132176948.24995415
20180506,131634895.00607443
20180507,125737699.45212768
20180508,117732172.98832291
20180509,114912893.01764171
20180510,111848853.30819634
20180511,113527904.77206367
20180512,103275299.94573912
20180513,105017280.59507132
20180514,106500166.33010173
20180515,103947677.32093935
20180516,106440416.80212426
20180517,101926895.83177748
20180518,96356064.84543963
20180519,98697755.72915764
20180520,99104509.9412745
20180521,101430808.6680274
20180522,97988318.46881771
20180523,92909815.79429737
20180524,81627641.2136307
20180525,80893248.6404101
20180526,78306053.53827582
20180527,78885472.91447328
20180528,77061207.78613387
20180529,69127017.34782544
20180530,75716712.40851241
20180531,77631497.86578012
20180601,79793735.67613205
20180602,78897532.73211972
20180603,79551383.42368196
20180604,79298573.4254076
20180605,79196742.27734448
20180606,78082886.4214255
20180607,78425313.78452542
20180608,77415524.70839237
20180609,75103365.36561051
20180610,73706898.8884882
20180611,65025324.64161703
20180612,64863159.58301374
20180613,59898238.89287177
20180614,53841526.40834269
20180615,60125574.30048134
20180616,57957777.17672649
20180617,57820940.964541085
20180618,56604502.12916148
20180619,58240813.82465989
20180620,60347737.58417472
20180621,60794363.65589669
20180622,59909040.04470028
20180623,52487815.26780491
20180624,52591417.865635365
20180625,49982892.169980906
20180626,51150761.83199492
20180627,48841877.227781236
20180628,48984131.39718318
20180629,47469134.84120072
20180630,45479084.302207716
20180701,48344487.409352496
20180702,48756249.191316664
20180703,51969552.601718925
20180704,50672903.01692217
20180705,50452137.54700521
20180706,50867910.843616776
20180707,56012177.68082341
20180708,56419615.39789883
20180709,55981573.462547734
20180710,53393302.49396657
20180711,48141916.256254315
20180712,46735268.0641288
20180713,44276012.283686124
20180714,44289399.60973668
20180715,47259230.29555156
20180716,55581861.89967468
20180717,56665444.736021504
20180718,58453053.608354494
20180719,58735048.13824524
20180720,60160998.42274527
20180721,57086842.65262042
20180722,56162921.25534413
20180723,55262672.80547986
20180724,59460173.356400736
20180725,59588481.58773437
20180726,55586228.73467204
20180727,52770269.25706447
20180728,58020613.26110785
20180729,57699211.23111838
20180730,57508576.32407341
20180731,55537584.023676924
20180801,54470428.95592508
20180802,52069795.13306589
20180803,55607163.32094721
20180804,49538761.39614493
20180805,46267777.82770603
20180806,48625523.55058502
20180807,53472280.36514153
20180808,46072645.3191646
20180809,40302438.228075124
20180810,41744993.328188814
20180811,40115330.81823957
20180814,34081545.84104502
20180815,34081878.03684114
20180816,33354440.707122818
20180817,32599692.351019874
20180818,35864473.985423446
20180819,33831997.12544087
20180820,34241579.95342353
20180821,32408576.24490028
20180822,33986076.92108738
20180823,33385758.792237066
20180824,33400494.69152268
20180825,34107851.36139087
20180826,34125195.15474788
20180827,33497880.13605437
20180828,34666311.54171637
20180829,37673214.37458099
20180830,37426532.833922625
20180831,37535771.600929506
20180901,36808140.83999311
20180902,38838728.49372924
20180903,38642259.96204075
20180904,37799737.12935506
20180905,40562864.485693075
20180906,34193427.00091381
20180907,33888209.316138715
20180908,32534256.65562578
20180909,32080753.733669892
20180910,32711545.17143398
20180911,32787313.986005306
20180912,31293559.701301392
20180913,28818679.64133318
20180914,31034163.278470878
20180915,30547638.626750562
20180916,30919604.206962444
20180917,31206325.306791082
20180918,29518892.251595978
20180919,29735510.936787542
20180920,29026914.815264612
20180921,28841398.751290705
20180922,30232911.57826043
20180923,30069178.721628048
20180924,30064150.33173493
20180925,28219982.511908565
20180926,27274477.683715865
20180927,26676347.502852585
20180928,28133289.319437794
20180929,27408435.759410635
20180930,27909464.77031149
20181001,28399426.97576058
20181002,28851166.901038703
20181003,27808291.538944006
20181004,24985405.934943218
20181005,24012166.989325758
20181006,24113186.46960696
20181007,24006564.977772966
20181008,23745797.593845196
20181009,23826355.93237802
20181010,23422808.369156055
20181011,23200524.75807409
20181012,21713315.352556974
20181013,21667473.940527596
20181014,21912031.28971664
20181015,21105524.83086779
20181016,22773954.866346594
20181017,22475553.278114773
20181018,22313988.829735752
20181019,22301079.39364172
20181020,21390286.47365206
20181021,22008877.220338155
20181022,22228032.49371059
20181023,21893962.908951763
20181024,21462596.21771377
20181025,21811697.047199745
20181026,21946955.658898808
20181027,24155112.96188803
20181028,23949851.04793302
20181029,22651478.908615503
20181030,21160516.88747773
20181031,21263403.77276941
20181101,21400218.366078515
20181102,22276205.371329285
20181103,21279393.34571218
20181104,21136996.406598266
20181105,21260202.554697577
20181106,21963427.64506518
20181107,22283936.538921237
20181108,22644704.07592365
20181109,21961631.67363551
20181110,21580402.181514494
20181111,22212816.209904246
20181112,21562503.375092834
20181113,21318185.521675613
20181114,21190826.294190235
20181115,18827375.490962308
20181116,17888773.675781094
20181117,16265441.611489886
20181118,15732741.338454299
20181119,15786284.896078499
20181120,13166140.431692408
20181121,13085244.436904036
20181122,13612906.843551368
20181123,12665191.23864211
20181124,13226656.077868197
20181125,12645427.53522699
20181126,11998056.279002417
20181127,11414575.29680021
20181128,11505293.952521812
20181129,12917882.890533177
20181130,12628708.988820514
20181201,13315697.256637383
20181202,13822374.34040725
20181203,13295049.28581864
20181204,13298242.920784246
20181205,13746456.286107803
20181206,13468346.161794776
20181207,12365804.735366853
20181208,14367874.944870582
20181209,15134274.884365138
20181210,15404886.065234385
20181211,13441224.535927756
20181212,13031990.928706955
20181213,11594611.705014866
20181214,10397358.117806092
20181215,9615848.37799604
20181216,12187094.151132647
20181217,12078857.664342374
20181218,12203277.416585043
20181219,12719189.928346824
20181220,11642602.986142473
20181221,11888428.428587902
20181222,11220309.06390107
20181223,11491656.331366159
20181224,11400476.383764058
20181225,13097907.100986972
20181226,11423770.909157246
20181227,11365626.39265281
20181228,11158590.375421235
20181229,11892692.103638586
20181230,12307554.50775697
20181231,12069756.644418217
20190101,11634624.422246952
20190102,12299261.404723233
20190103,13686370.692048961
20190104,13072138.973965174
20190105,13796172.974910684
20190106,13757820.276658572
20190107,14042128.76876202
20190108,13762045.733507728
20190109,13117366.94263093
20190110,13245111.762939634
20190111,11983630.002534725
20190112,11848380.780862672
20190113,12043554.777648138
20190114,11510434.582763838
20190115,12169849.652246743
20190116,11685995.80507183
20190117,12226356.003241787
20190118,12320918.392782887
20190119,12153374.218141291
20190120,12483607.398232186
20190121,12549998.909646895
20190122,12652023.833709495
20190123,12602487.28392628
20190124,12597796.848878708
20190125,12493763.286787098
20190126,12652790.472877467
20190127,12598719.899637412
20190128,12640830.177869298
20190129,12605385.60661307
20190130,12353392.746133978
20190131,12722861.838608356
20190201,12599105.911159454
20190202,13428985.119279463
20190203,13254496.700902771
20190204,12902250.413901413
20190205,12667762.030050611
20190206,12745046.688886367
20190207,11905896.351292964
20190208,12691369.173322259
20190209,12750820.728930544
20190210,12838750.470706671
20190211,12939495.494854346
20190212,12991420.521884337
20190213,12681713.866182553
20190214,12530853.221297264
20190215,12552120.406380646
20190216,12730821.328526294
20190217,12925118.583501732
20190218,13088555.52374238
20190219,13623086.78263131
20190220,13668347.272489136
20190221,14330690.190534815
20190222,15031097.089507988
20190223,15416194.199489582
20190224,15762566.127297668
20190225,14486034.368845796
20190226,14725111.280605309
20190227,14691963.963453935
20190228,14465529.003224568
20190301,14146826.6786377
20190302,14268615.008988729
20190303,14219200.051293243
20190304,14340428.6999174
20190305,13259627.884398887
20190306,13915609.158500565
20190307,13857056.042281339
20190308,14245802.836156683
20190309,14262733.962501468
20190310,14658592.472380094
20190311,14481851.195216816
20190312,15087417.87435002
20190313,15143323.12575111
20190314,14409402.39472094
20190315,14622780.357068958
20190316,15819425.650849009
20190317,16402222.957043663
20190318,15781297.538984481
20190319,15949551.473768687
20190320,15334851.956694601
20190321,15532640.255327962
20190322,15453793.761981172
20190323,15440443.841787575
20190324,15393482.834159344
20190325,15213249.03197054
20190326,15222175.534206333
20190327,15951571.32296389
20190328,16565671.102129322
20190329,16833759.46744165
20190330,17034758.36896335
20190331,16942244.48296172
20190401,16971485.43194129
20190402,18198743.588655483
20190403,20233757.93953463
20190404,19147910.846376732
20190405,19025975.493404116
20190406,19511463.279976692
20190407,19389990.92541894
20190408,21534672.908458654
20190409,19914776.44740836
20190410,19680633.56567184
20190411,19226047.797590226
20190412,17826497.94083309
20190413,17504372.525034122
20190414,17757252.436016064
20190415,17707150.843115255
20190416,18353815.85339123
20190417,18360634.160791174
20190418,18649843.11368747
20190419,18892007.156385474
20190420,19141589.97611638
20190421,18598751.53184479
20190422,17505892.63452638
20190423,17655647.925885215
20190424,18712760.162749976
20190425,17788859.039155096
20190426,16989472.77705998
20190427,16378074.278563963
20190428,16494148.6884205
20190429,16755507.797836462
20190430,15990698.709304243
20190501,16243140.325586097
20190502,16110044.219050404
20190503,16600469.873339772
20190504,16969613.224216595
20190505,17839494.74915396
20190506,17942990.44888135
20190507,18478019.837285906
20190508,17593390.551413424
20190509,17690784.83981474
20190510,17513265.349645495
20190511,17731482.84855048
20190512,20338083.44441956
20190513,19348276.07960889
20190514,21560711.63525003
20190515,21213483.322350755
20190516,23777045.336083427
20190517,23964839.237714577
20190518,22182597.86866232
20190519,21972344.18894839
20190520,24345770.71612033
20190521,24492855.078515053
20190522,24959746.4760712
20190523,23621969.71949669
20190524,23738085.1370764
20190525,23676226.717429936
20190526,23916347.101501808
20190527,24699491.506238014
20190528,25327088.4468341
20190529,25745994.79240366
20190530,25821678.450921606
20190531,25192899.219842065
20190601,26442770.99913126
20190602,26221141.603714872
20190603,26809095.86566917
20190604,26712125.39935589
20190605,25210626.451511774
20190606,24850330.779684387
20190607,25260430.085285377
20190608,25701562.023056056
20190609,25113866.60876263
20190610,25016222.117253985
20190611,25838970.335820954
20190612,25869097.208319426
20190613,26301001.30606364
20190614,25402028.469038717
20190615,25862225.389267497
20190616,25394551.221791487
20190617,25302894.120524842
20190618,25255872.374448605
20190619,24753974.50424789
20190620,24754434.45259035
20190621,24833823.15501669
20190622,25785260.728112984
20190623,25922699.639727477
20190624,25824677.540397804
20190625,25551072.623337377
20190626,25438101.01141976
20190627,25986464.414078422
20190628,24251127.43860935
20190629,25604364.760113817
20190630,25696531.06310942
20190701,24894185.066731833
20190702,24817911.904041585
20190703,25578360.755480472
20190704,26530167.73381321
20190705,25047590.987053312
20190706,25302500.583289955
20190707,25541483.541920274
20190708,26241864.60901152
20190709,26541276.422461964
20190710,25851180.177040417
20190711,24974807.645641696
20190712,23777613.533030245
20190713,23212611.494572695
20190714,23824934.727159254
20190715,20364451.378224105
20190716,20394075.151623223
20190717,16940401.417326782
20190718,18626432.28498185
20190719,20184439.12294651
20190720,19325804.655761864
20190721,20256543.379880723
20190722,20247405.616027143
20190723,20220673.609710246
20190724,19417106.115189888
20190725,19276475.11385389
20190726,19406699.95656162
20190727,19310238.053913485
20190728,18617006.783408552
20190729,18582454.863317966
20190730,18508758.35543272
20190731,18521551.086508095
20190801,18900241.967991803
20190802,18964917.71573372
20190803,19082984.75750335
20190804,19646867.99910716
20190805,19994822.386396006
20190806,20501944.962727886
20190807,20185073.75999653
20190808,20148862.542810243
20190809,20109363.91135625
20190810,19246001.554500513
20190811,18756801.177132335
20190812,19064681.08291703
20190813,18815335.235277444
20190814,18335464.981675293
20190815,16814031.790091492
20190816,16771250.059230346
20190817,16275865.072264647
20190818,16361959.767868679
20190819,16454744.771010993
20190820,17631604.828353256
20190821,17475718.598525263
20190822,17130335.52920784
20190823,16971374.78888803
20190824,17017320.84223938
20190825,16783313.729961693
20190826,16711643.228620736
20190827,16793948.466068953
20190828,16903821.84394775
20190829,16623591.853312198
20190830,16029125.85129459
20190831,15834646.400616895
20190901,15774748.467949195
20190902,15745993.527251689
20190903,15486412.06203074
20190904,15618202.885006648
20190905,15219354.241299242
20190906,15080967.287145158
20190907,14970638.624729518
20190908,15478024.43201109
20190909,15843520.585499441
20190910,15985879.628103752
20190911,15729789.045893675
20190912,15693793.245264726
20190913,15947470.602473525
20190914,15984314.205849405
20190915,16506426.430529721
20190916,16634570.588517683
20190917,17295170.446252
20190918,18444989.092553444
20190919,18786798.09930536
20190920,19446595.498633973
20190921,19173387.0778754
20190922,19031722.96381444
20190923,18489239.899990812
20190924,18363696.131989583
20190925,16238213.107953867
20190926,15741417.238674289
20190927,15421790.507980911
20190928,15875479.271194268
20190929,15840415.774217283
20190930,15543171.834516367
20191001,15993271.897515519
20191002,16246921.033054054
20191003,16246921.033054054
20191004,15756055.109614642
20191005,15800728.447181849
20191006,15976072.205606705
20191007,15969868.060141368
20191008,16287798.898065083
20191009,16171278.11621573
20191010,16949121.40020808
20191011,16967979.989717837
20191012,16311125.450817741
20191013,16303590.935909588
20191014,16491917.793089118
20191015,16823717.019231845
20191016,16367278.11026057
20191017,16246081.595847227
20191018,16153005.779189425
20191019,15331256.415612886
20191020,15483421.253717989
20191021,16361253.533220202
20191022,16028364.602966141
20191023,16058839.10140405
20191024,15642801.99064944
20191025,16038782.562135328
20191026,17787616.917335793
20191027,17436729.77593303
20191028,17569500.24988819
20191029,17863939.979575053
20191030,18266366.29403073
20191031,17839437.857298568
20191101,17461909.00391877
20191102,17569918.107472762
20191103,17716563.766947247
20191104,17552603.791778266
20191105,17567159.18287253
20191106,17604080.476080082
20191107,17472567.091217626
20191108,17488621.696383808
20191109,16910172.713533364
20191110,16744095.05588814
20191111,17613525.862043563
20191112,17642096.305588286
20191113,17611478.696917858
20191114,17590041.68140878
20191115,17238969.368114892
20191116,16594810.446355915
20191117,16533323.127865177
20191118,16679585.470252285
20191119,16375121.384274123
20191120,16328759.756739782
20191121,16158594.782221803
20191122,15862303.395634172
20191123,14923585.144537788
20191124,15244087.980937868
20191125,14978612.173312603
20191126,15016322.472059421
20191127,15525284.98516235
20191128,15612976.103149386
20191129,15668954.122334579
20191130,16003001.378927315
20191201,15633857.214284437
20191202,15405087.833178286
20191203,15163783.138385398
20191204,15542697.096679945
20191205,14832468.503334504
20191206,14762388.549196916
20191207,14835334.269206751
20191208,14572977.57563828
20191209,14366303.615651434
20191210,14231258.067690602
20191211,13782119.256026447
20191212,13587725.724025415
20191213,13590959.845656987
20191214,13797943.652974533
20191215,13811577.29062658
20191216,13949896.09024038
20191217,12824274.084895981
20191218,12316495.391420934
20191219,13301399.280322572
20191220,12945778.587464787
20191221,13172829.647371367
20191222,13098287.990859212
20191223,12904733.840853645
20191224,12882499.379746323
20191225,12620487.35512056
20191226,13687294.516118897
20191227,12146457.640094869
20191228,12139761.818201799
20191229,12297849.886596423
20191230,12896574.080928737
20191231,12650248.010284772
20200101,12437908.893456347
20200102,12422170.564164659
20200103,11848737.508695818
20200104,12148498.474269154
20200105,13343358.726006836
20200106,12333881.570044698
20200107,12868994.455254266
20200108,12764822.672599621
20200109,12548812.348077992
20200110,12249192.029416736
20200111,12787881.29933487
20200112,12735164.401440818
20200113,13191346.284091758
20200114,13136905.265383983
20200115,14301161.877396557
20200116,14285100.420375828
20200117,14654010.995466972
20200118,14698303.242713084
20200119,14683911.242083436
20200120,13563266.11281961
20200121,13632369.184086848
20200122,13977462.618411167
20200123,13914730.298889214
20200124,13783750.781306166
20200125,13730126.547375323
20200126,13596429.384381495
20200127,14043080.049101934
20200128,14331356.081243921
20200129,14758986.870256854
20200130,14879422.65389736
20200131,15221357.67104148
20200201,15110598.651317963
20200202,15366377.745985297
20200203,15596236.06977961
20200204,15875053.493603166
20200205,15787720.47991547
20200206,16353018.340233654
20200207,17825024.71345778
20200208,18611641.844073504
20200209,18758106.312933415
20200210,19321956.63034084
20200211,18681452.97369486
20200212,18909001.261334926
20200213,20678004.953078065
20200214,21145302.459694885
20200215,22502059.103629474
20200216,23835425.154695127
20200217,21120737.457093976
20200218,21115280.838545535
20200219,22909146.65340775
20200220,21220447.053457692
20200221,20762679.82344742
20200222,21017254.069588877
20200223,20706819.537249543
20200224,21779533.967203915
20200225,20937879.045602072
20200226,19971309.49565464
20200227,18366798.58437106
20200228,18286875.65317307
20200229,18561578.899329074
20200301,17558258.239337873
20200302,17672223.043685857
20200303,18436633.830760825
20200304,18295466.87751783
20200305,18338123.04959146
20200306,18979313.887544516
20200307,19627988.08944418
20200308,18982188.712917943
20200309,16876569.087476857
20200310,16554983.015476244
20200311,16880580.573603883
20200312,15683811.45076202
20200313,10225844.121854555
20200314,10763517.397503855
20200315,10176380.984443974
20200316,11020129.100578945
20200317,10313411.881732669
20200318,10569529.599915473
20200319,11395252.118950192
20200320,12375370.109207701
20200321,12097395.666492876
20200322,12249451.481457073
20200323,10894012.993418526
20200324,11726891.295550793
20200325,11424339.592015138
20200326,11033030.7593736
20200327,11633148.304421656
20200328,10970458.142322194
20200329,10881235.469794711
20200330,10378723.657275643
20200331,10803612.8755528
20200401,11029933.089723352
20200402,11134610.487668455
20200403,11288547.953128755
20200404,11113622.74473525
20200405,11382046.814922294
20200406,11460501.35073505
20200407,13278282.576313889
20200408,13656978.081681576
20200409,14137512.45035937
20200410,14232250.702661885
20200411,13870660.31925068
20200412,14087387.010629049
20200413,14384710.462340591
20200414,14424896.581570573
20200415,14145759.054384667
20200416,13956287.992333017
20200417,14654418.069605052
20200418,16134163.123536652
20200419,19080990.727298018
20200420,19224988.743239976
20200421,18367987.988448724
20200422,17175445.290407177
20200423,18413908.178691663
20200424,19183168.10915163
20200425,19558903.54140379
20200426,19561784.395681623
20200427,19912634.008409448
20200428,20102256.388336413
20200429,20062005.490772724
20200430,22145220.6156112
20200501,20647074.06559903
20200502,21320324.499183152
20200503,22121128.81156191
20200504,22213921.491904728
20200505,21437068.26420364
20200506,21379768.669647302
20200507,21321583.032510787
20200508,22529854.27251985
20200509,22199762.07535688
20200510,21899717.37275016
20200511,20444091.387329508
20200512,19607770.63240159
20200513,21064005.29210856
20200514,21966244.700927053
20200515,23175902.570205048
20200516,22332527.651747316
20200517,22713482.51081747
20200518,23383418.98955487
20200519,24614469.070161283
20200520,24993280.54757218
20200521,24464075.167063102
20200522,23485130.976872586
20200523,24243610.45917995
20200524,24357622.72549703
20200525,24138385.672499932
20200526,24871765.07385373
20200527,25094966.918076195
20200528,25338370.846146066
20200529,26234030.14660045
20200530,26247700.502019364
20200531,27580603.80851479
20200601,26774719.833066616
20200602,28107498.51508259
20200603,27302906.186785456
20200604,27290961.651060816
20200605,29272743.028740793
20200606,30345855.863999527
20200607,33912289.261245325
20200608,35741004.57272282
20200609,34193115.06051602
20200610,33710759.640874594
20200611,34676044.9721226
20200612,33104973.75707081
20200613,34070766.7774149
20200614,33351324.318135154
20200615,32138366.677458372
20200616,30819827.035378728
20200617,31825148.64781402
20200618,31979621.13623478
20200619,32991710.92503208
20200620,34155157.46314814
20200621,33471970.130631637
20200622,31858074.31373588
20200623,32353941.9771734
20200624,31895009.855005912
20200625,30574924.692776185
20200626,30016863.463076897
20200627,27825843.680738434
20200628,26705019.87983658
20200629,26180613.893188108
20200630,25750950.870413855
20200701,25875487.30063896
20200702,29642889.788793437
20200703,28539038.819579016
20200704,28908433.392823827
20200705,28222004.697650485
20200706,27518706.308574203
20200707,28268854.130092606
20200708,28611504.096002396
20200709,29600724.69027254
20200710,28615233.490553346
20200711,29829656.31432253
20200712,30295302.151539315
20200713,30414540.159006447
20200714,30022985.620251384
20200715,30713478.92903358
20200716,30074402.205601256
20200717,29039326.485552825
20200718,29324600.072610006
20200719,30995931.251146875
20200720,35343688.5939323
20200721,33035893.808923773
20200722,35037515.8597815
20200723,35619269.02134235
20200724,35528675.82930957
20200725,35710103.76946266
20200726,36851338.25880369
20200727,34125072.63869301
20200728,32854270.59349165
20200729,32372791.974718597
20200730,33346939.008726325
20200731,33809568.93604327
20200801,34183374.42866472
20200802,35227429.086390145
20200803,33195355.370912805
20200804,33533335.778871406
20200805,34342731.21879302
20200806,35145467.96883953
20200807,35031536.02500707
20200808,34217785.60018219
20200809,35008143.7310653
20200810,36057072.91878629
20200811,35462550.56993042
20200812,33266759.717810642
20200813,35001664.66397956
20200814,44670808.72295636
20200815,55858485.16357547
20200816,52427168.35212476
20200817,55186743.36843078
20200818,51947835.362211354
20200819,48879533.200050525
20200820,47458319.66175829
20200821,52269038.34299994
20200822,49297836.86302234
20200823,49677185.51435152
20200824,49489069.03836998
20200825,49663919.93297511
20200826,45386648.61510854
20200827,44271223.575728424
20200828,41259101.89307014
20200829,44922390.95402492
20200830,47007386.779052466
20200831,49439993.719688445
20200901,49364928.864728086
20200902,68180398.32748127
20200903,72251714.98425528
20200904,58574996.10357286
20200905,57004114.06506456
20200906,53746203.01406423
20200907,54562418.00324185
20200908,52550539.0158585
20200909,59453779.70536221
20200910,67606003.60600545
20200911,76500600.37270136
20200912,73092691.25964682
20200913,70242253.75567465
20200914,63889964.55921227
20200915,66293071.8685322
20200916,59702901.63366557
20200917,60119934.501621366
20200918,64093380.67792553
20200919,61147734.486877345
20200920,61927996.23963874
20200921,59666542.71524338
20200922,52997326.83190758
20200923,47709257.421847105
20200924,42580959.37342164
20200925,45565992.99203408
20200926,47830057.43359943
20200927,54699378.87635018
20200928,51342391.58493191
20200929,50834461.366118476
20200930,49049028.80008255
20201001,47703157.688474186
20201002,47265586.37439545
20201003,44163204.46362198
20201004,44501969.03764311
20201005,45119890.17538751
20201006,47516994.33331232
20201007,45816935.79738541
20201008,44682430.46123925
20201009,43755302.50425186
20201010,45452112.274883084
20201011,45176629.274918415
20201012,46329846.91010951
20201013,46659359.49573578
20201014,51431076.95877029
20201015,50424881.22811718
20201016,49072878.90663975
20201017,48339539.90171689
20201018,46596425.168492705
20201019,47340159.88940974
20201020,51038910.65234335
20201021,54503170.44325044
20201022,66919678.009823225
20201023,65852550.55326878
20201024,58885481.58053995
20201025,60777189.29538838
20201026,59688677.53869286
20201027,48127011.825885974
20201028,48680686.99366698
20201029,45192777.40857546
20201030,50340387.079052255
20201031,53571537.26686376
20201101,53836257.33621829
20201102,53645119.68307395
20201103,53617413.25173737
20201104,58434827.12518553
20201105,56948325.9860551
20201106,63016550.78797253
20201107,65273746.81852972
20201108,62514024.78057175
20201109,64253613.842090555
20201110,64265749.8642011
20201111,63499069.36879355
20201112,63986086.965619914
20201113,63427440.70633358
20201114,62871022.76226499
20201115,62555970.61107766
20201116,60966656.1211716
20201117,61005598.240938075
20201118,63863214.50282226
20201119,63028060.25124639
20201120,62992578.3648543
20201121,66127103.59292968
20201122,71095994.28720032
20201123,74349263.39402248
20201124,73278580.45593372
20201125,77293403.01238243
20201126,74593041.34550379
20201127,65229168.17846908
20201128,65329669.74398613
20201129,64099578.31837306
20201130,68204115.37482755
20201201,72804648.72789814
20201202,70801266.66609038
20201203,69998760.77423337
20201204,70985596.30287442
20201205,67500689.26120433
20201206,68545977.16515064
20201207,69158099.38867988
20201208,68734642.82181327
20201209,66119931.373259656
20201210,67880590.05181697
20201211,90779766.72231431
20201212,88259119.67609791
20201213,91851269.22248484
20201214,94972158.47994173
20201215,94768375.06765704
20201216,95426883.14872117
20201217,101563295.4722932
20201218,102645258.6961063
20201219,105047269.03705585
20201220,106379688.57343793
20201221,103892541.7050943
20201222,99572991.82728912
20201223,101773323.92471129
20201224,95365667.04590872
20201225,98961396.98180671
20201226,100085007.27463588
20201227,101957962.91526528
20201228,108151737.70280488
20201229,113884692.2277219
20201230,111807232.47048953
20201231,116800506.14511617
20210101,113806550.39861584
20210102,111135382.72625093
20210103,113833893.33878563
20210104,138024048.8523005
20210105,142443413.06181067
20210106,154059216.34079087
20210107,164369630.47322124
20210108,167052815.08171168
20210109,165197659.41934016
20210110,172836050.9717786
20210111,177180759.1657898
20210112,149888248.10808545
20210113,144375979.2711302
20210114,154563425.2670697
20210115,166386578.16704643
20210116,161250702.41507876
20210117,171676592.31452972
20210118,167433964.50459856
20210119,164199679.22172365
20210120,182514271.3577975
20210121,176320667.54441258
20210122,149584902.54151505
20210123,163238417.0416758
20210124,160087293.56977454
20210125,174439227.20792425
20210126,172522805.78151408
20210127,173148411.8093289
20210128,162855928.45673233
20210129,170608027.30505663
20210130,173873075.92965406
20210131,172451081.36280856
20210201,166664975.05201793
20210202,168265277.82375273
20210203,185015132.33810657
20210204,209686919.75456667
20210205,209945663.14303675
20210206,218006397.61991292
20210207,210711206.8990766
20210208,198061834.12663963
20210209,213406048.43406284
20210210,220308338.79601
20210211,215072283.37826267
20210212,224717682.54740053
20210213,229712696.42170137
20210214,226207826.4496102
20210215,227484761.78746584
20210216,223553014.90666792
20210217,221745707.84368455
20210218,228406086.5679789
20210219,232461127.36488807
20210220,245096943.8613904
20210221,242317192.8040963
20210222,242830819.69616678
20210223,224236648.18605793
20210224,193691553.81061614
20210225,204725073.41331372
20210226,194376248.57620293
20210227,186058044.38403735
20210228,191400553.90144876
20210301,183743786.17340323
20210302,196945180.0076288
20210303,188488549.9476205
20210304,201988989.69136897
20210305,197390631.36064804
20210306,191807115.74634627
20210307,207989008.32199064
20210308,209144424.0959248
20210309,224746432.2309495
20210310,229210195.31288654
20210311,225718990.6699211
20210312,224062573.44878697
20210313,218484201.28780374
20210314,232244875.14346117
20210315,228839400.04893658
20210316,222720116.11549345
20210317,227577433.50375137
20210318,227027937.3467264
20210319,225630202.44228482
20210320,225067596.7477739
20210321,226292579.5130121
20210322,223124399.53767446
20210323,213848659.4910508
20210324,210175602.2607833
20210325,204686315.77084768
20210326,198248635.38376075
20210327,212390908.1409992
20210328,213345850.63891116
20210329,212423197.41807213
20210330,224261540.88524047
20210331,225647730.88985917
20210401,237626049.91840395
20210402,241714577.98809245
20210403,257412259.82662484
20210404,252159546.41656566
20210405,256009842.02616218
20210406,259356663.1181328
20210407,258986206.29684398
20210408,243149200.48489347
20210409,252480738.25207946
20210410,252170280.87387168
20210411,262343504.78254533
20210412,262379118.84732628
20210413,262580311.84430408
20210414,277351608.06500685
20210415,286248915.4036574
20210416,292242754.84075993
20210417,287373553.82421136
20210418,274244166.2009791
20210419,255309269.1982246
20210420,249005460.15721977
20210421,262796946.41097367
20210422,270338408.83433276
20210423,284207446.5077504
20210424,277580000.5569092
20210425,260553217.12938556
20210426,266648080.9848597
20210427,285444825.62803197
20210428,307420233.8344155
20210429,325178977.81361157
20210430,329507078.1296154
20210501,329717023.3309144
20210502,343960344.4957069
20210503,334561177.3650694
20210504,374377643.30957717
20210505,370016348.11556333
20210506,384196873.3464294
20210507,384054048.38386494
20210508,386275497.31944877
20210509,436083046.51068515
20210510,414820744.81785035
20210511,417420426.6643805
20210512,403761568.67532885
20210513,397293330.70585364
20210514,370093171.79152757
20210515,393383717.82896465
20210516,357913615.00837
20210517,342524888.3777008
20210518,323903163.74852407
20210519,351603790.27380395
20210520,261656931.8073406
20210521,282544959.3215191
20210522,245687264.26757765
20210523,233993269.27529088
20210524,207929651.82850662
20210525,270867244.76748836
20210526,289240692.7813932
20210527,298667008.16956383
20210528,292289284.9777612
20210529,258506322.44996497
20210530,244899561.92811632
20210531,255437231.63177338
20210601,277967593.0192605
20210602,274853068.9441366
20210603,281914424.0097982
20210604,293667520.9875187
20210605,278392678.2995452
20210606,274071053.8865886
20210607,282236727.6684391
20210608,271968391.0393114
20210609,263032650.21273285
20210610,274632143.8234354
20210611,265226287.65860134
20210612,252947267.30793616
20210613,257033459.49045092
20210614,266989159.74413836
20210615,274605391.6853435
20210616,276359874.8065549
20210617,258079554.60587555
20210618,259311347.607464
20210619,250027819.46621132
20210620,241617370.98216155
20210621,246095930.03226098
20210622,217190752.25915515
20210623,209673447.5667541
20210624,225903874.24418318
20210625,226169180.95860964
20210626,211162731.46067262
20210627,204583481.24790564
20210628,218930037.25455797
20210629,230665646.16693756
20210630,243939750.20735
20210701,262147771.9514196
20210702,248474910.0804403
20210703,250474758.28862855
20210704,264458402.08511853
20210705,271274436.9624988
20210706,261291274.90532684
20210707,272567847.31924635
20210708,271153500.72456044
20210709,257472867.52135447
20210710,264432806.9093116
20210711,258968401.3025616
20210712,266123098.56347862
20210713,255488835.8968117
20210714,241230556.20606345
20210715,247829024.9287469
20210716,237036802.43314955
20210717,238989048.50596905
20210718,244756374.0002842
20210719,240480524.28709894
20210720,235988854.02217963
20210721,232302630.6515383
20210722,262244819.58103046
20210723,264950001.9361278
20210724,269086014.0447934
20210725,281777782.9600102
20210726,281664791.1024624
20210727,282246147.7235571
20210728,285629988.5862027
20210729,282569252.1480267
20210730,274619254.4603089
20210731,280478973.0299475
20210801,281828823.30222774
20210802,280830394.11257666
20210803,294954826.8454072
20210804,287744681.1345234
20210805,309676093.9808832
20210806,314327619.2063254
20210807,321086542.3265763
20210808,352080142.4384921
20210809,336380786.4547248
20210810,346157780.02480656
20210811,349952294.63355535
20210812,356232962.73654366
20210813,345399166.76886636
20210814,340624238.94821346
20210815,340024711.7741882
20210816,340388262.4478632
20210817,336004299.76160675
20210818,319803048.3322503
20210819,322457290.51371896
20210820,323607657.67203104
20210821,351906186.00577974
20210822,349064085.99032986
20210823,354273296.7060637
20210824,383096746.9340912
20210825,424107859.8595298
20210826,511162544.7704541
20210827,470198093.08973885
20210828,445154875.5553926
20210829,437593022.12044674
20210830,443453238.03332675
20210831,462528306.1857319
20210901,432367230.19491756
20210902,446684001.95950395
20210903,466509428.46438307
20210904,468885859.9460085
20210905,456595086.9670955
20210906,463764731.3610264
20210907,470283769.262431
20210908,398604039.7578171
20210909,404768976.5640445
20210910,443984011.6833494
20210911,414257358.4828277
20210912,425977812.84786886
20210913,429890462.0644904
20210914,413398348.0724836
20210915,431905959.3059121
20210916,443510182.21580887
20210917,432712669.0615687
20210918,418261400.0607536
20210919,418155969.43101805
20210920,401508305.2545644
20210921,365458833.4968534
20210922,351638076.97067845
20210923,387426095.0899862
20210924,405299958.18639845
20210925,375068636.5032026
20210926,370338640.8650159
20210927,378288345.2946818
20210928,367416050.16885597
20210929,352732460.11877614
20210930,357341322.28366405
20211001,376281704.461571
20211002,402584512.4691869
20211003,411669613.70060205
20211004,421459188.1267605
20211005,416878873.3543671
20211006,435793781.70330507
20211007,447145935.7833123
20211008,448226806.71561295
20211009,451682296.68226737
20211010,458403922.4259575
20211011,447756777.0929133
20211012,456134852.77636206
20211013,458330415.7598432
20211014,465987443.603787
20211015,490128316.96671206
20211016,500653843.6119414
20211017,495114479.78260213
20211018,506435185.5581368
20211019,494336428.6333743
20211020,508015788.2381664
20211021,549667517.0576582
20211022,555795376.4434427
20211023,539101619.508283
20211024,557518750.673009
20211025,569828292.8263663
20211026,598740950.5090497
20211027,621619753.7096491
20211028,596907344.470465
20211029,630137069.390456
20211030,695064801.305931
20211031,677373177.5730625
20211101,676224818.465785
20211102,695208333.5720574
20211103,723489091.4023477
20211104,737779051.1073346
20211105,729109103.4117672
20211106,738082416.4022014
20211107,739408404.4814626
20211108,813520867.8294071
20211109,882457961.6353159
20211110,771670913.4011139
20211111,718233004.9770039
20211112,725544045.3932078
20211113,713157958.5482169
20211114,704745368.9905088
20211115,695823981.6731534
20211116,687073029.7330129
20211117,620287799.4241114
20211118,618209791.7524858
20211119,572910129.8512895
20211120,620816708.0092106
20211121,627927336.5942289
20211122,619284379.6139736
20211123,598736205.9674647
20211124,641349540.7815084
20211125,615000746.5129077
20211126,663743476.1047502
20211127,599792185.9034121
20211128,597862322.7026012
20211129,615456650.146437
20211130,636489923.3567445
20211201,711512908.125554
20211202,668958137.2233272
20211203,698829143.1986841
20211204,642584351.8958538
20211205,617678491.4720213
20211206,635907191.5492741
20211207,648980936.6128075
20211208,646686180.3147267
20211209,667292274.4689262
20211210,684435271.2965747
20211211,632475296.0974926
20211212,815824876.1101445
20211213,795140247.3239832
20211214,654357508.9260297
20211215,745849750.3922088
20211216,851261229.7735498
20211217,841617707.941905
20211218,830301574.058183
20211219,843563725.6482614
20211220,839159169.6352473
20211221,861034599.3131713
20211222,852903264.2545979
20211223,836082599.7317846
20211224,844827619.7612891
20211225,836042162.2050997
20211226,852571333.5506904
20211227,886650384.371324
20211228,861488493.8671983
20211229,798318572.1018211
20211230,901267680.8608295
20211231,1042080883.9190559
20220101,995703339.9909633
20220102,991631875.7151568
20220103,967344198.6440461
20220104,943947003.1970062
20220105,989611136.9610817
20220106,908849988.1447917
20220107,896778658.3321471
20220108,835844011.7494687
20220109,868284811.1718305
20220110,884256186.9543724
20220111,751319887.0507735
20220112,751186559.4791296
20220113,761892884.7681769
20220114,751887876.2329144
20220115,742944866.3094089
20220116,744903582.7436808
20220117,730436319.7552361
20220118,679068081.9437478
20220119,632273789.124178
20220120,614825956.9976721
20220121,629179671.2966107
20220122,524873030.8267854
20220123,450193429.19301075
20220124,505472571.3525038
20220125,494604421.987396
20220126,495336287.7141712
20220127,506392234.7454769
20220128,482375055.39981925
20220129,503295793.129541
20220130,519000369.9579292
20220131,518285734.88771147
20220201,529927432.71514565
20220202,551426545.393109
20220203,534012292.38218576
20220204,530959444.3233
20220205,598782724.5381556
20220206,609382169.1120908
20220207,614968125.5501375
20220208,634286765.6793131
20220209,634474365.7629356
20220210,667456365.015149
20220211,650004538.2643577
20220212,626186471.1362189
20220213,618872205.5175711
20220214,633328610.4726768
20220215,655063963.6783185
20220216,722603690.9870659
20220217,708727971.3273205
20220218,681778002.8940872
20220219,642299274.6362265
20220220,634981295.1749407
20220221,604792428.5186095
20220222,597365857.8493828
20220223,602557365.4363537
20220224,597442200.1178162
20220225,595370669.8675692
20220226,634482190.9830269
20220227,635403353.3335984
20220228,598844583.0758219
20220301,650690189.44908
20220302,662870342.5356526
20220303,661512326.9549118
20220304,629713856.8725547
20220305,579911414.2298535
20220306,584755713.8748685
20220307,569925151.5062511
20220308,545425342.7137079
20220309,558614705.5132226
20220310,585363717.4448049
20220311,559626555.3922426
20220312,549180187.1343815
20220313,548618950.0037924
20220314,535187708.7031369
20220315,550415565.374347
20220316,536243462.16972876
20220317,562952415.5087833
20220318,569588872.6346068
20220319,598793125.7856681
20220320,600646610.9918052
20220321,581483171.9582616
20220322,592244072.5646358
20220323,611709272.7129728
20220324,609242779.9576625
20220325,630372360.1060753
20220326,630420921.2424555
20220327,633567023.9818554
20220328,752184886.1919825
20220329,852091249.4354886
20220330,889182902.2649273
20220331,869221723.3279495
20220401,787707837.526234
20220402,811816073.2713875
20220403,791896115.68992
20220404,808914361.1920115
20220405,795900172.4353459
20220406,785837286.4055271
20220407,729269631.2686385
20220408,733463963.582513
20220409,731206307.9222785
20220410,739077414.880518
20220411,740718025.2379208
20220412,626116291.1242785
20220413,646385632.9437295
20220414,665487175.275412
20220415,642025448.0115236
20220416,650211210.1258806
20220417,649251646.246568
20220418,646817473.9433297
20220419,657840386.3848803
20220420,662861444.5547663
20220421,651083977.1267762
20220422,634245181.1775607
20220423,626737581.0309592
20220424,620343167.3621721
20220425,616095148.7655607
20220426,628765492.9737296
20220427,608950399.1726754
20220428,616290549.7454718
20220429,638097095.8716846
20220430,610563474.5667127
20220501,596953638.815882
20220502,607596228.0168672
20220503,612956150.5282046
20220504,590198402.2818623
20220505,618168438.1248713
20220506,582165226.9337113
20220507,571993711.0953989
20220508,561269458.9556451
20220509,534774701.660165
20220509,492451929.93901944