20140411,61334.0
20140412,73164.0
20140413,61705.0
20140414,61634.0
20140415,59341.0
20140416,62493.0
20140417,52798.0
20140418,59801.0
20140419,54590.0
20140420,58448.0
20140421,58163.0
20140422,56203.0
20140423,51510.0
20140424,47355.0
20140425,42539.0
20140426,58863.0
20140427,54245.0
20140428,53698.0
20140429,54612.0
20140430,115937.0
20140501,129938.0
20140502,108725.0
20140503,122591.0
20140504,108942.0
20140505,88937.0
20140506,89078.0
20140507,82817.0
20140508,90638.0
20140509,75965.0
20140510,81720.0
20140511,73325.0
20140512,75328.0
20140513,78581.0
20140514,80549.0
20140515,75709.0
20140516,69618.0
20140517,74472.0
20140518,75820.0
20140519,73251.0
20140520,69857.0
20140521,77934.0
20140522,69380.0
20140523,73039.0
20140524,75513.0
20140525,75970.0
20140526,75847.0
20140527,71739.0
20140528,76525.0
20140529,95741.0
20140530,170225.0
20140531,152830.0
20140601,132454.0
20140602,163810.0
20140603,145621.0
20140604,142950.0
20140605,145154.0
20140606,134762.0
20140607,127094.0
20140608,113857.0
20140609,105085.1958727725
20140610,94532.1785519996
20140611,94180.66818326867
20140612,86942.26893681876
20140613,90029.295085656
20140614,100053.2686324122
20140615,93224.568561768
20140616,93754.6548980672
20140617,84672.36410313543
20140618,87009.00940609221
20140619,88726.47437263404
20140620,88385.34255945911
20140621,88742.63422531214
20140622,84841.72589584862
20140623,70752.30594068783
20140624,68717.22602001371
20140625,58663.31752512888
20140626,59082.225218123385
20140627,81120.09751253878
20140628,74324.19782546548
20140629,75838.19461292832
20140630,71012.71903833051
20140701,65428.21198071125
20140702,65501.65745919903
20140703,74940.49317807196
20140704,74086.32129491774
20140705,62605.77723440989
20140706,64476.657714473135
20140707,56383.67123959558
20140708,54601.954936500144
20140709,60116.54700277997
20140710,55599.09303635227
20140711,47313.09565411631
20140712,41015.29132070952
20140713,34322.66299158225
20140714,25784.275340144104
20140715,30903.128074756027
20140716,28922.1093240468
20140717,36342.57362996378
20140718,37086.71147558961
20140719,46538.90584753803
20140720,32288.450334180692
20140721,33033.90033178405
20140722,38569.84652098138
20140723,28953.15473651426
20140724,35670.24110011678
20140725,37528.359591131426
20140726,37250.01209575014
20140727,29961.948360575643
20140728,29379.600436798624
20140729,31797.72747214731
20140730,36029.68723847723
20140731,31222.924894361477
20140801,28360.169116774247
20140802,37635.80611940384
20140803,32470.38777632039
20140804,43884.67812528376
20140805,36985.33865974321
20140806,36007.237511853724
20140807,36889.828146136286
20140808,32860.582374954836
20140809,32823.8940823544
20140810,35375.64072252872
20140811,34499.17496252971
20140812,40767.81659944372
20140813,34103.00823127715
20140814,34958.5512838451
20140815,31834.830715816384
20140816,32565.624183718275
20140817,32125.021749315427
20140818,27973.834011507923
20140819,25614.90827979334
20140820,31671.946026817233
20140821,38777.851733869655
20140822,29671.42124279186
20140823,28855.143139501593
20140824,43401.658042258394
20140825,38078.98827312752
20140826,29991.30185753259
20140827,28765.3977168783
20140828,29263.58704463547
20140829,28856.869473169612
20140830,28167.049761696937
20140831,25477.286019788527
20140901,26671.0422301632
20140902,26534.98474097953
20140903,24709.857146041493
20140904,25733.504455612878
20140905,24564.370051082187
20140906,31770.186549390743
20140907,34022.087879462546
20140908,37181.56750100959
20140909,39939.41341139437
20140910,47166.831746312164
20140911,58206.680889777046
20140912,53755.556983804614
20140913,56574.245404944
20140914,96889.62688509193
20140915,73188.93852552923
20140916,61955.623259630695
20140917,59782.20868437373
20140918,64274.318270886695
20140919,61238.001512509705
20140920,64737.40609563381
20140921,63365.4766092102
20140922,70435.97354555706
20140923,69826.65286582221
20140924,62470.623956837946
20140925,45431.56269317382
20140926,48963.620179323494
20140927,45357.68524062737
20140928,44432.82239937601
20140929,46840.22684097192
20140930,47792.31323847637
20141001,39812.40333545231
20141002,39254.585116436174
20141003,16781.582527706334
20141004,8096.892881291211
20141005,42218.65278631582
20141006,47466.51550603837
20141007,49468.30110959697
20141008,51008.42816010613
20141009,54395.44607810171
20141010,53965.58509488825
20141011,55781.25159828
20141012,40047.740207652976
20141013,61086.32580971911
20141014,41279.41850051215
20141015,40539.11574072964
20141016,34313.29715823285
20141017,32198.17783645452
20141018,32359.33274569917
20141019,39188.23829695645
20141020,30333.53442800088
20141021,30418.24454245245
20141022,32729.40075190748
20141023,31346.212863472
20141024,30808.64056706146
20141025,30133.999488582176
20141026,29595.994450364084
20141027,29633.903464740302
20141028,28490.029945203056
20141029,28709.484943520678
20141030,30607.675403551806
20141031,29121.410390013003
20141101,36886.20550035372
20141102,27991.724326038
20141103,25981.761035726526
20141104,24256.5911254357
20141105,27798.964151598757
20141106,18645.55981044607
20141107,27639.96692469151
20141108,27855.630814594584
20141109,26380.1312131472
20141110,27249.16719582853
20141111,28396.29724189889
20141112,28743.447829845023
20141113,32708.868594828928
20141114,31246.7442458925
20141115,29846.23388274945
20141116,26727.948515121843
20141117,20772.451427063726
20141118,23767.518547419233
20141119,26541.00221548861
20141120,23460.330814277244
20141121,19261.827866067688
20141122,18831.466497168276
20141123,20736.815085011087
20141124,11822.833824468513
20141125,6808.925495379679
20141126,10037.568416403408
20141127,9744.999234676698
20141128,4088.7911353515133
20141129,11970.877485214509
20141130,11526.694448704538
20141201,11698.084440915787
20141202,10358.349012457576
20141203,11078.700981561053
20141204,11400.1220697714
20141205,11235.899353282028
20141206,10169.96035691704
20141207,8851.241091954089
20141208,9384.933293039758
20141209,8651.280576456145
20141210,11122.3497989773
20141211,9652.90294995358
20141212,10913.178232257162
20141213,10783.557284603796
20141214,11715.917654328117
20141215,12520.804932196135
20141216,12885.474869450529
20141217,50464.0419976473
20141218,21198.926750602237
20141219,17143.72484847362
20141220,39160.05578695337
20141221,18821.402905921983
20141222,12802.927689113376
20141223,18355.06788050857
20141224,14058.606880081732
20141225,10378.806460073132
20141226,12709.901423310375
20141227,16106.948703193728
20141228,12951.09278845325
20141229,12141.67628399928
20141230,18231.17811409659
20141231,12717.303781759078
20150101,12900.024385904382
20150102,12746.943800321758
20150103,13591.94808091002
20150104,20160.469218754988
20150105,10442.673907977274
20150106,10674.170797525674
20150107,11052.638982210665
20150108,10652.382712537832
20150109,7346.109992571246
20150110,8177.502220537061
20150111,7235.414253752137
20150112,7298.25478720848
20150113,6017.24175849188
20150114,4679.1758263102
20150115,5725.9278913824
20150116,5599.679237702109
20150117,4778.550684587475
20150118,8398.895463738669
20150119,10171.190453086596
20150120,10329.200168749578
20150121,14175.414966683771
20150122,11142.996773501824
20150123,11697.98677943592
20150124,13415.723671212967
20150125,13732.72139007296
20150126,14603.189920142524
20150127,12633.625198773656
20150129,10068.82849567161
20150130,9267.375426158862
20150131,8844.67209155344
20150201,10398.336730187673
20150202,12926.280629579293
20150203,10289.626867318015
20150204,20248.557424430164
20150205,10373.493288130014
20150206,11247.890452550504
20150207,18489.2097296772
20150208,12382.995864558541
20150209,12233.80765142989
20150210,15791.35834016949
20150211,19066.30687580879
20150212,21778.231170980926
20150213,31127.135054599028
20150214,23042.853965840663
20150215,24427.298737383906
20150216,34511.48379395978
20150217,27398.961745079137
20150218,34620.67591922931
20150219,32820.90694936796
20150220,26425.996311335726
20150221,26340.43785974016
20150222,32595.53857449942
20150223,28765.07143077488
20150224,18658.50596175889
20150225,21708.6891172965
20150226,28678.84177329029
20150227,30705.03738171245
20150228,21111.778482087855
20150301,21176.9629092963
20150302,22343.89536625577
20150303,23080.634264813183
20150304,25804.37373639041
20150305,23082.19844699382
20150306,23186.603752283663
20150307,25876.9700833793
20150308,25375.89810964188
20150309,27563.365982503423
20150310,24597.29393504007
20150311,24914.4553348007
20150312,24597.1285607967
20150313,30384.899715244726
20150314,23577.1185690516
20150315,26931.39945322515
20150316,26426.392815855983
20150317,23211.363103349693
20150318,24019.687001560655
20150319,24006.685275736516
20150320,26145.123417825474
20150321,21508.870195357824
20150322,37512.191096859
20150323,29078.2321856988
20150324,23234.935580171576
20150325,22796.4806091099
20150326,25704.127009673273
20150327,23174.473836061185
20150328,27457.613577129247
20150329,20104.67482820017
20150330,18828.006724065457
20150331,18441.47989137474
20150401,20272.22351012934
20150402,16618.86226850616
20150403,21423.45684228975
20150404,16697.16464300469
20150405,19028.4206716305
20150406,17425.786252360926
20150407,16135.63346158686
20150408,17230.16395377625
20150409,21280.33672738204
20150410,14568.43165969686
20150411,18560.288303309237
20150412,18504.438696445868
20150413,17095.3900103142
20150414,14551.67997675066
20150415,14892.709014878887
20150416,15489.5296188588
20150417,15494.39869393962
20150418,15411.771871921716
20150419,15524.924381234185
20150420,27856.21766208094
20150421,21967.388508896325
20150422,17778.32605010224
20150423,17490.95599879702
20150424,16923.905949247935
20150425,16305.29302553872
20150426,15649.83891484965
20150427,16247.165467104
20150428,16045.354285939875
20150429,14790.98177218998
20150430,15466.10957229312
20150501,16039.698667339348
20150502,18490.36652161504
20150503,15040.8037884434
20150504,14989.56119566818
20150505,14808.97794146155
20150506,14421.01034232672
20150507,14862.133551342
20150508,15706.57851964116
20150509,15156.25124928156
20150510,15032.17475760528
20150511,15176.23727193816
20150512,15017.646370951476
20150513,14642.104013719812
20150514,14853.2857359744
20150515,14871.28256893488
20150516,16288.508691891877
20150517,17373.279492989386
20150518,14587.95795073452
20150519,17068.612928705785
20150520,13484.98791790848
20150521,13832.66171038374
20150522,22827.86424052728
20150523,19223.4106238146
20150524,19269.786796300068
20150525,27572.64630516696
20150526,28545.618770464687
20150527,29889.214458145965
20150528,26652.80792275218
20150529,33577.260590607555
20150530,33615.538997509
20150531,34407.0207202683
20150601,34087.51037924649
20150602,32410.693217236752
20150603,30555.314082289846
20150604,30378.02577370326
20150605,26048.56714904222
20150606,35075.86999068051
20150607,37007.443240386005
20150608,34947.76447547357
20150609,33088.535578872
20150610,33012.9668845935
20150611,31291.087506436117
20150612,30971.75715469394
20150613,34206.684404834836
20150614,27756.937058960862
20150615,28586.977772850194
20150616,38274.88887714721
20150617,37850.09334487272
20150618,33681.3908704524
20150619,40355.03761846243
20150620,37511.00874250677
20150621,62338.62941383528
20150622,50272.8979709635
20150623,46759.14583895874
20150624,41386.916392597785
20150625,45683.6314463064
20150626,42315.6458543346
20150627,43168.6456141136
20150628,43370.0589566358
20150629,50746.42679372624
20150630,49963.80712405352
20150701,41116.611052764936
20150702,41562.29923595764
20150703,40771.21679484644
20150704,41473.558294090646
20150705,41223.69141277086
20150706,45628.9319867748
20150707,41905.9374500646
20150708,42485.679419783526
20150709,41167.43871462112
20150710,40156.70535698307
20150711,33300.1907067375
20150712,35376.8210621865
20150713,33509.938726879285
20150714,33051.096492092685
20150715,33059.35854308525
20150716,32254.96160702982
20150717,32627.0080499392
20150718,36837.45531610085
20150719,31811.62318855245
20150720,35780.614678876766
20150721,36783.17008693774
20150722,39883.38459867535
20150723,32694.06434215911
20150724,56755.39374566862
20150725,47947.030768442244
20150726,55154.21402037951
20150727,51731.781574827924
20150728,45759.15102825007
20150729,39820.91099122299
20150730,40938.83605136746
20150731,39154.44997754814
20150801,44349.78410376547
20150802,44511.777715630575
20150803,39066.07060336085
20150804,41736.7650858995
20150805,41317.091070758
20150806,42618.767654788164
20150807,45938.27907512321
20150808,55976.97425937708
20150809,48683.4749827717
20150810,42511.01456748674
20150811,40190.93245531426
20150812,39566.788517139
20150813,35708.051183515934
20150814,35916.96670408784
20150815,34331.19646302321
20150816,34033.731708689855
20150817,35011.19119227048
20150818,31927.69862592992
20150819,30795.09300732684
20150820,33657.089937642246
20150821,33475.04664232529
20150822,33027.02154066269
20150823,41662.237491516855
20150824,38533.96740657835
20150825,40472.57770894893
20150826,34516.50739909835
20150827,38149.65671586739
20150828,42677.81595757111
20150829,42103.64244505305
20150830,39059.4108393216
20150831,42427.45298187794
20150901,39199.91653952962
20150902,34840.81609233203
20150903,36828.39106698624
20150904,37818.18986568491
20150905,41959.1629551705
20150906,46603.546394133075
20150907,38283.25178945853
20150908,43575.315962178
20150909,39035.9109169975
20150910,39184.64050061138
20150911,40400.28207410827
20150912,41660.484383992516
20150913,42681.84491372144
20150914,38926.4671472759
20150915,38064.021792147425
20150916,39475.459768536486
20150917,38835.74456044308
20150918,38365.4094418584
20150919,36953.205635293234
20150920,37004.76701304004
20150921,49494.14714346032
20150922,82615.041354519
20150923,75751.361822774
20150924,73186.95166271811
20150925,71989.2361704068
20150926,101269.73954366424
20150927,104620.55885959408
20150928,95485.5359976917
20150929,79032.83143480848
20150930,61655.37363870728
20151001,62115.62449229886
20151002,79543.93118999236
20151003,89046.80704087256
20151004,78626.18700530194
20151005,79488.0622307046
20151006,73531.6039267392
20151007,71555.6084494607
20151008,72629.94100034209
20151009,71256.88375356793
20151010,53773.31149155165
20151011,44272.218135454845
20151012,53383.428700878365
20151013,90112.9961327862
20151014,87307.02464214523
20151015,76792.968472537
20151016,71237.7922295115
20151017,80282.0902141141
20151018,70450.9805544237
20151019,81851.83011740007
20151020,84569.28055056029
20151021,83900.72745094611
20151022,67465.21754792448
20151023,68929.69594385347
20151024,77350.52265957493
20151025,70800.29872661307
20151026,70320.55871056225
20151027,72630.188648127
20151028,83467.840636697
20151029,71486.94700901415
20151030,74217.10058353953
20151031,71157.08627756013
20151101,58118.79422315094
20151102,65083.73963013788
20151103,88649.17238218346
20151104,75072.2443800562
20151105,90535.25235955585
20151106,73784.34318166756
20151107,72627.0939008802
20151108,76949.46707867298
20151109,77709.41958136896
20151110,68383.50976029767
20151111,58968.340843613085
20151112,65148.1129180323
20151113,66285.58609986516
20151114,63940.08325825396
20151115,61638.1418075544
20151116,63941.34278073564
20151117,66324.19704676676
20151118,66409.1837601465
20151119,64471.331983968
20151120,62100.55897617735
20151121,62444.69138952765
20151122,61531.1857666896
20151123,61047.5453473119
20151124,59939.16408700341
20151125,60288.95864504022
20151126,64377.3158395436
20151127,61387.3128614732
20151128,58532.322864314
20151129,55838.440771002235
20151130,53405.09357952615
20151201,52438.51863519599
20151202,54198.61223777
20151203,48574.519343262
20151204,49053.55949055939
20151205,50208.0325899705
20151206,48724.80838439202
20151207,48780.5586234954
20151208,54886.303250960285
20151209,51655.48393310928
20151210,51867.8871123777
20151211,56300.751920154
20151212,62400.4072374501
20151213,64422.0140880642
20151214,58743.66373336368
20151215,61353.671769836095
20151216,59906.8324047941
20151217,60261.1873269646
20151218,61246.93505840279
20151219,60462.52961798275
20151220,57739.66305692247
20151221,57051.84388268064
20151222,56325.51313609289
20151223,58279.9703156361
20151224,60725.9608590264
20151225,58330.098320981764
20151226,54680.637911775724
20151227,57418.502887514995
20151228,57515.884415246874
20151229,59096.29957447716
20151230,53384.369658499876
20151231,54736.636563468
20160101,55704.65814365087
20160102,68829.43096452123
20160103,65008.6226126582
20160104,56436.16497337654
20160105,65865.78494224105
20160106,52984.02628635237
20160107,53812.16703268054
20160108,54478.43486107021
20160109,49894.43390412659
20160110,56648.6220531453
20160111,57084.89723295986
20160112,57325.04014202368
20160113,56115.85163184
20160114,53367.17618044017
20160115,71976.56259588528
20160116,64775.97692856576
20160117,62883.79480845248
20160118,71539.767933744
20160119,75820.69284090665
20160120,85367.02553904
20160121,95269.73250216564
20160122,62891.9984036259
20160123,64969.56405665964
20160124,66132.88321566605
20160125,114545.88343479804
20160126,94766.69787304795
20160127,87429.16810884896
20160128,86651.09074869512
20160129,89126.54250157527
20160130,79099.73865695934
20160131,70485.94310594817
20160201,73515.07412478843
20160202,86211.60006890417
20160203,76106.42754160287
20160204,74649.87301839229
20160205,75463.01460828903
20160206,70623.73176655114
20160207,72531.92813223338
20160208,76281.61442027811
20160209,74699.83918296323
20160210,75834.95090504858
20160211,79107.0686020505
20160212,81552.4611542784
20160213,80658.22303573994
20160214,87801.82216270664
20160215,84038.28864918402
20160216,87141.11117467892
20160217,116279.59889307286
20160218,99201.06616042591
20160219,119295.48942093989
20160220,164664.48829848305
20160221,143624.99004225124
20160222,127290.23908647483
20160223,109440.4209524813
20160224,114787.2860891631
20160225,99728.75846150753
20160226,102871.30706791668
20160227,98091.79406915823
20160228,98194.14031346164
20160229,98950.38640623038
20160301,96108.6242157483
20160302,99637.62008878964
20160303,98222.36014586405
20160304,95751.08340465745
20160305,72354.6853863123
20160306,81177.5429653504
20160307,76557.55436680952
20160308,79964.88246481029
20160309,80359.29275708376
20160310,94590.23692960154
20160311,105200.908164488
20160312,114645.65801348179
20160313,115270.31787978663
20160314,103873.44038970242
20160315,105283.27058471183
20160316,97293.37911076477
20160317,88123.62883517031
20160318,91117.18477841209
20160319,104818.53238418832
20160320,99871.05984399705
20160321,105449.13516461496
20160322,258204.17147425437
20160323,182434.98597892612
20160324,155351.8164216048
20160325,180731.39479167963
20160326,153784.60296892008
20160327,157993.68235936595
20160328,167466.90383609888
20160329,151896.0147156691
20160330,149919.64752650433
20160331,157448.6991590584
20160401,155211.87180600598
20160402,162746.45047770676
20160403,177349.52584050907
20160404,173485.3931647002
20160405,163447.4519004059
20160406,162529.4374223725
20160407,159984.58424323928
20160408,160617.0585644441
20160409,159975.71797383507
20160410,156165.74131011707
20160411,156146.38780397395
20160412,150976.12492151398
20160413,150250.788549417
20160414,149490.93904101368
20160415,142747.91717444904
20160416,157135.9115607108
20160417,150258.61005070683
20160418,137525.57309415462
20160419,143626.12714858487
20160420,146836.21791372
20160421,102268.09407356971
20160422,140671.0952956302
20160423,142690.59560642345
20160424,140466.3433657798
20160425,142772.52260397386
20160426,125369.78446930756
20160427,110583.46584764168
20160428,121815.12582864109
20160429,130907.90439604151
20160430,130591.769283064
20160501,129431.53492475915
20160502,120821.41871803094
20160503,122360.25711068095
20160504,114464.06239449662
20160505,107147.68717455879
20160506,119481.36812029654
20160507,108824.47475928099
20160508,106308.06411512203
20160509,102906.68874536034
20160510,100205.31025894494
20160511,174413.1359243605
20160512,139498.38597075187
20160513,122167.3911554517
20160514,105581.77769327463
20160515,103796.55746939899
20160516,110190.08227521833
20160517,159786.8833580335
20160518,117497.4631070999
20160519,108034.68114513566
20160520,116304.30090553404
20160521,108464.17630943861
20160522,106652.10208281688
20160523,108194.92777056375
20160524,108847.48141667651
20160525,99382.76008620206
20160526,87176.16648927568
20160527,86123.28503509916
20160528,91911.49988674509
20160529,83975.52411401832
20160530,88560.16167269967
20160531,100842.83445392836
20160601,98285.35278310953
20160602,94917.74176268159
20160603,108894.55701691225
20160604,102029.56153158082
20160605,100325.14725689775
20160606,97998.85976397627
20160607,95337.680207208
20160608,93895.8523203284
20160609,86273.0476823736
20160610,88922.71537491506
20160611,86058.758871711
20160612,96893.74293826857
20160613,94797.51787227226
20160614,99312.44710479496
20160615,97673.0343704698
20160616,101809.94481900406
20160617,96454.86491255458
20160618,111884.02336695157
20160619,121990.28960529054
20160620,136240.81601923003
20160621,119756.96252451281
20160622,91060.87055889632
20160623,102062.88893424107
20160624,130125.15128850241
20160625,113087.99103165486
20160626,128580.17940392536
20160627,139279.1244350334
20160628,144849.45961309504
20160629,155828.96344912163
20160630,164216.18124366636
20160701,130385.02150581243
20160702,146878.58455990546
20160703,162217.89492046312
20160704,169286.5842550014
20160705,184465.75657262618
20160706,160406.17404376212
20160707,158599.3284697092
20160708,162542.66948858264
20160709,178063.50236220658
20160710,186201.43822330187
20160711,165786.93370552754
20160712,181509.93342481923
20160713,178154.99795004269
20160714,177897.80635992668
20160715,179581.95156636622
20160716,237747.5563226681
20160717,241864.50729710647
20160718,219159.96480952122
20160719,227304.27152014978
20160720,227326.54225250054
20160721,240322.6266195608
20160722,221372.7281999027
20160723,222888.6887327982
20160724,220920.7211248638
20160725,218625.47794303345
20160726,199782.37064198387
20160727,210049.32206438066
20160728,194986.40959827905
20160729,190737.88605518034
20160730,193510.21211463778
20160731,209100.4405479034
20160801,202364.91030076967
20160802,168168.12663152764
20160803,182086.39039713098
20160804,175756.60817348023
20160805,175103.4699579796
20160806,170772.61397513511
20160807,178685.04797401142
20160808,171411.83014909155
20160809,166085.68625826025
20160810,166759.33746135863
20160811,167563.36876270472
20160812,167285.46872520758
20160813,193768.71619716327
20160814,190188.11012892242
20160815,199726.6950770569
20160816,210611.52965941333
20160817,211716.06357068947
20160818,206950.85941359072
20160819,211221.73097241053
20160820,217749.42025188697
20160821,199601.77348901797
20160822,202306.6937146519
20160823,135268.87271589067
20160824,110756.70214301223
20160825,107587.91486642497
20160826,107603.14222620348
20160827,109938.82848007105
20160828,98867.63809027454
20160829,101426.32776488154
20160830,102852.17556850926
20160831,120068.76795231823
20160901,115827.08920493118
20160902,142223.7341061227
20160903,104336.4590948072
20160904,110492.87701490546
20160905,117188.56530346746
20160906,109246.8521489851
20160907,95927.99876640001
20160908,81811.23968653283
20160909,95123.30079991063
20160910,79496.91519086697
20160911,94981.93026179045
20160912,106914.16997680925
20160913,103916.43320366293
20160914,97501.52151956104
20160915,96668.83303109529
20160916,97235.72699649715
20160917,96269.64052118626
20160918,100010.29252820757
20160919,95236.567187058
20160920,99083.92261049997
20160921,102596.39209881595
20160922,95088.13447278307
20160923,88358.68512330747
20160924,91814.06416814774
20160925,91530.4114788385
20160926,78338.63108196655
20160927,77319.1555861179
20160928,63454.43402687761
20160929,110572.454715065
20160930,82645.3605047148
20161001,87058.42261584019
20161002,79768.09308924718
20161003,87190.34629614638
20161004,82437.17175014198
20161005,79975.79006600262
20161006,75508.71979099681
20161007,74959.88935218309
20161008,85093.12182369102
20161009,94092.06586896043
20161010,91644.58966832503
20161011,98536.36789118998
20161012,91114.0737509753
20161013,89740.23041684958
20161014,89004.6112857228
20161015,93057.11312402682
20161016,93087.89243892934
20161017,90622.32827420249
20161018,88268.44752401019
20161019,81129.60011055938
20161020,100106.38487510638
20161021,99071.84420630593
20161022,91919.72931536437
20161023,86049.9098720458
20161024,94034.42792612677
20161025,137418.9550973006
20161026,155061.57777708778
20161027,149320.04387285537
20161028,150249.68399985612
20161029,110822.41693312625
20161030,139608.98050477114
20161031,137594.9991960729
20161101,159944.09581841898
20161102,154306.7659711469
20161103,132051.70655836936
20161104,134239.72706382538
20161105,130463.36053899527
20161106,127305.95726302755
20161107,125318.9834725455
20161108,123045.5780267472
20161109,120924.1398836205
20161110,123829.6871764593
20161111,121446.31804998165
20161112,116671.03837643517
20161113,116455.21690932411
20161114,113754.56243662
20161115,109682.19425645351
20161116,114127.05630272732
20161117,121551.823335
20161118,114830.23910318683
20161119,108727.56541088197
20161120,107949.75348348788
20161121,105775.76923801578
20161122,100067.13639713473
20161123,106478.50422790005
20161124,102946.96198969624
20161125,103166.47984033484
20161126,99036.0190382208
20161127,96459.19151285333
20161128,96050.43690379066
20161129,90751.0812635672
20161130,88644.95588649725
20161201,99873.97528180321
20161202,90078.11135468779
20161203,90866.05238091672
20161204,79932.25587720562
20161205,76980.512294976
20161206,72642.77304801524
20161207,71639.9546432587
20161208,72097.104395109
20161209,74251.72520676687
20161210,75601.36246675493
20161211,75641.86730084565
20161212,77172.20031729373
20161213,74075.54516354161
20161214,71813.55965175558
20161215,72355.34276970728
20161216,71822.44425197889
20161217,97571.2038971871
20161218,84492.78750642254
20161219,84162.12775819865
20161220,82552.04735606993
20161221,95188.20129052269
20161222,82478.27730052208
20161223,94709.96773282698
20161224,103315.81256434938
20161225,103046.61900961578
20161226,95644.83977071905
20161227,86774.64347818035
20161228,86742.04594823079
20161229,83698.04402871054
20161230,80869.895029889
20161231,81355.75764524845
20170101,83356.337100897
20170102,89864.74665285878
20170103,89945.0583333494
20170104,90739.3210973865
20170105,75560.38493829599
20170106,71757.7458533364
20170107,73447.49354110376
20170108,72304.01280509397
20170109,74214.28690351201
20170110,71542.61481763687
20170111,59349.75103322895
20170112,59443.392726180406
20170113,65696.23554995088
20170114,67346.297295263
20170115,111365.45395465198
20170116,103444.7642817596
20170117,115335.8125227888
20170118,127756.96420406702
20170119,134707.56532589838
20170120,133318.6711113087
20170121,154065.3100016562
20170122,150271.548609601
20170123,142981.80166093004
20170124,124298.86595934286
20170125,125392.20505368582
20170126,249045.30699994072
20170127,212612.67970133098
20170128,228404.0093623097
20170129,194675.95646484802
20170130,247042.849901828
20170131,287472.18093029835
20170201,254194.9504906216
20170202,242292.64452847905
20170203,233967.21911103462
20170204,521862.5135129277
20170205,400376.83259960916
20170206,361075.6667872017
20170207,372032.65485049493
20170208,415649.92608575476
20170209,395222.23519757047
20170210,397483.38497218274
20170211,420587.0716855822
20170212,368944.68223581836
20170213,323504.07462735043
20170214,324755.8063812161
20170215,318334.24809224886
20170216,324518.8203803488
20170217,318703.418364595
20170218,319326.2074480967
20170219,307985.6263821265
20170220,325734.8692944047
20170221,299750.2739818467
20170222,278934.40420704905
20170223,291665.79002121254
20170224,307598.3597221743
20170225,293297.54768413136
20170226,292643.36042289075
20170227,288591.98409027746
20170228,279207.07335897593
20170301,276474.356217843
20170302,283462.16242440767
20170303,267244.4568418823
20170304,276568.5443043029
20170305,277367.80247371644
20170306,312707.2946220377
20170307,324968.2495033807
20170308,288407.9648959687
20170309,388145.76806189015
20170310,301597.5410921781
20170311,285376.91490692605
20170312,300638.137965088
20170313,283811.9748095065
20170314,263728.5862045366
20170315,300833.6322736983
20170316,285310.5159084705
20170317,284152.2964603043
20170318,296420.24720357405
20170319,325243.5944299008
20170320,420021.1198698785
20170321,460043.49772466655
20170322,432165.07419345004
20170323,500832.33254108997
20170324,503710.17892942333
20170325,531314.7665064477
20170326,410176.80372977245
20170327,497165.889183818
20170328,461785.09874497936
20170329,418007.2569998401
20170330,408250.5405242916
20170331,423255.4607975382
20170401,463186.54473156
20170402,None
20170403,847955.6154384514
20170404,790829.4192146688
20170405,2037294.9179921017
20170406,1265121.7415283853
20170407,1036991.6117245378
20170408,981504.0271848674
20170409,1029968.873689058
20170410,894602.88638226
20170411,1368172.749399696
20170412,2106552.115756076
20170413,1777245.6512512662
20170414,1612004.0341577588
20170415,1745695.43897661
20170416,1765141.4891926295
20170417,1632933.5642191416
20170418,1744157.827209798
20170419,1613414.0348284098
20170420,1472743.3671657273
20170421,1719055.958293362
20170422,1747303.4275079197
20170423,1733208.6455215833
20170424,1765810.5666668373
20170425,1670600.208718476
20170426,1704649.7201691945
20170427,1702173.6444791926
20170428,1520425.3201512063
20170429,1755184.605119661
20170430,2109336.9900276894
20170501,1721980.871301339
20170502,1773250.4923182263
20170503,1881105.9019411888
20170504,1923748.2288785153
20170505,1781325.9711781968
20170506,1785053.347121772
20170507,1689766.6679990701
20170508,1536210.458843382
20170509,1427265.9083690306
20170510,1413992.95131408
20170511,1978716.2982860184
20170512,1475326.1441628828
20170513,1329450.7468827376
20170514,1501558.7089895345
20170515,1437498.3455482535
20170516,1532385.9735976858
20170517,1337245.290150288
20170518,1527882.4227322347
20170519,1672874.3362714108
20170520,2081933.1636712055
20170521,2084519.8695891532
20170522,1995820.9616827408
20170523,2090476.4287585611
20170524,2115043.6139936303
20170525,1906119.6296951054
20170526,1858778.511783552
20170527,1659413.8232046936
20170528,1798488.7289524733
20170529,1854366.2426213725
20170530,1995740.9094514295
20170531,2070619.0927621708
20170601,2014427.2837034082
20170602,2191544.6222388064
20170603,2509476.8146795486
20170604,3847279.1528532263
20170605,4696488.160617671
20170606,4967825.804597561
20170607,6055366.916362926
20170608,5074879.560815514
20170609,5084667.092822268
20170610,5368188.318508703
20170611,5510229.226550592
20170612,4754797.16035155
20170613,4837221.17944202
20170614,4388898.599835525
20170615,3994742.3792776493
20170616,4164675.941972668
20170617,4446438.242570549
20170618,4150233.9409392285
20170619,4084892.518406587
20170620,5422894.210830974
20170621,5183283.033795141
20170622,6622892.887442395
20170623,6380166.072980582
20170624,5733509.942045671
20170625,6541289.378597913
20170626,5766697.190413005
20170627,5158448.032609703
20170628,6214803.727607374
20170629,6990212.559010455
20170630,11320627.81659027
20170701,10401772.680665815
20170702,8867381.837138154
20170703,9589011.806017976
20170704,9409340.135051686
20170705,10061639.01510905
20170706,11331412.035811407
20170707,10295874.30333958
20170708,10651002.577493297
20170709,10718228.55631191
20170710,10768164.307574991
20170711,10969162.132271904
20170712,14571239.86773112
20170713,21496931.2141158
20170714,14990745.527103737
20170715,12440694.819709802
20170716,11656345.796022434
20170717,12599074.17301624
20170718,13188226.390334563
20170719,13269990.499895593
20170720,15273935.361360952
20170721,13157652.694383267
20170722,12504109.202562366
20170723,10999226.878804065
20170724,10960396.480508845
20170725,9523727.049662353
20170726,8900831.413275708
20170727,9691863.572763788
20170728,9902045.385489376
20170729,9327238.799834294
20170730,8972909.971781425
20170731,7746502.362640421
20170801,8369683.959946239
20170802,7680385.877432724
20170803,7409359.6296448205
20170804,7900974.858777641
20170805,9235915.947179416
20170806,8174846.773956437
20170807,8302048.448936181
20170808,8328560.837493365
20170809,8048582.046964844
20170810,8159685.812780205
20170811,8813612.051708354
20170812,8213659.768089964
20170813,7413401.364466244
20170814,6530866.6228796635
20170815,8259308.168140066
20170816,8262522.72999772
20170817,8309739.374688167
20170818,6217577.50734817
20170819,5638275.793511806
20170820,5982988.931655015
20170821,8078384.496736701
20170822,6891743.695624374
20170823,7686450.28963458
20170824,7185167.010682189
20170825,7268165.201582888
20170826,7371840.779958747
20170827,7773130.959873128
20170828,8148944.250226756
20170829,8298609.826464441
20170830,9505885.180644317
20170831,12260041.469755502
20170901,11591605.866729567
20170902,9467392.236424757
20170903,9714025.642646266
20170904,8225382.595050098
20170905,7949097.516648067
20170906,8115175.6449232865
20170907,10608935.304929737
20170908,9365927.545273615
20170909,8577187.452235313
20170910,8279589.729523167
20170911,10000098.970381651
20170912,11953844.269545505
20170913,11009200.504378647
20170914,8063165.25284395
20170915,9111230.334972925
20170916,10269943.101009384
20170917,9416086.884807454
20170918,12033046.877253972
20170919,17959527.36815745
20170920,13599125.182826713
20170921,11920314.27515172
20170922,11543402.991403492
20170923,11480002.306879962
20170924,10726308.153907916
20170925,9986948.679367147
20170926,10711862.886642426
20170927,11123415.931564553
20170928,10181288.911233949
20170929,9168671.840941813
20170930,9629803.735449472
20171001,9272082.228156026
20171002,8620755.232234446
20171003,8573557.012817413
20171004,8073498.978879432
20171005,7964950.452598325
20171006,7597478.939676989
20171007,7255092.667342308
20171008,6752313.697236037
20171009,6974754.596713275
20171010,7439528.704489153
20171011,7712005.98962201
20171012,6668604.831171819
20171013,6485392.842603795
20171014,6993090.6384040015
20171015,6890731.606164336
20171016,6230880.926030586
20171017,6098104.251733379
20171018,6434045.412202357
20171019,6666088.492221322
20171020,5520963.598097977
20171021,5146484.988734276
20171022,5628551.870834224
20171023,8025176.178264884
20171024,6935384.647020368
20171025,6508161.336404711
20171026,5863142.991478723
20171027,13204767.060190128
20171028,29758589.306071714
20171029,19566619.85525359
20171030,31251554.679948807
20171031,51758130.72926125
20171101,66746079.27979691
20171102,43180298.330854625
20171103,40575572.31381463
20171104,59939831.58342152
20171105,50825464.77772125
20171106,50785715.4638205
20171107,41799174.078797504
20171108,48602377.42205198
20171109,47892031.326908045
20171110,39556640.178579
20171111,37043684.84475856
20171112,30957807.548614435
20171113,36234420.00243602
20171114,37152406.6654644
20171115,35045214.8574083
20171116,29954795.9100295
20171117,31017023.6165446
20171118,42313297.8879377
20171119,38848549.6570203
20171120,40462687.7104346
20171121,40947131.5048096
20171122,40925594.798478
20171123,37458549.1797629
20171124,37424623.3285348
20171125,39946383.6133054
20171126,42480520.8355458
20171127,43669629.1047869
20171128,46098030.7700602
20171129,39166377.8464393
20171130,43094912.0137183
20171201,46920573.2380447
20171202,58460189.4821177
20171203,71880663.1003671
20171204,95579487.6641164
20171205,91426429.3638652
20171206,95684221.7808131
20171207,71417213.6007964
20171208,72740408.705281
20171209,81981680.6701499
20171210,68967441.6840578
20171211,75074654.1960405
20171212,78370705.7600534
20171213,78665710.4781851
20171214,85161216.6269868
20171215,85149684.1259111
20171216,89344140.1553768
20171217,94831998.2629758
20171218,109913169.208808
20171219,147253326.815953
20171220,158233619.052343
20171221,179722890.196538
20171222,131644285.855578
20171223,146061333.408931
20171224,149875880.769964
20171225,145246696.765866
20171226,140144881.396215
20171227,131450678.245013
20171228,115933517.728086
20171229,121060879.946952
20171230,103470855.207679
20171231,111321262.3937
20180101,121894075.85679
20180102,128077866.677532
20180103,132277613.50893682
20180104,146859143.31113356
20180105,130710574.07656214
20180106,133643815.98135114
20180107,129667421.44508454
20180108,118764788.56148747
20180109,117344435.98207715
20180110,103127418.54610798
20180111,90933814.34262188
20180112,104581441.23706312
20180113,107845145.84191544
20180114,97687621.48571667
20180115,91894992.17430781
20180116,59822026.16013406
20180117,60562149.533988625
20180118,66934826.73980734
20180119,78140245.22373375
20180120,88223852.58424304
20180121,71061713.00797479
20180122,65881907.549662985
20180123,68912985.15718774
20180124,70328381.64821595
20180125,70855800.90585944
20180126,71608265.4621201
20180127,71276022.84972098
20180128,72566192.00324018
20180129,70276675.33861436
20180130,68521014.87107295
20180131,57087649.641438454
20180201,56985791.54691466
20180202,45100196.18016851
20180203,41970551.512039915
20180204,45213496.33275154
20180205,38883814.47574159
20180206,32101563.749989457
20180207,37282884.96852269
20180208,36086698.944682516
20180209,38679021.75370583
20180210,42534921.50477609
20180211,45380980.72557336
20180212,41947358.72274803
20180213,43899885.869032584
20180214,42938930.65639442
20180215,47011949.755524434
20180216,51264486.41906527
20180217,51237450.60866349
20180218,54305899.55645008
20180219,49414320.401675664
20180220,50130920.43725638
20180221,46382777.82071177
20180222,40717891.72731855
20180223,41062206.47706977
20180224,42201353.17915349
20180225,38631346.87294677
20180226,38681432.980954215
20180227,42502449.73367247
20180228,42822814.82047645
20180301,41503439.56820021
20180302,43854173.15439862
20180303,45966002.40212861
20180304,48661015.51646603
20180305,47641609.86666692
20180306,49169432.24564396
20180307,44892948.44688966
20180308,39004866.98393769
20180309,38101934.412788354
20180310,36654910.86214733
20180311,35236727.795060426
20180312,36596465.835195154
20180313,37001699.07957061
20180314,37832106.303808175
20180315,36955126.836332835
20180316,35904995.052395195
20180317,35009991.81082383
20180318,32182432.759305827
20180319,30362532.09903239
20180320,32969473.50338156
20180321,34951524.24193329
20180322,38260160.151588075
20180323,34889686.439338736
20180324,31325444.881847955
20180325,30165238.570432544
20180326,29841333.7673025
20180327,27478664.356831174
20180328,25387987.723870758
20180329,26126940.568520173
20180330,21577175.707885016
20180331,20431510.02698932
20180401,20088078.9644649
20180402,19328542.37873909
20180403,47260541.40314049
20180404,47419563.25774447
20180405,61938610.78199849
20180406,54009255.18060207
20180407,47679426.384379774
20180408,46890506.426937
20180409,47979647.787744485
20180410,45601340.303936556
20180411,43798799.286999
20180412,43028414.23206809
20180413,54819124.009266086
20180414,52842240.0700567
20180415,50842231.36160849
20180416,52706531.044248976
20180417,52721268.733220324
20180418,94721868.72205478
20180419,103247802.01761787
20180420,106468864.56579937
20180421,107097338.47614749
20180422,103449344.53637712
20180423,102666271.67540327
20180424,105533001.31870987
20180425,110316786.63422492
20180426,95719806.95956391
20180427,103706163.81083329
20180428,98622646.0121003
20180429,104786678.82623635
20180430,102895484.29745379
20180501,99601247.51254745
20180502,97450742.59275353
20180503,101470996.5718195
20180504,106650464.65852423
20180505,104794312.54096468
20180506,103943439.5443
20180507,98890202.23293027
20180508,90904640.49561888
20180509,86458805.93967992
20180510,82361619.11080655
20180511,74481287.68314888
20180512,66748319.59542572
20180513,69265886.82550128
20180514,91724996.57611749
20180515,110135411.31680681
20180516,98388579.10622726
20180517,85582081.63608982
20180518,79099318.0993884
20180519,84664132.18771751
20180520,82053831.65385278
20180521,83670998.75362727
20180522,86572464.62941162
20180523,78811907.68207106
20180524,71034810.94704229
20180525,73393573.40346856
20180526,75361017.52006738
20180527,74065648.62933354
20180528,72296989.40879816
20180529,64429401.35482167
20180530,70382074.57208686
20180531,69920695.24235275
20180601,71599100.03074723
20180602,70285989.13103469
20180603,72575901.0634756
20180604,74352142.75638248
20180605,70092287.97232033
20180606,70631912.05596332
20180607,69432416.80152689
20180608,68775818.02809809
20180609,67388253.6478551
20180610,65625041.70097368
20180611,54534084.23711517
20180612,55326344.53590646
20180613,52792539.18935535
20180614,50947295.27650453
20180615,55396975.521141656
20180616,53477434.97963482
20180617,53135267.46025013
20180618,51980262.62992099
20180619,53435302.32927392
20180620,54229127.33106137
20180621,52692053.165366895
20180622,53279653.34565609
20180623,46168231.996348135
20180624,45077185.929120585
20180625,41754892.596758656
20180626,43124492.9217899
20180627,40347685.82054204
20180628,40784224.984072186
20180629,38056889.85723387
20180630,39594497.97441667
20180701,44959232.875038855
20180702,45388250.19356669
20180703,47195814.200101174
20180704,47214792.43923679
20180705,46566917.92580467
20180706,45819336.224312544
20180707,50511074.886119604
20180708,47905689.77685969
20180709,46319927.23327598
20180710,45778909.54998949
20180711,40537685.3695188
20180712,40954824.74599324
20180713,38599357.53155494
20180714,39017286.03108425
20180715,39092462.363990694
20180716,39920949.97188482
20180717,42728661.182933085
20180718,45159006.19357832
20180719,48165522.80592505
20180720,50497435.05057029
20180721,45700376.78275136
20180722,45862748.2651981
20180723,44328726.57750284
20180724,42490745.999852896
20180725,43931533.64826587
20180726,43998205.06024399
20180727,51828014.60365672
20180728,47423068.8401647
20180729,49453238.187202394
20180730,48201583.703576945
20180731,46453876.94086683
20180801,42369510.29709588
20180802,41603875.370185874
20180803,40384618.23825446
20180804,39723464.249945775
20180805,37930372.63821136
20180806,39370526.224994265
20180807,38514047.45152528
20180808,37207404.59595117
20180809,31984713.949076984
20180810,36646982.74352187
20180811,34036532.7289335
20180812,32914985.69697846
20180813,33154093.65486307
20180814,28411746.16246205
20180815,34268158.012342885
20180816,42324735.484413505
20180817,43604090.47852161
20180818,46727274.12425577
20180819,42566945.59463558
20180820,43282551.762744434
20180821,43136680.23762862
20180822,43394452.08682971
20180823,41198833.68325931
20180824,42146284.927450895
20180825,43961584.70405816
20180826,43756073.49656627
20180827,42904133.47169905
20180828,44064873.526530385
20180829,45420581.0443579
20180830,45894552.1732269
20180831,44308789.067148365
20180901,44591001.99926778
20180902,46211789.28652905
20180903,44776652.34101387
20180904,44693886.46051862
20180905,44377220.37298725
20180906,39277111.46319598
20180907,39041833.23490028
20180908,38298166.87467414
20180909,36991697.37031886
20180910,37446153.02364156
20180911,36990314.224665835
20180912,36606157.66867192
20180913,36212803.190650865
20180914,38755140.79979896
20180915,37604411.969330065
20180916,37633192.062786356
20180917,40083310.62399394
20180918,37211905.82475769
20180919,39382395.34140079
20180920,39285808.864929765
20180921,42116662.52778369
20180922,44027520.86953493
20180923,41973136.48904039
20180924,41193166.55017422
20180925,39371784.21564146
20180926,38498013.3307235
20180927,38551487.479103774
20180928,40398435.09211504
20180929,39741787.61933748
20180930,39799192.26783097
20181001,39836483.48802788
20181002,40563635.77015989
20181003,39856897.99970646
20181004,38986036.78933134
20181005,39351808.44831673
20181006,38885838.12337132
20181007,38666546.0425023
20181008,39219203.84127282
20181009,39274806.9316856
20181010,40598946.22128023
20181011,41816365.8230633
20181012,37644470.49999928
20181013,38526405.49588813
20181014,39269399.05753534
20181015,38572941.944952816
20181016,39388180.88212755
20181017,39787809.55000847
20181018,39450164.6398678
20181019,38793608.986429356
20181020,38672974.10222403
20181021,39061588.10805237
20181022,38933958.2650564
20181023,38815395.25273199
20181024,38745702.55664693
20181025,39659436.27662452
20181026,39030027.848530985
20181027,38829021.04497101
20181028,38349180.32177349
20181029,38643896.17250729
20181030,35788635.816209145
20181031,36476637.00156891
20181101,36624778.813010246
20181102,36901497.12267495
20181103,37381200.96425555
20181104,36759705.01486988
20181105,36692189.83824427
20181106,36226050.20324158
20181107,36357141.514560215
20181108,36893067.20315438
20181109,36394749.11736239
20181110,35526712.75711858
20181111,35076260.22423252
20181112,35416732.083492555
20181113,34969051.272873096
20181114,34285015.83704919
20181115,29612714.0871957
20181116,27630443.602857888
20181117,26600825.11512711
20181118,26087887.50556967
20181119,26802950.805315495
20181120,23906061.452605847
20181121,19741010.81456996
20181122,23332897.54735509
20181123,21250969.022686057
20181124,20805473.406516753
20181125,18493210.356099788
20181126,18637638.705705635
20181127,18122010.6518511
20181128,18700424.742600653
20181129,21929898.493081618
20181130,21466987.26240886
20181201,20525446.62793336
20181202,21576653.710374106
20181203,22890141.83562473
20181204,21235224.717814192
20181205,21373804.752391305
20181206,19807499.710759394
20181207,17487093.79808894
20181208,16469735.31691077
20181209,16344043.363796014
20181210,17164800.36081987
20181211,16287615.159530977
20181212,15866947.29764727
20181213,16023558.824360598
20181214,15266570.894619526
20181215,14604536.06012799
20181216,14040341.991238564
20181217,14284042.558576336
20181218,15612970.926493797
20181219,16253953.291885577
20181220,16710829.214293245
20181221,18552169.082514275
20181222,17303409.990419336
20181223,17959597.409761522
20181224,18889590.511197977
20181225,19173403.7342242
20181226,17236596.04099426
20181227,17264386.41345796
20181228,16320450.893320894
20181229,17396794.2565355
20181230,16681759.836276194
20181231,17037674.540807564
20190101,16794460.917990178
20190102,17140167.430592228
20190103,17340023.48385319
20190104,17116348.519592404
20190105,17513887.56257239
20190106,17491092.26255785
20190107,17855172.39211886
20190108,17326125.45333536
20190109,17168686.13605839
20190110,17315635.78377265
20190111,15183146.463643974
20190112,14938747.03959602
20190113,15116186.092659974
20190114,14083726.421447456
20190115,15017337.393520553
20190116,15174875.386217762
20190117,15912452.042281726
20190118,16078380.63937948
20190119,15479044.244416596
20190120,16063989.327723488
20190121,15031688.27644454
20190122,14919939.782395227
20190123,15116664.341661753
20190124,15150253.808405586
20190125,17194030.734449763
20190126,15920668.076942258
20190127,15379089.430336848
20190128,14860515.527997253
20190129,13724740.674459506
20190130,13956207.95785541
20190131,14455130.856633946
20190201,13726711.109806271
20190202,13867169.416905794
20190203,13964689.180768022
20190204,13789484.819214737
20190205,13622588.958186043
20190206,13719286.123066276
20190207,13473711.415658116
20190208,19758809.38187821
20190209,16394528.971861757
20190210,16030931.747416994
20190211,15548667.994689837
20190212,15677318.27318985
20190213,15437151.562823813
20190214,15337805.767463258
20190215,14918901.379312577
20190216,15235307.380643558
20190217,17149450.93450741
20190218,18204666.34923157
20190219,17218366.887025177
20190220,16840657.97710346
20190221,17221655.178094193
20190222,16969802.05376365
20190223,17081762.612393375
20190224,17498573.843253598
20190225,15604221.133860908
20190226,16185711.411543664
20190227,16654049.334590854
20190228,16528397.161501832
20190301,16415680.78047017
20190302,16781354.211125433
20190303,16683050.209105156
20190304,16512411.616656495
20190305,16188632.381681072
20190306,17371854.113745738
20190307,17099137.692934792
20190308,17334875.863519397
20190309,16915952.651501954
20190310,17347901.154344227
20190311,18261178.728312597
20190312,40869547.58675605
20190313,33849761.66452149
20190314,30114035.725934245
20190315,27543293.256944623
20190316,30486611.731882546
20190317,29754470.67803295
20190318,30120395.77791496
20190319,31508817.135314632
20190320,31112877.862121798
20190321,30653026.766579088
20190322,33438035.07487889
20190323,34093397.5535918
20190324,33832948.396264546
20190325,33130692.131835904
20190326,31544082.77789895
20190327,31253327.497576226
20190328,32619699.34488402
20190329,32227414.966118738
20190330,31739330.317157917
20190331,30799553.685152363
20190401,31705024.721681416
20190402,31389755.25422416
20190403,33598278.66879688
20190404,32680849.249787536
20190405,34039291.228690885
20190406,35512654.05024014
20190407,34818147.64245662
20190408,34834490.582890056
20190409,34109009.03859118
20190410,33588873.34450574
20190411,34633985.042471796
20190412,30650113.287610173
20190413,30962950.50047343
20190414,30974696.81264294
20190415,32238592.24567037
20190416,31472264.50980938
20190417,31952156.325534493
20190418,33542446.869355123
20190419,32981340.33067897
20190420,33122349.764867812
20190421,33131456.454052206
20190422,32040276.183258284
20190423,31697736.491695493
20190424,31197238.123798534
20190425,28981758.940715443
20190426,26756559.326722395
20190427,25937626.440025594
20190428,26391629.610919718
20190429,26254499.95845139
20190430,24544667.481383473
20190501,25744824.33866576
20190502,25761008.221436013
20190503,26462766.821692467
20190504,27607328.989463422
20190505,26011254.384549093
20190506,25823046.801217634
20190507,26483771.608592287
20190508,25745019.59792923
20190509,25159820.15390978
20190510,24628306.743634213
20190511,25824633.923950184
20190512,27490680.924963247
20190513,25709241.06811754
20190514,26086969.863717742
20190515,28264234.855108056
20190516,30928140.273590215
20190517,30896931.451441556
20190518,28860593.03259311
20190519,28226942.056245703
20190520,29184284.047643308
20190521,28986544.82112975
20190522,31411530.004306167
20190523,30175860.610723257
20190524,31305792.818975624
20190525,31695546.051781032
20190526,32974762.762267962
20190527,32428100.372543246
20190528,33089487.69525789
20190529,32801219.504967995
20190530,32729881.66050799
20190531,30255532.30646487
20190601,30900052.5549709
20190602,30511375.471185137
20190603,31873392.95561815
20190604,30132554.61755331
20190605,28214610.332818437
20190606,29323715.32928478
20190607,29481759.59701216
20190608,30925603.362729494
20190609,31887860.33840959
20190610,30248562.29927246
20190611,32690706.361978445
20190612,34679444.27326824
20190613,33993997.71686835
20190614,32611550.063715182
20190615,31378588.00037713
20190616,31307133.442455165
20190617,31617489.0827055
20190618,31423706.431519277
20190619,31917429.5155081
20190620,32018502.336890623
20190621,31259613.436189983
20190622,30875968.02974488
20190623,31324365.759278994
20190624,30738215.76165571
20190625,31139288.230212048
20190626,31107529.355261244
20190627,30505902.591620337
20190628,26403367.0574099
20190629,27325741.78144171
20190630,28616942.290026795
20190701,26400831.079586193
20190702,27052236.36466147
20190703,26397367.986868117
20190704,27185364.624866456
20190705,25919658.84984348
20190706,25647820.002175342
20190707,26619098.176445186
20190708,26991499.3358219
20190709,26670905.96948629
20190710,25660962.381160326
20190711,24253631.86787164
20190712,20615945.608716324
20190713,22236874.288098983
20190714,21425168.759048782
20190715,18960410.78297884
20190716,18893872.81016316
20190717,16576437.331003178
20190718,16790989.898887936
20190719,18706733.050749645
20190720,19190052.035353974
20190721,19638987.408499878
20190722,19155734.92645073
20190723,20932476.84394615
20190724,20064791.248220474
20190725,19705580.575610336
20190726,19484172.22160789
20190727,20194100.152182736
20190728,18844794.285120577
20190729,18988453.54107623
20190730,24135246.390636183
20190731,22708424.69318503
20190801,21464815.1822889
20190802,20945681.21418622
20190803,20911560.08441715
20190804,21149879.904029414
20190805,20906052.580869455
20190806,19620101.053960867
20190807,18312163.121559404
20190808,18861502.951968305
20190809,18464493.17622343
20190810,17322501.061627284
20190811,18148704.18508076
20190812,18470421.483550403
20190813,17997577.021870036
20190814,17804635.916097242
20190815,15558843.901935838
20190816,15902835.306617722
20190817,15533706.615015082
20190818,16085260.79861119
20190819,16439353.355076984
20190820,16675024.437608972
20190821,16407447.073038239
20190822,16161940.041287856
20190823,16832039.132520046
20190824,17209977.765694387
20190825,18139324.997754496
20190826,17225273.696354434
20190827,17431269.644263156
20190828,16770300.791842958
20190829,15325988.35242963
20190830,14978019.085421678
20190831,15791919.652631488
20190901,15278420.723608067
20190902,15216695.67764097
20190903,15757019.172326421
20190904,15700348.183914095
20190905,15949376.363612788
20190906,16069431.660881585
20190907,16165341.562786844
20190908,16472872.195482938
20190909,16281441.620210463
20190910,16405008.887044908
20190911,16564522.284358598
20190912,16202164.076258829
20190913,15968534.036001008
20190914,15678714.353002828
20190915,15843019.087901037
20190916,15868032.683106404
20190917,15900872.238809379
20190918,16132106.9306806
20190919,17013151.242999677
20190920,17356231.183919203
20190921,17157431.374522597
20190922,16849768.11969788
20190923,16043986.49672282
20190924,15405324.963041764
20190925,12613406.161956308
20190926,12957532.796141718
20190927,12699343.75895406
20190928,12770103.70976999
20190929,13610482.574968578
20190930,12809702.414083667
20191001,13362522.298319034
20191002,14389681.89531541
20191003,14364541.718040513
20191004,14453500.288456826
20191005,14391557.785909163
20191006,14557055.272879383
20191007,14039563.714706859
20191008,14641791.356360005
20191009,14920840.608236555
20191010,14829404.122930033
20191011,15038791.608977335
20191012,14858889.139620416
20191013,15244026.42465809
20191014,16051236.824335203
20191015,15920309.636338739
20191016,16113671.586490883
20191017,15508377.352813624
20191018,15909164.454893949
20191019,15329339.098506775
20191020,15050474.417009503
20191021,14717718.82023353
20191022,14387970.410554955
20191023,14474474.423292942
20191024,13252565.366420176
20191025,13362388.084911428
20191026,14167707.072671706
20191027,14562571.196982715
20191028,15481399.693343736
20191029,16104074.466433955
20191030,16333618.490598116
20191031,17772836.738949724
20191101,17034617.10025789
20191102,16940379.67271165
20191103,16796075.330627088
20191104,17351119.626596976
20191105,17017399.80919034
20191106,17231277.093598947
20191107,17216034.65076525
20191108,16786095.86087477
20191109,16181421.274779726
20191110,16565290.216116322
20191111,16832554.938517
20191112,16238718.99721332
20191113,16512898.57436894
20191114,16562525.343506623
20191115,16633864.792817658
20191116,15928824.026521526
20191117,16054202.655853597
20191118,16150272.478677304
20191119,15498783.941230284
20191120,14822242.845327709
20191121,14914066.34439334
20191122,14051788.50490977
20191123,12959205.39367027
20191124,13254674.994680004
20191125,12300501.252368428
20191126,14035928.992533464
20191127,14413869.841801746
20191128,14504977.727359021
20191129,14769856.76012975
20191130,14717866.468547087
20191201,15203170.196262192
20191202,16666059.930625163
20191203,16049772.058368698
20191204,15292264.034163894
20191205,14739884.784625927
20191206,13949016.775853494
20191207,13868783.918330519
20191208,13969999.534832934
20191209,13799841.561629556
20191210,14571040.91828338
20191211,13466158.799626138
20191212,13500015.168636713
20191213,13044614.019220324
20191214,13865036.374488935
20191215,12866055.252164174
20191216,12795623.942655483
20191217,12178561.952601384
20191218,10842461.187338835
20191219,11700673.327120842
20191220,11524276.133799136
20191221,11841660.035419907
20191222,11394301.753817223
20191223,11919828.63591612
20191224,11523167.808616715
20191225,11374808.21741142
20191226,10933686.33698846
20191227,11171003.25322835
20191228,11263370.410895808
20191229,11152261.245998602
20191230,11230128.089278033
20191231,11017266.89523318
20200101,11477009.255150225
20200102,12256237.877329113
20200103,11347037.266376287
20200104,11906155.754958915
20200105,11783108.124395946
20200106,11832274.575278787
20200107,12322798.607231153
20200108,12125965.288335055
20200109,11573478.625786241
20200110,11454363.32606066
20200111,11767494.784874592
20200112,12036689.272708895
20200113,12225917.699100565
20200114,12089002.01767407
20200115,11935168.555670967
20200116,12957565.855205828
20200117,12687476.625331307
20200118,12841819.025867216
20200119,12818415.923155453
20200120,13035417.09795739
20200121,12275904.103872629
20200122,12232728.653236547
20200123,12841954.177150939
20200124,12076780.726687912
20200125,12225664.562102508
20200126,12273214.374020927
20200127,12541080.157266244
20200128,13423462.720401658
20200129,13461871.940952376
20200130,13605586.623734219
20200131,13337763.62990077
20200201,13410778.586233951
20200202,13758994.221185168
20200203,13919683.70876237
20200204,14080406.639982954
20200205,15060612.250532756
20200206,15175889.870493285
20200207,16124364.128037862
20200208,17244727.537374135
20200209,16227098.092457172
20200210,17088486.68584701
20200211,17648161.191837657
20200212,17429639.919078443
20200213,18291766.633123428
20200214,18655827.806269266
20200215,19575471.504619896
20200216,17738157.95513311
20200217,16874032.227343414
20200218,16512650.68981596
20200219,16895685.414294504
20200220,15049676.66607026
20200221,14834915.914977988
20200222,15393802.039011272
20200223,15451726.658119306
20200224,15994020.697024414
20200225,15121706.31473317
20200226,14715192.829990221
20200227,13214142.632971749
20200228,13510516.835251126
20200229,13420979.397460248
20200301,13374399.842341486
20200302,12918421.59951142
20200303,14164561.079413705
20200304,14472056.882594204
20200305,15473882.550966822
20200306,15770430.194933536
20200307,16244146.58203404
20200308,15376504.26876539
20200309,13360592.391282989
20200310,13693902.15742104
20200311,13987429.465693826
20200312,13608129.12812296
20200313,7753691.212757315
20200314,8762805.40348066
20200315,8583475.904744463
20200316,9386046.050212532
20200317,8060895.97798037
20200318,9103104.70601106
20200319,9445176.192549847
20200320,11231830.539494926
20200321,10839466.841346525
20200322,11882770.678203655
20200323,10704546.782602241
20200324,11462671.079692071
20200325,10823098.197835024
20200326,11281920.338936813
20200327,11272779.305087583
20200328,10742011.220476858
20200329,10708961.03220036
20200330,10459067.948093222
20200331,11118880.196734687
20200401,11458058.338188117
20200402,11781421.195135891
20200403,12476543.316380678
20200404,12357322.021318026
20200405,11802674.810379034
20200406,12262263.687192116
20200407,12230120.214006584
20200408,12197403.758047357
20200409,12291494.127463525
20200410,12871377.207504502
20200411,11398891.452984234
20200412,11364726.817724105
20200413,11332726.19830296
20200414,11392760.112951137
20200415,11325063.278293481
20200416,10808816.761248877
20200417,11965311.222873664
20200418,11077602.694137275
20200419,11709595.865160346
20200420,11080564.01738043
20200421,11148438.449315932
20200422,10843930.813704934
20200423,11258519.395941872
20200424,11363326.427064778
20200425,11865266.874108272
20200426,11977926.604700452
20200427,12197764.08508521
20200428,12543001.192509076
20200429,12113196.960258055
20200430,12108571.492984038
20200501,11663493.7807005
20200502,11947306.0898106
20200503,12097621.263298249
20200504,11722543.327842139
20200505,11168768.749958996
20200506,11168468.205826443
20200507,10168664.092655117
20200508,10029734.490931205
20200509,11844565.629291143
20200510,11115480.628770426
20200511,9875933.538442584
20200512,10168259.620911123
20200513,10271222.011057196
20200514,10607961.640577277
20200515,10814708.338369515
20200516,10458170.339082731
20200517,10634560.55880662
20200518,10656503.016369818
20200519,10939103.495055325
20200520,11403955.05038048
20200521,11271710.912678882
20200522,11239452.916282926
20200523,11798465.55261463
20200524,12105586.702062184
20200525,11648066.479163434
20200526,12311840.198441157
20200527,13349591.848035214
20200528,12690884.937879372
20200529,12958620.108582323
20200530,12939498.842885735
20200531,13323675.600841494
20200601,13085801.622079235
20200602,13817611.328311171
20200603,14116369.748744657
20200604,14614946.220428223
20200605,14589728.975165602
20200606,14434443.97367472
20200607,14943207.67060463
20200608,15330116.40805349
20200609,16466063.445000308
20200610,15921578.924083166
20200611,15825769.525752597
20200612,13584021.803692503
20200613,14707606.5625354
20200614,15537424.660413722
20200615,17266299.51210007
20200616,17904721.6880854
20200617,17590824.784485724
20200618,18309934.548579767
20200619,17892241.48544845
20200620,16876033.09194629
20200621,16988209.509774603
20200622,17374109.107721258
20200623,16442330.792311054
20200624,16158214.037763966
20200625,15149587.42704858
20200626,14777901.489379317
20200627,14321456.11943219
20200628,13412756.324771645
20200629,13804241.10223803
20200630,13650870.61593981
20200701,13498268.358861586
20200702,14003445.689637508
20200703,13564172.449562604
20200704,13971844.668153511
20200705,14182147.460747551
20200706,13803957.654574562
20200707,14054505.657486692
20200708,14021142.924141606
20200709,14832323.822494755
20200710,14500871.991033351
20200711,14537199.128064103
20200712,14699115.627158165
20200713,14584626.415341511
20200714,14260951.889596859
20200715,14289006.751777872
20200716,14195441.058934893
20200717,13629127.40179357
20200718,13674759.963816203
20200719,14060510.5054109
20200720,14033566.743111724
20200721,14682921.375942206
20200722,15474470.913457638
20200723,15092828.218798425
20200724,14902460.448443612
20200725,15269241.587851679
20200726,15291633.311862206
20200727,14646440.29634083
20200728,14027792.294829868
20200729,14632085.68777288
20200730,17450827.276140276
20200731,15947980.209338997
20200801,15548462.696921267
20200802,15703450.815397551
20200803,14681156.806255799
20200804,15594506.287408551
20200805,15238771.36234561
20200806,15756255.348856421
20200807,16439811.62039018
20200808,15910956.247122532
20200809,16462497.190402294
20200810,16616446.427908069
20200811,16793147.050947454
20200812,15977625.67331436
20200813,16342916.710476663
20200814,17109494.507621955
20200815,17683614.632453267
20200816,17415578.942941424
20200817,17868238.403513893
20200818,17761896.33103676
20200819,17859482.665579848
20200820,16686602.903366037
20200821,17303860.675965007
20200822,16940442.187166896
20200823,17146135.357203733
20200824,18154217.094743118
20200825,19420267.393930774
20200826,17969570.42974765
20200827,17976980.484325103
20200828,16825466.08807367
20200829,17321926.834121875
20200830,19812519.351803996
20200831,19445929.51199047
20200901,19597976.083264917
20200902,18602856.463592272
20200903,17182393.448192988
20200904,15064627.582062017
20200905,14687322.874238877
20200906,13874275.023519978
20200907,14252248.445256772
20200908,13690861.901702564
20200909,13473204.570184715
20200910,13760148.174120085
20200911,14781306.755935224
20200912,15326694.21444548
20200913,15551000.981305778
20200914,14602599.143429069
20200915,15216595.870208092
20200916,14501632.635582501
20200917,14054505.506315993
20200918,14026396.40896767
20200919,14076459.671513721
20200920,14313176.876671653
20200921,14159403.734738253
20200922,12886747.301457481
20200923,12714717.699248718
20200924,11893547.790590163
20200925,12613743.068858659
20200926,12895096.469009928
20200927,12842230.723355323
20200928,12952592.666108502
20200929,12835605.412780588
20200930,13925566.911956908
20201001,13481463.883213807
20201002,12853994.358257113
20201003,12562303.393280927
20201004,12479048.843670933
20201005,12561372.77074803
20201006,12555924.689586528
20201007,11950291.965457432
20201008,11941136.900623422
20201009,12716243.63266709
20201010,14187200.442524526
20201011,14154540.028662506
20201012,14136095.91264567
20201013,13968771.983840348
20201014,13736960.519361775
20201015,13424079.965547193
20201016,13176487.989335643
20201017,13628901.389786404
20201018,13495466.648868272
20201019,13411624.583702484
20201020,12956834.924990986
20201021,12718101.038575867
20201022,13289525.131029231
20201023,13344186.000527352
20201024,14031305.159246098
20201025,14110457.50382352
20201026,13733002.63289101
20201027,13703340.659956113
20201028,13822297.440922294
20201029,13887618.055376984
20201030,13354084.43104843
20201031,12882947.6146483
20201101,12835306.036174187
20201102,12810509.196139019
20201103,12757322.89614884
20201104,12891648.861809831
20201105,12953579.738890192
20201106,13387066.411206266
20201107,14172615.912086328
20201108,13558478.084245896
20201109,14134601.364093974
20201110,14068949.437168472
20201111,14647487.575696759
20201112,14769862.1547607
20201113,14656481.592999762
20201114,15062217.090424677
20201115,14433242.207709165
20201116,14043707.155704275
20201117,14559058.89113447
20201118,14383408.413160853
20201119,14864211.653012782
20201120,14281625.121841732
20201121,14509722.53255996
20201122,15393954.41107746
20201123,16104545.732019525
20201124,16403422.647567494
20201125,17315471.19651903
20201126,18248082.983717747
20201127,15474521.41793679
20201128,15471676.60657661
20201129,16037765.824554164
20201130,16079487.050386008
20201201,16737958.195132814
20201202,17471852.285123482
20201203,18257572.082689345
20201204,18092513.77390547
20201205,16073171.029355405
20201206,17004374.314252682
20201207,16798040.62802968
20201208,17377759.352122746
20201209,16877884.20265934
20201210,16592559.076903623
20201211,15773042.645720456
20201212,15234766.306963284
20201213,15784361.21695312
20201214,16111030.759730728
20201215,15985797.649427135
20201216,16143131.749126576
20201217,16533314.17957996
20201218,16463890.840703364
20201219,17530119.298583508
20201220,36349219.37034049
20201221,25798632.322826657
20201222,25413245.469638173
20201223,26894586.8194655
20201224,22412334.909039766
20201225,23782295.990755048
20201226,24222171.065419547
20201227,25587609.705243085
20201228,26443223.486687977
20201229,29834801.744483255
20201230,28875804.98607576
20201231,27076775.58923306
20210101,27421463.328771498
20210102,29526179.78592799
20210103,27574319.48879562
20210104,29457677.883677777
20210105,26870898.05631352
20210106,28844139.27797256
20210107,30606001.0101672
20210108,32454888.67629623
20210109,30050037.675478235
20210110,31594379.212191362
20210111,30729041.49020956
20210112,25217235.53395822
20210113,25745902.990054414
20210114,27331192.98123296
20210115,29304975.66879725
20210116,28659255.64225784
20210117,30274185.55144044
20210118,29391665.876040943
20210119,29546879.218629174
20210120,30170336.027894467
20210121,29779805.84180158
20210122,26404912.066034183
20210123,26665633.894799873
20210124,26331689.846107017
20210125,28000991.36856201
20210126,27551316.18428657
20210127,28294292.29233197
20210128,25846435.26041884
20210129,27267520.639518876
20210130,28399108.99614431
20210131,28423420.764589157
20210201,27873403.205766287
20210202,28167063.951950442
20210203,29385168.16090125
20210204,33549626.480869487
20210205,30555733.482770197
20210206,35538334.75987261
20210207,35514126.55342817
20210208,33560383.55122495
20210209,34837534.80908073
20210210,36813075.33454056
20210211,38264415.421875045
20210212,44085590.00643508
20210213,45340357.479799636
20210214,49203339.179901145
20210215,45843764.97832853
20210216,44573170.782540806
20210217,45389335.79937156
20210218,46768231.61649342
20210219,53396547.04513211
20210220,56332211.23053598
20210221,51230270.24349215
20210222,57947821.57722382
20210223,53593508.509697124
20210224,39505483.949096635
20210225,41970370.04488469
20210226,42717058.17702341
20210227,44739700.25919864
20210228,51691154.919227205
20210301,52918400.80620822
20210302,54218923.06907983
20210303,51766826.36905292
20210304,52645329.50882396
20210305,50859946.21393329
20210306,50681823.794257
20210307,57521393.14091873
20210308,57979305.4240809
20210309,55937851.22844843
20210310,56665471.428094715
20210311,55424465.686767034
20210312,55455074.69721702
20210313,57363446.63123064
20210314,58319530.16437703
20210315,56438969.25044492
20210316,53743144.04757283
20210317,55044474.92677948
20210318,54182632.377987824
20210319,56929402.36146328
20210320,60597409.89820637
20210321,58622586.37465209
20210322,62192204.11833627
20210323,71045823.92361598
20210324,68642485.07233766
20210325,60498886.52378273
20210326,56475761.35171783
20210327,67336525.40466227
20210328,88805646.70701739
20210329,83640265.37504016
20210330,89690114.3824881
20210331,93765222.6693379
20210401,93618847.17824957
20210402,91195448.21211997
20210403,108260646.67775661
20210404,93352253.6588641
20210405,98247215.86889786
20210406,85385180.69029091
20210407,82234546.2913439
20210408,69530788.4715299
20210409,79288038.25681052
20210410,171386661.12919492
20210411,145924913.1414628
20210412,134711215.92526045
20210413,131980206.05724534
20210414,136323923.1353366
20210415,123934550.05131681
20210416,129812092.98943412
20210417,116278521.20898347
20210418,122044541.86175805
20210419,105343647.73459153
20210420,102021034.12133634
20210421,106962575.18521954
20210422,106745161.43943805
20210423,90177780.05077788
20210424,86837646.16024488
20210425,89572351.27496627
20210426,91518405.98612168
20210427,106840175.43446848
20210428,112102727.56584364
20210429,107782244.63727555
20210430,103937571.89528482
20210501,107822753.03005706
20210502,105698619.83876717
20210503,114004634.45197035
20210504,115016019.14988628
20210505,103491390.56798531
20210506,111656711.23808555
20210507,112210988.46958746
20210508,117248964.27947295
20210509,126745816.29764429
20210510,130320370.83161788
20210511,111443323.49795857
20210512,115567773.64171316
20210513,97863295.61758077
20210514,93255678.90977465
20210515,97759669.13051172
20210516,88331427.07179527
20210517,87384498.80119477
20210518,78579993.54539484
20210519,82311820.4386973
20210520,68298805.19901331
20210521,87961324.7110883
20210522,76341278.90303716
20210523,76803394.9944746
20210524,81467937.83640613
20210525,85058794.45197162
20210526,78891252.61515424
20210527,84279404.83242849
20210528,80813378.86509155
20210529,75391488.86978975
20210530,71053841.09104922
20210531,72337505.68218099
20210601,74387465.04754457
20210602,71665270.38679516
20210603,72808186.32013716
20210604,76922451.69158503
20210605,70234710.69362502
20210606,66796641.47619543
20210607,70255040.72237594
20210608,67737123.92645985
20210609,64319284.472783685
20210610,67845858.60941663
20210611,66007233.86574151
20210612,61144292.48523869
20210613,56933682.68449438
20210614,57985559.18574352
20210615,58196219.08235865
20210616,57208306.57186429
20210617,53303963.10848291
20210618,53625596.38234895
20210619,48085636.08312865
20210620,45863491.17512964
20210621,44319191.05931171
20210622,32735071.184122365
20210623,28575860.028089605
20210624,32392443.00426026
20210625,35145876.262106314
20210626,33372451.17519016
20210627,34497608.177288964
20210628,39049131.19853494
20210629,41527355.97701275
20210630,43399336.349782765
20210701,48263431.96435841
20210702,46435686.52532389
20210703,48262264.35928227
20210704,49013686.357178695
20210705,54441598.66456929
20210706,59895175.86590571
20210707,60853511.93334475
20210708,58098918.86002805
20210709,50681094.24394796
20210710,51018325.81581697
20210711,51521916.87269505
20210712,53045986.15198136
20210713,55172302.734751016
20210714,56228007.4625939
20210715,56908311.97968642
20210716,52870991.99623188
20210717,46860702.09804331
20210718,46139391.24526722
20210719,46830599.39616657
20210720,44930813.157288805
20210721,41279460.27950896
20210722,44308330.668123
20210723,45657762.859299764
20210724,47281471.765757434
20210725,50647951.85991759
20210726,49998697.61022461
20210727,50805726.142593406
20210728,52879301.4855753
20210729,53888171.01162543
20210730,59556736.416482374
20210731,60256663.254623756
20210801,64462742.12970086
20210802,60601228.98036836
20210803,60657112.06057198
20210804,60928565.40546239
20210805,62270625.14562109
20210806,62517392.35330721
20210807,66664442.1710994
20210808,67520297.35143363
20210809,65048236.33558917
20210810,66974474.10701628
20210811,67823967.1130349
20210812,69423903.53749742
20210813,66334588.91414209
20210814,68992982.6400939
20210815,69458343.24300489
20210816,69641967.78105025
20210817,71406234.82431377
20210818,66436070.900865175
20210819,64901093.95347387
20210820,64854747.781138994
20210821,71231080.8465575
20210822,70654828.99441297
20210823,69677182.91961615
20210824,74339865.41666012
20210825,73454399.02724968
20210826,76716563.83634941
20210827,72514169.46108587
20210828,76181221.92023167
20210829,79446049.79242007
20210830,76723459.21979773
20210831,74138695.37220097
20210901,81972802.92815171
20210902,82821647.36246277
20210903,82137934.41142686
20210904,85442316.27916786
20210905,93133933.44380808
20210906,91397494.29729435
20210907,96266534.0444908
20210908,77299857.62751101
20210909,76709283.95276283
20210910,83907910.31295423
20210911,74888023.95339172
20210912,76264768.63425156
20210913,79437617.39700669
20210914,74536411.36123082
20210915,77786611.75431937
20210916,79982805.74368188
20210917,80724185.46548627
20210918,79886121.10369861
20210919,80269462.42386165
20210920,79670158.71802072
20210921,69271383.09613952
20210922,62162559.7426796
20210923,66466748.825022936
20210924,69461409.44985022
20210925,64321618.92258273
20210926,64776143.13413841
20210927,63131202.60073435
20210928,60490839.79470857
20210929,55471764.59671762
20210930,56298414.963353716
20211001,60037123.26734237
20211002,64817665.98053028
20211003,66090461.42801931
20211004,66271981.88061122
20211005,66966096.23232478
20211006,72136409.99094516
20211007,75625711.35909714
20211008,82595324.80498035
20211009,84443481.8870278
20211010,78877565.28523116
20211011,84413635.21533108
20211012,82233845.50890842
20211013,77291744.06101927
20211014,83726934.74421653
20211015,83421964.40985993
20211016,80705504.86687486
20211017,77905186.10791476
20211018,75456459.03257622
20211019,73068600.0236007
20211020,74088603.85263775
20211021,78709411.39251298
20211022,73913047.57797073
20211023,77639956.15379536
20211024,79388196.51175526
20211025,75302600.97476034
20211026,79421282.84668125
20211027,76339410.3431359
20211028,67354402.83597806
20211029,70345569.63955651
20211030,75251773.51120184
20211031,78034715.3387269
20211101,82049490.42194693
20211102,80468815.68075256
20211103,81535038.66342546
20211104,79925086.89979196
20211105,80490442.23633066
20211106,80208532.27474445
20211107,83820962.52965489
20211108,82287630.76963736
20211109,80504812.16626677
20211110,85611041.6461813
20211111,78883157.20651403
20211112,77768908.59195982
20211113,75386268.06410682
20211114,78296899.93779105
20211115,78416903.17726775
20211116,79652221.85083246
20211117,74224121.76477493
20211118,79862646.86116
20211119,73795572.97856982
20211120,76577692.03581092
20211121,81444852.35562971
20211122,81485994.90634865
20211123,76565910.80413854
20211124,76576275.10165809
20211125,74162871.76520188
20211126,76654013.04426178
20211127,77431425.0786578
20211128,80155933.02036881
20211129,80247562.78769892
20211130,80591906.74616504
20211201,78033812.96301024
20211202,76551116.70238355
20211203,76454534.91295198
20211204,76425206.40508433
20211205,62831999.225645505
20211206,57473545.99015799
20211207,60178971.8011024
20211208,60114846.62699708
20211209,62273617.72398868
20211210,61596124.768959776
20211211,55562684.14979508
20211212,57184260.1805073
20211213,57473459.9491743
20211214,51707395.402998425
20211215,53724727.276551336
20211216,56717122.488922186
20211217,56858236.4619187
20211218,75240060.63342959
20211219,68612452.58826293
20211220,63255364.29113859
20211221,60138941.77298603
20211222,61322362.98203528
20211223,61222247.591911264
20211224,62438579.84244006
20211225,62185664.75093046
20211226,63215953.20651603
20211227,62392073.8255243
20211228,62093794.422864035
20211229,58313143.94610653
20211230,55568912.87128991
20211231,57643379.11251464
20220101,55898990.65453969
20220102,57135701.86695837
20220103,60146526.926751815
20220104,60576277.7898026
20220105,58442666.875997275
20220106,58184958.899602495
20220107,56403302.981359795
20220108,53851081.76773638
20220109,53288262.914693356
20220110,53496850.75332187
20220111,50713515.96358284
20220112,54506004.57800633
20220113,55386027.74458367
20220114,53412791.894781254
20220115,53671735.90082912
20220116,54265887.67803466
20220117,54520499.82523475
20220118,52902525.73879751
20220119,51350951.246326484
20220120,49678034.889422074
20220121,48977722.48393759
20220122,43555588.25856409
20220123,43674432.65559815
20220124,44329925.943231024
20220125,41730180.31232063
20220126,41624465.41011659
20220127,42544646.42082516
20220128,43052539.95496914
20220129,44243200.30391989
20220130,45135868.76772889
20220131,45401808.675443016
20220201,45679139.16205264
20220202,45828492.63094395
20220203,45936196.50980681
20220204,47966858.667866714
20220205,50385195.97991862
20220206,52010526.22817846
20220207,54391626.107921846
20220208,54887998.21599814
20220209,53080420.9180752
20220210,53393668.96086747
20220211,51466106.676639825
20220212,50055584.336112946
20220213,49838115.329806425
20220214,50224721.9636585
20220215,49895039.06425798
20220216,52577200.71324452
20220217,51687936.96104352
20220218,48085147.3961041
20220219,47599086.47765722
20220220,46793717.45879049
20220221,46424879.76324076
20220222,42994953.35242811
20220223,44396720.23778672
20220224,44753445.837412015
20220225,44333704.633927286
20220226,46770984.73959205
20220227,49108024.59780075
20220228,47454119.678064644
20220301,50064170.11099676
20220302,50754809.40572017
20220303,51380950.11372355
20220304,48579118.43105093
20220305,46664141.77514689
20220306,47790802.58452547
20220307,45864919.67619962
20220308,44789985.78722345
20220309,46813930.843498945
20220310,48608696.228824995
20220311,46994792.20725574
20220312,46512524.39702885
20220313,46389960.29156699
20220314,45620596.602015264
20220315,46132754.42664724
20220316,46006665.644015186
20220317,48166167.79896302
20220318,48480106.89785303
20220319,48603805.43257231
20220320,49184113.1825456
20220321,48779709.19526436
20220322,48673534.14781106
20220323,49787370.2151124
20220324,49991024.51267569
20220325,51066494.76053299
20220326,51085761.7092079
20220327,53296544.303679906
20220328,55854730.26507304
20220329,56753825.34037863
20220330,57908490.33086936
20220331,59020937.36715523
20220401,60929398.431061246
20220402,62269169.486252084
20220403,63488715.790333346
20220404,62316871.81472507
20220405,60126847.67334481
20220406,59946550.2511813
20220407,54968663.460085236
20220408,56991246.291480616
20220409,54910987.72580983
20220410,55414997.45864229
20220411,54582578.929134406
20220412,50009220.74006456
20220413,52555318.87906065
20220414,55413683.75898061
20220415,53121095.100705884
20220416,53579913.40253645
20220417,52711367.32543416
20220418,52392264.946156844
20220419,52280517.532910176
20220420,53912127.9401469
20220421,54542693.31318538
20220422,54795126.87190602
20220423,56401357.03610137
20220424,54267098.59026773
20220425,52035315.87422699
20220426,51109209.950219184
20220427,48633039.19798959
20220428,50010153.62126382
20220429,50056910.131205805
20220430,51734854.06356538
20220501,46919953.84708266
20220502,46648589.30788568
20220503,45765399.303757615
20220504,46993564.7637204
20220505,49921727.283323586
20220506,45606997.93062257
20220507,45612840.501460105
20220508,44445541.470230006
20220509,42420948.60378241
20220509,38954932.304653175