20160406,0
20160407,0
20160408,0
20160409,0
20160410,0
20160411,0
20160412,0
20160413,0
20160414,0
20160415,0
20160416,0
20160417,0
20160418,0
20160508,0.0
20160509,0.0
20160510,0.0
20160511,0.0
20160512,0.0
20160513,0.0
20160514,0.0
20160515,0.0
20160516,0.0
20160517,0.0
20160518,0.0
20160519,0.0
20160520,0.0
20160521,0.0
20160522,0.0
20160523,0.0
20160524,0.0
20160526,48546910.2121393
20160527,36017330.01217015
20160528,33819537.72428393
20160529,37696066.79914036
20160530,35265645.60440118
20160531,30953474.2962897
20160601,33569038.65886015
20160602,33240582.19886637
20160603,41027742.99462595
20160604,44016668.46641236
20160605,48058671.420882285
20160606,45127674.79794987
20160607,41796403.82880718
20160608,47950951.63596166
20160609,46345904.663455755
20160610,45693301.2070822
20160611,44681642.355855525
20160612,42299759.865699306
20160613,45102612.365042694
20160614,46901057.05281496
20160615,46237072.00164108
20160616,45449936.67195249
20160617,44049493.18694961
20160618,34899540.85083789
20160619,36296696.12153535
20160620,32308935.77637838
20160621,33142183.77397218
20160622,34813895.74029475
20160623,35628821.27256226
20160624,37915478.37084042
20160625,34991871.69890374
20160626,32889735.989832815
20160627,30475204.847080506
20160628,29153027.878018297
20160629,30639555.117248442
20160630,32282430.184670687
20160701,32249890.283476096
20160702,30373900.07149845
20160703,30472633.312143102
20160704,30029321.203941662
20160705,28872180.320538733
20160706,28694440.069971308
20160707,27358048.190569874
20160708,28261926.857396603
20160709,28210365.043724988
20160710,29331625.65684338
20160711,33118450.47808898
20160712,31647697.730845004
20160713,31594729.85961744
20160714,32486725.458306637
20160715,32788011.89023936
20160716,32083849.18526628
20160717,31399718.330421902
20160718,30896767.687729582
20160719,31388592.557412323
20160720,31810981.156908013
20160721,31569607.52493851
20160722,30664759.749001216
20160723,30868833.539095398
20160724,28589858.908287942
20160725,29046244.013364088
20160726,28603921.55156594
20160727,28096954.69712261
20160728,28078599.33642129
20160729,28447508.107065257
20160730,28240441.447315175
20160731,26703492.137360997
20160801,23590427.201058105
20160802,17510771.129045844
20160803,21369045.51623362
20160804,22884220.72267148
20160805,22465318.200000003
20160806,23227885.14964009
20160807,22180311.06344845
20160808,22502958.527749706
20160809,22446526.183963545
20160810,26051906.79029155
20160811,26125766.859506946
20160812,26092957.70003723
20160813,25724354.33307284
20160814,24174005.88123059
20160815,25635914.33387618
20160816,25309645.049163375
20160817,26668647.89317125
20160818,29293652.5033272
20160819,29095212.48902554
20160820,28506789.022344284
20160821,30762559.237275142
20160822,28614568.66342044
20160823,27097740.46818618
20160824,26140849.312346295
20160825,25670044.418394543
20160826,26591309.32478331
20160827,25900694.881880272
20160828,25699469.91025412
20160829,26864873.371439148
20160830,25374384.058707085
20160831,25314520.46740253
20160901,24555567.275991026
20160902,24775258.903724514
20160903,24252035.971010964
20160904,24181153.69259126
20160905,24975569.341870878
20160906,25487229.175342843
20160907,25736539.11420707
20160908,25223059.776287418
20160909,25601430.636817522
20160910,25299441.770187303
20160911,24400835.666950185
20160912,26737255.29604326
20160913,26154045.940909535
20160914,27196600.808984354
20160915,25115245.64819433
20160916,25805191.663973268
20160917,25696211.431254726
20160918,25560043.853564776
20160919,25320770.28350383
20160920,26019018.330924943
20160921,25041446.216893744
20160922,24440542.769264307
20160923,24192198.681067362
20160924,24624116.319320764
20160925,24393507.80309118
20160926,23649442.799809713
20160927,23662522.771148276
20160928,23670714.367099293
20160929,23570763.53827748
20160930,23831947.77656105
20161001,23201007.888110127
20161002,22789844.86893238
20161003,23837744.728108414
20161004,23359378.95547177
20161005,22717767.407157242
20161006,22194395.275204007
20161007,22137798.08129002
20161008,21886952.429825533
20161009,21500753.7913056
20161010,21586909.972912356
20161011,20983310.147979945
20161012,20756639.218643703
20161013,20153056.95064548
20161014,18937842.676621683
20161015,17917804.345052548
20161016,18023204.125555366
20161017,17926008.232722387
20161018,17787390.99198105
20161019,18076045.268451788
20161020,19002490.425805192
20161021,18757859.68962468
20161022,17718664.307701197
20161023,16907331.157763954
20161024,17976379.02978873
20161025,18812298.649829168
20161026,18747061.04780785
20161027,19002541.44056372
20161028,19118631.785623822
20161029,14874996.593553023
20161030,17300591.028509095
20161031,15384055.723438628
20161101,16229865.030023443
20161102,17869189.6096342
20161103,18721704.083642494
20161104,18313861.682704356
20161105,19898852.555905193
20161106,21077197.378576335
20161107,19971731.666484155
20161108,19149527.324945938
20161109,17923918.454749234
20161110,18418862.974757735
20161111,18182927.42713317
20161112,18247552.48160929
20161113,18218441.68745395
20161114,18387249.87271553
20161115,17540941.126721032
20161116,16729520.993617542
20161117,15930686.491563452
20161118,16492313.742550278
20161119,15861957.596202072
20161120,16550708.89631654
20161121,16733424.762468422
20161122,16319800.8949346
20161123,16336007.34226321
20161124,16207256.027365804
20161125,16257607.64997203
20161126,16178422.026039248
20161127,15693897.84147264
20161128,16756064.312798548
20161129,17871497.4886503
20161130,17311273.211350124
20161201,15961930.197692154
20161202,14696701.287896981
20161203,15252700.924606947
20161204,14920813.7571303
20161205,14164065.556435388
20161206,13766901.229068466
20161207,14725157.944305304
20161208,14102123.227887074
20161209,14174639.629083581
20161210,13594964.64556225
20161211,13604227.455090355
20161212,13636659.28617853
20161213,13543131.068765234
20161214,13328573.555573734
20161215,14066207.40030988
20161216,14100413.655579302
20161217,13419288.185272949
20161218,15031111.714171957
20161219,15383517.756232876
20161220,14498430.564784296
20161221,15169892.857209818
20161222,14764066.88937654
20161223,13906639.463954585
20161224,13529291.616626212
20161225,14024219.71122296
20161226,13663980.541579835
20161227,13383192.957247201
20161228,13059087.277349655
20161229,14519919.601892024
20161230,14705632.118319526
20161231,14641541.193743184
20170101,14806497.019902855
20170102,15783791.847073328
20170103,16033764.574698258
20170104,17126610.372425985
20170105,15554285.748897525
20170106,14222461.816090222
20170107,14631271.188179167
20170108,16069338.214652548
20170109,15050829.915380785
20170110,15073042.329362063
20170111,14476254.413275518
20170112,14004804.765151275
20170113,14263071.98013146
20170114,15047209.250477765
20170115,16412393.826999957
20170116,15791772.657825675
20170117,16111222.207628649
20170118,16100061.729038864
20170119,15838783.963504305
20170120,15682703.485525416
20170121,16060176.78551283
20170122,15986168.266338604
20170123,15890557.00835149
20170124,15112243.49863829
20170125,15249713.394017918
20170126,14930920.05544533
20170127,15057178.966077453
20170128,15856258.046181133
20170129,15942616.264408035
20170130,16572733.936047418
20170131,16512501.04994688
20170201,16699426.552262263
20170202,16229675.312948022
20170203,16259304.766689604
20170204,16286892.935209943
20170205,16597823.910925647
20170206,16422031.418632684
20170207,16669828.477238702
20170208,16519764.56441407
20170209,15670242.080730202
20170210,15201547.734643433
20170211,15588181.539724372
20170212,15508741.750449795
20170213,14797693.31552522
20170214,15283501.48818529
20170215,14809722.359486189
20170216,15026800.014858285
20170217,15263455.161157405
20170218,14308215.671623562
20170219,14114439.279037315
20170220,13725395.114693297
20170221,13515319.396660337
20170222,13465264.280238677
20170223,13963861.704738177
20170224,13852658.841205956
20170225,13643871.384680988
20170226,13578000.962707171
20170227,12921364.167182468
20170228,11747046.128351165
20170301,10553579.320924655
20170302,10893481.076872265
20170303,11320805.478996243
20170304,12068686.847970033
20170305,12523457.12608906
20170306,13099941.883275757
20170307,12534005.979843656
20170308,11402840.98997322
20170309,12372829.480316654
20170310,11428937.0556793
20170311,11638259.414329682
20170312,11722756.997555654
20170313,13564430.618478129
20170314,15516731.941051587
20170315,17815657.697510134
20170316,19905392.41241387
20170317,17650059.21386018
20170318,17683770.224481087
20170319,19187019.72359165
20170320,25591520.18635461
20170321,32036358.486456238
20170322,30411785.180030067
20170323,27744198.325812433
20170324,27044967.71254161
20170325,28703931.032926466
20170326,27833514.2143762
20170327,29976714.802146453
20170328,32843892.498103242
20170329,35149167.88933899
20170330,35074643.58274464
20170331,32303148.797780868
20170401,32527585.371040534
20170402,None
20170403,28910596.87497618
20170404,27097826.631120607
20170405,30327243.0066232
20170406,28211267.97844375
20170407,26249912.106552776
20170408,28820359.060274135
20170409,29019875.97558639
20170410,28620033.470421445
20170411,28263459.938939817
20170412,28679473.88132614
20170413,30364842.679756925
20170414,29855832.865297373
20170415,32456644.944042586
20170416,34047895.2252904
20170417,33697475.89733273
20170418,36524015.625861965
20170419,40297663.28700819
20170420,38995769.189944096
20170421,40865457.37922459
20170422,39107158.835892364
20170423,39776632.89472678
20170424,41238753.03052326
20170425,41730548.03770352
20170426,49708871.69732831
20170427,54810368.73578875
20170428,56023643.46726848
20170429,56353699.95725832
20170430,62672941.40111583
20170501,57172602.8791772
20170502,57325595.851196125
20170503,58027124.78314856
20170504,60650018.97631507
20170505,61718609.82570474
20170506,67466076.8372667
20170507,63967134.72482426
20170508,61267922.96636581
20170509,57745442.03152792
20170510,58961746.724945
20170511,57658160.73561444
20170512,59945022.542828284
20170513,60073160.16516385
20170514,62314365.89034591
20170515,58329538.66373713
20170516,53962844.86412723
20170517,59853944.99256605
20170518,65481231.44020001
20170519,75263495.01410268
20170520,82189078.05634497
20170521,86074051.46885093
20170522,89398949.22417155
20170523,108515750.99195574
20170524,169292769.84161437
20170525,124145303.45441595
20170526,116160879.91365859
20170527,110975225.73820214
20170528,115099345.34026249
20170529,111686161.16349244
20170530,116412120.09785137
20170531,130579715.69500393
20170601,149376013.38744703
20170602,149211643.83019334
20170603,146389867.16048828
20170604,152104979.31778994
20170605,199866884.520587
20170606,230344223.15604866
20170607,246449856.16120982
20170608,337631655.57858366
20170609,410332265.5067545
20170610,386688328.87095356
20170611,422958830.7923447
20170612,357168070.73831105
20170613,398781236.94400305
20170614,366150681.37034553
20170615,333795965.3859242
20170616,331468235.85329306
20170617,347142557.26241785
20170618,347253707.9783381
20170619,354191531.30265844
20170620,374866815.4611805
20170621,353430335.75210613
20170622,362795111.6188343
20170623,363120106.47689515
20170624,357847922.8290762
20170625,336360699.2981171
20170626,306799071.2290744
20170627,295331865.0713645
20170628,319486883.28740096
20170629,298658108.11334944
20170630,276732745.34596205
20170701,254599012.83072868
20170702,283371458.30681956
20170703,272154671.4937937
20170704,275798781.7229031
20170705,271017084.7662671
20170706,276508403.3332502
20170707,248567108.89475152
20170708,244092178.09506327
20170709,227715306.486397
20170710,178221656.51723516
20170711,159832967.39407873
20170712,191382117.2000539
20170713,196781399.20288444
20170714,171393687.48403373
20170715,156052079.62339696
20170716,154273609.85056236
20170717,191750714.79763132
20170718,196881112.2806767
20170719,180132752.88788143
20170720,208562031.16987488
20170721,205436212.23610327
20170722,250833604.8549008
20170723,233667086.20195928
20170724,244335673.4379247
20170725,224097649.69895855
20170726,211241883.5062018
20170727,215129149.78459966
20170728,198731670.55726936
20170729,207817705.91670275
20170730,197452594.3335527
20170731,208418874.35135344
20170801,227328273.79783413
20170802,226692165.75608176
20170803,228311223.35869431
20170804,228718019.52656397
20170805,240455044.5240983
20170806,236690413.24852103
20170807,234027832.51931974
20170808,261871277.70893222
20170809,251679040.26725882
20170810,236366909.95876375
20170811,236656264.9767978
20170812,249911109.16927695
20170813,247544201.05183926
20170814,245056567.2885619
20170815,239745923.36226133
20170816,242185059.7409687
20170817,241873460.82987148
20170818,221909786.59716183
20170819,322175094.3484396
20170820,393949125.6390861
20170821,304296579.2748968
20170822,318837195.1404019
20170823,333360608.5174397
20170824,393136055.43039954
20170825,466827760.94439083
20170826,630121679.6052771
20170827,728612756.1924928
20170828,680052988.9183248
20170829,645699903.9153283
20170830,672400639.6625845
20170831,791227185.7498436
20170901,826987104.228093
20170902,739015055.4403683
20170903,796218556.296976
20170904,647971304.1307932
20170905,684168155.1851435
20170906,770380811.5595945
20170907,829791862.3507142
20170908,761051430.5415801
20170909,754658593.6636013
20170910,712048080.173427
20170911,741671205.2681295
20170912,779637696.8109814
20170913,737538062.4189578
20170914,475333092.79356706
20170915,609980281.7069374
20170916,609043719.7999599
20170917,602934009.8297265
20170918,741464799.9311128
20170919,696453342.9593552
20170920,677589914.7320158
20170921,606943676.3446618
20170922,652378869.6736784
20170923,661855276.499335
20170924,647585827.0291406
20170925,680097467.3191328
20170926,681823394.1201899
20170927,702424471.3478622
20170928,668740090.9053284
20170929,639477741.5750625
20170930,653135372.8471156
20171001,616831667.8265997
20171002,608716019.1385443
20171003,641134203.6160403
20171004,625570250.8638864
20171005,609131245.4850948
20171006,602102477.2567452
20171007,581378928.1038285
20171008,524430016.8433355
20171009,530011820.13710797
20171010,562810981.0583212
20171011,604164300.8521198
20171012,556885149.9835832
20171013,550960944.0880088
20171014,528182170.0526303
20171015,555760808.0407869
20171016,558750745.1709273
20171017,583877372.8843904
20171018,587625816.9132916
20171019,565641101.7214632
20171020,554163332.5332617
20171021,535153289.05137855
20171022,541689798.6462805
20171023,546848493.3389895
20171024,630864621.5217024
20171025,591633863.2040393
20171026,574977381.602774
20171027,569358999.2724979
20171028,533704074.39784354
20171029,552927732.8299304
20171030,558400774.7866578
20171031,536357603.56920594
20171101,512750821.6288701
20171102,501492520.5155567
20171103,520068824.19902563
20171104,526137278.30587345
20171105,513610801.0830109
20171106,533931712.04893076
20171107,587582774.7505634
20171108,689980395.93772
20171109,744135755.6794556
20171110,652682656.2012823
20171111,663532352.031126
20171112,635483124.4357384
20171113,719685356.3868703
20171114,814638831.238157
20171115,975914255.018101
20171116,989851370.098644
20171117,973488159.111646
20171118,1069930822.71049
20171119,1107535755.2812
20171120,1127910055.08953
20171121,1113620507.06488
20171122,1008853783.3713
20171123,887530705.605075
20171124,915347615.090554
20171125,928400626.090381
20171126,872926989.869462
20171127,920694360.477207
20171128,935253563.518198
20171129,819421746.234146
20171130,895711232.739223
20171201,903909533.992331
20171202,906024942.871955
20171203,906101942.805327
20171204,1016185880.4891
20171205,1162150117.80282
20171206,1078607003.00027
20171207,933658787.99144
20171208,974973467.673542
20171209,969571055.798461
20171210,926776318.281612
20171211,961012371.140135
20171212,1065831184.72976
20171213,1106756274.21821
20171214,1260854435.53372
20171215,1195894194.47397
20171216,1229358978.80604
20171217,1597113419.75548
20171218,1968356204.25602
20171219,2010755976.71142
20171220,2332825496.3047
20171221,2953469474.4993
20171222,2235443077.0109
20171223,2540769454.1715
20171224,2414329139.62411
20171225,2830149043.71882
20171226,3047958630.60243
20171227,2925460146.89147
20171228,2817159932.29086
20171229,2765506433.84146
20171230,2386539879.20546
20171231,2537503163.9544
20180101,2564699792.5285
20180102,2645446030.78447
20180103,2525217893.7263703
20180104,2643679483.260954
20180105,3043759709.9082203
20180106,3859572562.8350425
20180107,4077898515.6640186
20180108,3825169024.971818
20180109,3715331651.7026806
20180110,3524739330.851136
20180111,3083066692.3001933
20180112,3632425721.2241783
20180113,3634662567.239348
20180114,3417611474.653824
20180115,3336574823.1994276
20180116,2526183490.4547253
20180117,2671837029.3327374
20180118,2737394445.4902344
20180119,2750354328.700411
20180120,3092503898.599196
20180121,2653722624.713172
20180122,2541587803.2123566
20180123,2581870137.828733
20180124,2580307938.7217493
20180125,2663043858.3587046
20180126,2483005572.0363817
20180127,2715314982.2559667
20180128,2724885170.4216657
20180129,2644480625.273782
20180130,2639300018.005478
20180131,2536869319.556738
20180201,3079699420.1577406
20180202,2602981984.3424015
20180203,2510789493.125178
20180204,2664343775.671432
20180205,2359241674.588041
20180206,1743470417.0872483
20180207,2116502393.5558727
20180208,2157442063.276489
20180209,2723451280.4952526
20180210,3179246619.7367425
20180211,3200416037.273253
20180212,3010750551.7393527
20180213,3329184412.25719
20180214,3040076982.1974053
20180215,3343085425.81183
20180216,3702384760.148837
20180217,3745098996.471317
20180218,3845470960.488347
20180219,3425724717.812492
20180220,3032776737.0015626
20180221,2593603482.6071577
20180222,2178768996.28028
20180223,2184174267.6689367
20180224,2276289072.208647
20180225,2108211349.9832153
20180226,2056068609.757325
20180227,2132169772.9353702
20180228,2060058162.725616
20180301,1905902713.8134944
20180302,2042028269.086369
20180303,1982357516.7541988
20180304,1912694993.9371781
20180305,1893785103.0864925
20180306,1889737814.8706183
20180307,1724637970.6762958
20180308,1604714577.2275941
20180309,1551473614.8335497
20180310,1588528275.2092545
20180311,1473171325.43527
20180312,1522125159.0789168
20180313,1469736058.164353
20180314,1455285375.3439252
20180315,1196533610.7458358
20180316,1313645486.9989972
20180317,1395729878.148038
20180318,1276700207.3237371
20180319,1261746574.1896574
20180320,1330638843.811881
20180321,1405481771.8812819
20180322,1395417487.1267004
20180323,1290637031.234068
20180324,1237635208.2168715
20180325,1229267191.1315033
20180326,1214995438.0741625
20180327,1132015302.4943016
20180328,1023532292.5240213
20180329,999033951.4502054
20180330,826495045.3565761
20180331,775382175.0526433
20180401,783767438.7449485
20180402,738891331.2067294
20180403,811627193.9234427
20180404,1057025975.6875886
20180405,864724644.1010474
20180406,894996598.8155117
20180407,857385481.2910795
20180408,889972993.9701836
20180409,943101029.2818401
20180410,898330201.4712242
20180411,889457601.9164953
20180412,898477380.6732303
20180413,1002273251.4277322
20180414,1010069571.6874845
20180415,1020562687.7219557
20180416,1075871847.4269712
20180417,1113104842.3592372
20180418,1090169840.431107
20180419,1171669968.1747952
20180420,1237814478.7190597
20180421,1271122348.1657698
20180422,1220993032.9507215
20180423,1212292177.913177
20180424,1292702676.2853634
20180425,1384206428.3809385
20180426,1165191361.0875523
20180427,1230875998.5534441
20180428,1179240598.7498002
20180429,1233582700.5192165
20180430,1356576971.5585716
20180501,1380500717.76586
20180502,1387875036.1439126
20180503,1483593091.4235334
20180504,1493771524.0778375
20180505,1441098931.5867105
20180506,1422051326.210767
20180507,1404338022.0428784
20180508,1338982262.6478195
20180509,1279832341.0102339
20180510,1241774038.8049157
20180511,1169454649.652764
20180512,1059509039.1231611
20180513,1070237200.0140605
20180514,1162147577.5803018
20180515,1177959407.1357207
20180516,1108753077.5423946
20180517,1093070827.5256648
20180518,1080884264.4445384
20180519,1109738388.6708348
20180520,1113275267.9517205
20180521,1190232078.8263183
20180522,1154909362.0969512
20180523,1045495359.2988495
20180524,977257207.602451
20180525,993852036.1388738
20180526,949808581.8983302
20180527,932046658.487954
20180528,933580911.5181167
20180529,843572906.7368417
20180530,941508269.6473829
20180531,902377606.1095479
20180601,908366621.6465577
20180602,918704582.1457915
20180603,988215466.9263753
20180604,1056539619.6093798
20180605,965015426.5891716
20180606,967462184.5369849
20180607,935242834.0236839
20180608,923017219.7021259
20180609,911502374.0405815
20180610,876633329.1802679
20180611,759671784.6690476
20180612,774425612.1700726
20180613,722210446.5341587
20180614,678601965.5071452
20180615,742143080.4278363
20180616,696537132.7414685
20180617,700372279.1699365
20180618,665973735.886742
20180619,683580922.363525
20180620,691329079.3158716
20180621,677857078.3962557
20180622,664038186.4012482
20180623,575760377.1084394
20180624,606742535.119399
20180625,586612979.5811528
20180626,598588484.2231975
20180627,566302401.2036804
20180628,567254868.7802622
20180629,528516199.5236956
20180630,538280222.5489409
20180701,572861259.0834711
20180702,578261254.5259217
20180703,637778208.109383
20180704,607635275.3964945
20180705,623810866.8455837
20180706,601926186.2357178
20180707,609893866.3973719
20180708,604319597.9359499
20180709,598274128.1082706
20180710,583029659.6262139
20180711,543012440.0086468
20180712,551939385.0996207
20180713,524390388.6526292
20180714,527703584.53369117
20180715,528014736.089645
20180716,538280428.6880699
20180717,586052998.4768913
20180718,611542300.8395927
20180719,617543177.849386
20180720,578524476.2676829
20180721,534477677.7785291
20180722,540406467.6533514
20180723,546209527.3700895
20180724,520813570.7345266
20180725,541494798.8163794
20180726,544675531.7397585
20180727,523202965.6682538
20180728,526059973.60567135
20180729,540351502.6522264
20180730,554348114.440629
20180731,533203557.35006887
20180801,498158544.57191706
20180802,488757917.08817023
20180803,473256643.7116821
20180804,455268719.45581335
20180805,425856196.5937889
20180806,428522298.9203033
20180807,420540951.5538405
20180808,445714471.5737143
20180809,417373076.7715731
20180810,415165601.91777575
20180811,374842959.67201066
20180812,357077730.3925139
20180813,352021502.282833
20180814,353554517.4602252
20180815,322866190.43681043
20180816,365882001.1467824
20180817,465990119.119648
20180818,493986152.1568122
20180819,461643335.3995343
20180820,476492477.2715987
20180821,466245088.6105219
20180822,509877954.3035738
20180823,475579572.39378613
20180824,576051491.2689985
20180825,629960191.7627636
20180826,623950491.862564
20180827,604955348.5936074
20180828,632853789.2467933
20180829,621938200.4036517
20180830,611773953.3780379
20180831,574477431.1275152
20180901,576182836.9183847
20180902,585826024.2975918
20180903,578908616.9818901
20180904,548544276.4704838
20180905,553708344.4398364
20180906,473242010.5908927
20180907,479572886.80461353
20180908,450941759.4357636
20180909,425944052.1623739
20180910,466884278.2776667
20180911,456617444.3978224
20180912,411149997.55269086
20180913,408907296.103128
20180914,435157064.0829756
20180915,426367160.23081976
20180916,425317465.3808687
20180917,443645869.2606533
20180918,427032152.5370559
20180919,431701969.0970216
20180920,425143727.66561157
20180921,422234687.91961277
20180922,433605368.54955596
20180923,424810145.7150374
20180924,441927644.5883066
20180925,420719864.93464136
20180926,414926042.255253
20180927,409573053.95950824
20180928,425319093.5665833
20180929,424412621.81438893
20180930,428577983.7081135
20181001,430009818.1680806
20181002,429659676.56419706
20181003,426206522.71558315
20181004,413695560.73927695
20181005,421211473.4769771
20181006,421045532.95769966
20181007,416422510.9943734
20181008,418854851.89877
20181009,421657242.0109183
20181010,418784557.8237177
20181011,428813989.7328162
20181012,390268104.5610144
20181013,377097827.2044945
20181014,370734677.1794142
20181015,362106787.9661714
20181016,372109432.1556037
20181017,385025021.6270452
20181018,380725394.9196292
20181019,369469403.5342057
20181020,368265773.1956352
20181021,372241643.89710164
20181022,369044133.8216368
20181023,382183125.56601155
20181024,381811765.89734274
20181025,380262895.6036735
20181026,370737629.1999213
20181027,371733537.86170447
20181028,359348671.7645865
20181029,362004015.96469665
20181030,346948190.80961347
20181031,351752297.29842603
20181101,351636094.22408617
20181102,350000162.88190687
20181103,351678308.8762312
20181104,349719931.4021379
20181105,352514781.22468907
20181106,365797897.4175831
20181107,363438480.2383496
20181108,366593303.9693614
20181109,355785979.743003
20181110,352727385.30216885
20181111,351813322.0795946
20181112,347931260.05102354
20181113,355718960.88656396
20181114,335016781.0569897
20181115,293982273.2692003
20181116,282627763.9973382
20181117,274649738.40836364
20181118,266554481.13376907
20181119,267770469.2631926
20181120,216926447.2047937
20181121,193350523.19870326
20181122,207886424.55319595
20181123,198318293.548408
20181124,194930555.54248288
20181125,174062520.4216052
20181126,179808402.1129524
20181127,168255690.4475159
20181128,176076425.22831652
20181129,200825959.29013404
20181130,195174338.7820999
20181201,178943985.42612645
20181202,191576915.34856698
20181203,187698835.66386172
20181204,172712527.68053865
20181205,178666686.12962484
20181206,170555297.57504302
20181207,155017100.15757695
20181208,152608422.85528892
20181209,153323242.46850753
20181210,158743679.36105967
20181211,151676280.98832306
20181212,149932347.9775883
20181213,152059408.720169
20181214,144048845.79522
20181215,142183759.78985456
20181216,143265757.07334247
20181217,144503028.24936676
20181218,158102830.87564263
20181219,168987946.98148435
20181220,183971527.02808303
20181221,197123893.34195927
20181222,177621361.7080649
20181223,185809994.9959587
20181224,190761143.6202144
20181225,191143027.24509722
20181226,184893103.43979675
20181227,185757251.17464393
20181228,171968779.14969483
20181229,187264588.36231193
20181230,182924619.51879734
20181231,182622513.3916171
20190101,166663241.7454682
20190102,172787040.1847502
20190103,176712314.6331194
20190104,171349373.95538813
20190105,172011827.11573526
20190106,171858539.94856104
20190107,182394034.27979943
20190108,174374825.03621885
20190109,174811896.53062734
20190110,177391209.46110857
20190111,155818613.34875426
20190112,154631389.76859203
20190113,157235304.37133572
20190114,148922220.15652856
20190115,156441413.9272985
20190116,151141981.84105483
20190117,153930974.2605219
20190118,158850676.80279064
20190119,158879179.2318404
20190120,162550616.43916157
20190121,156036600.58801162
20190122,157540813.8802475
20190123,159790698.22702566
20190124,158399661.1437765
20190125,160576708.6017528
20190126,157396811.82978103
20190127,156926945.23221794
20190128,153722016.35854712
20190129,145738664.3805397
20190130,141772794.8775758
20190131,144972866.4984968
20190201,141111980.92305896
20190202,141041817.31523347
20190203,143743856.60056418
20190204,143815942.88317934
20190205,143181918.49145025
20190206,142238513.55509293
20190207,137601963.02065033
20190208,137177946.0755667
20190209,147764920.45552814
20190210,148207536.7999595
20190211,151344443.66985905
20190212,152204149.28847077
20190213,150225802.4314866
20190214,149053933.5654503
20190215,145999745.30620545
20190216,147835528.2235035
20190217,152278553.67933974
20190218,160457355.15628392
20190219,164961098.1584473
20190220,160938970.1877788
20190221,163267245.52641618
20190222,159786725.18216658
20190223,165609839.52928302
20190224,167144076.35704523
20190225,152126197.4553015
20190226,154206360.32710776
20190227,158037254.9678249
20190228,157479163.6887789
20190301,157693331.30902433
20190302,157548719.6439967
20190303,158295494.99406588
20190304,157478175.22583085
20190305,152372135.17430228
20190306,163563459.84073344
20190307,164314348.84987712
20190308,169556468.93335137
20190309,163826624.6290648
20190310,168147085.5663657
20190311,166143075.3464066
20190312,166149039.42475855
20190313,180794761.12566987
20190314,178677195.2141973
20190315,206499897.68504977
20190316,200837258.8487121
20190317,197946711.14576882
20190318,200448518.25929865
20190319,194871960.98966923
20190320,197084114.5176483
20190321,199365856.88666847
20190322,193515014.46204135
20190323,194941951.2903179
20190324,197544175.81314978
20190325,200103618.27537113
20190326,196742086.32913756
20190327,197433245.93470427
20190328,214573391.48143646
20190329,211768478.2302032
20190330,220268681.10262066
20190331,229037047.67801967
20190401,226877372.41323167
20190402,229529761.1979479
20190403,250819903.0107562
20190404,267018954.93388623
20190405,277479854.8753079
20190406,285760064.17796874
20190407,274613172.00529397
20190408,278699225.36882454
20190409,273391929.37373096
20190410,263719792.26891497
20190411,268599627.93956184
20190412,247668613.0890318
20190413,255220957.90194592
20190414,258921289.85804787
20190415,262973714.17391193
20190416,254086290.84246427
20190417,268122940.37780046
20190418,264921776.08596262
20190419,268420811.05083624
20190420,266970556.46749657
20190421,267053338.1553321
20190422,260885368.84967396
20190423,263822318.50861335
20190424,257263938.14969277
20190425,244824352.3551257
20190426,230019176.4972646
20190427,230793083.5439391
20190428,234140965.0029158
20190429,226568840.69546372
20190430,221780851.12331533
20190501,226340033.19717926
20190502,227714916.01347002
20190503,227744673.20711103
20190504,233448229.4524804
20190505,229897324.7416987
20190506,218997908.3920337
20190507,224060426.95658702
20190508,218346185.17339605
20190509,222343138.887407
20190510,233751603.04065466
20190511,237058044.67203018
20190512,266210587.74472994
20190513,234778130.68325368
20190514,239229204.6850316
20190515,249586169.17817026
20190516,275905345.4385707
20190517,283530272.72662866
20190518,262813771.15371215
20190519,255832007.73488092
20190520,272003357.3876541
20190521,264442229.9495899
20190522,267555195.63962877
20190523,246821464.3910785
20190524,248537510.5772749
20190525,253622456.94969878
20190526,260995439.3881518
20190527,267712660.4328939
20190528,273208620.45550185
20190529,279388508.862736
20190530,279077696.2070218
20190531,261522327.0043191
20190601,274789700.69792366
20190602,276102052.2847942
20190603,283257749.3423056
20190604,265543652.53622484
20190605,255994635.42431852
20190606,261299303.8632791
20190607,261048506.55458727
20190608,282440119.98460054
20190609,273123169.67202634
20190610,252801478.41483107
20190611,272855098.47454154
20190612,275805522.15670526
20190613,277743330.99745244
20190614,268977037.8034507
20190615,269876494.6717096
20190616,263067046.66361338
20190617,278019993.0896576
20190618,274990952.82064235
20190619,272871655.70343494
20190620,274911393.3020408
20190621,269635838.1338839
20190622,280719001.44149345
20190623,282308448.1419811
20190624,279357614.1007028
20190625,280334544.70571095
20190626,279681046.1926748
20190627,268027136.36369887
20190628,247362407.50453454
20190629,255609014.9240404
20190630,254629427.8437799
20190701,239146526.2084072
20190702,235804591.95646304
20190703,234911732.29347146
20190704,232998977.9835434
20190705,216738550.1011992
20190706,220043099.75508237
20190707,224847186.21376568
20190708,227926758.27150452
20190709,224687304.99348882
20190710,214670580.45419577
20190711,203176590.60934716
20190712,186341704.59880993
20190713,197281429.39996848
20190714,190312478.59884405
20190715,167802420.0109235
20190716,172345359.52881756
20190717,143675717.53376713
20190718,163696076.9552604
20190719,175450775.64028108
20190720,176262911.28523508
20190721,200976085.9300191
20190722,197556130.32498458
20190723,202187346.57860038
20190724,220103927.86957523
20190725,217103974.0413307
20190726,213656482.07705674
20190727,208667118.6179937
20190728,195307872.76714602
20190729,188003855.57931474
20190730,186804740.86790854
20190731,185482673.81791502
20190801,187137270.3356036
20190802,176131945.19987205
20190803,179713009.1577147
20190804,176558723.90745136
20190805,175344641.11172342
20190806,172691337.22672713
20190807,169378153.54291496
20190808,170490462.53642672
20190809,175215760.4764351
20190810,170429677.99746367
20190811,164980135.29416168
20190812,173626860.25200003
20190813,166128264.17949572
20190814,167178459.88718784
20190815,154282004.27842587
20190816,158352423.8143727
20190817,159800422.32197666
20190818,168220310.2928782
20190819,165467444.67310852
20190820,171794151.10221472
20190821,162700257.41011316
20190822,162245268.87579525
20190823,163697587.2641619
20190824,165584966.77388093
20190825,160258885.72449985
20190826,158887756.6154306
20190827,160834076.77100822
20190828,159872657.85598302
20190829,149800300.29234415
20190830,151767572.5768296
20190831,149227112.80815646
20190901,149598466.82256132
20190902,150907745.86278102
20190903,153166353.97050261
20190904,152852403.16227347
20190905,148220279.94861892
20190906,140237346.58599228
20190907,137237183.8135527
20190908,144190816.35480264
20190909,143240621.6295447
20190910,141544185.2293912
20190911,135659905.9635961
20190912,129944124.43010148
20190913,128398080.43371487
20190914,124118963.2464958
20190915,131226433.1406509
20190916,129453486.72199595
20190917,126822492.90493636
20190918,132959667.93084568
20190919,140518185.09779936
20190920,134896733.71140024
20190921,136327294.1965019
20190922,136323785.84578618
20190923,129935403.19712451
20190924,126196890.50867954
20190925,114729557.97983463
20190926,120669024.86476587
20190927,113294204.179239
20190928,114627784.89412048
20190929,116232410.48373786
20190930,108581637.0518688
20191001,113262542.62583192
20191002,119061143.04770124
20191003,119427942.1770024
20191004,120331839.7272324
20191005,119175522.5062334
20191006,116231816.75809103
20191007,114418469.34085554
20191008,126080095.17984994
20191009,124042320.12921557
20191010,122772334.96658225
20191011,120956593.06409486
20191012,114925068.52963077
20191013,114361070.09029269
20191014,111394088.19138537
20191015,110239475.73565288
20191016,107172912.59119388
20191017,102255261.27573238
20191018,106994506.5335756
20191019,105867195.89565754
20191020,103607079.43950517
20191021,106180175.71176606
20191022,103530155.11018525
20191023,101044720.82275388
20191024,92848615.52986363
20191025,95274179.13363548
20191026,101963134.72806635
20191027,105236668.9577357
20191028,108609997.25345819
20191029,109086396.97104083
20191030,107937676.79943739
20191031,107379109.23591593
20191101,107998364.19259144
20191102,109800965.69115001
20191103,108330415.68350706
20191104,108572988.43356961
20191105,108367838.37942187
20191106,109153927.08897161
20191107,111979197.5148908
20191108,108433519.5411114
20191109,103727004.51638314
20191110,104969244.80245554
20191111,106941641.06585924
20191112,103560036.38833077
20191113,102986522.46952271
20191114,102906861.32663597
20191115,105193384.90909205
20191116,102356405.9142211
20191117,106705084.83561015
20191118,107223140.41000044
20191119,112479909.64557998
20191120,103525395.67235035
20191121,102463538.8325117
20191122,94998009.54158458
20191123,94091955.22321503
20191124,96955710.28774983
20191125,89178245.90793452
20191126,90173242.35599542
20191127,91094421.38615352
20191128,93978237.060001
20191129,92953070.19026192
20191130,96343087.84232318
20191201,95289009.57838377
20191202,93106567.54499638
20191203,91698351.90461609
20191204,91084942.77937822
20191205,90184674.45047523
20191206,95761975.73704502
20191207,93637677.026503
20191208,92935010.94858778
20191209,93335890.28132744
20191210,91272586.73859605
20191211,87784374.99809372
20191212,88600864.28244539
20191213,88654152.96504657
20191214,86134423.18209627
20191215,81566213.33259723
20191216,79056797.68846123
20191217,73978348.8039118
20191218,65085629.07236303
20191219,75801630.5854579
20191220,70394035.52229483
20191221,73654434.43644731
20191222,71763377.34588662
20191223,74281923.30559658
20191224,77983698.4096565
20191225,76035710.33279839
20191226,75841007.97312772
20191227,79060974.35254458
20191228,79813993.76193166
20191229,79424666.81058373
20191230,77851733.78446595
20191231,78548410.18322311
20200101,76664328.64215504
20200102,75469661.28481646
20200103,72315127.36225997
20200104,76863095.58423474
20200105,77239652.96554862
20200106,78431479.12936139
20200107,81080627.5991907
20200108,80035430.70125033
20200109,76368944.59296438
20200110,89691921.68978181
20200111,85571591.59582072
20200112,83805080.4974091
20200113,84745433.20570734
20200114,84315811.6466297
20200115,89581329.29255457
20200116,94137415.62289129
20200117,93639042.05491275
20200118,106918071.89274986
20200119,98819889.93342857
20200120,95661016.9531865
20200121,94509808.3052522
20200122,98630138.04120858
20200123,100856268.88231748
20200124,104598951.26897547
20200125,104336522.42636047
20200126,108007936.43922248
20200127,108781524.13235249
20200128,105539494.26970334
20200129,113447684.53916018
20200130,122168082.05412015
20200131,150183868.33910254
20200201,141910497.6922113
20200202,143095133.74306533
20200203,134637406.10342357
20200204,144953685.9735742
20200205,167405885.64108443
20200206,188562640.91277096
20200207,186679689.2468283
20200208,203461754.41626093
20200209,232391443.70136762
20200210,285757042.2422903
20200211,286567076.24456286
20200212,282731975.0516471
20200213,272988897.2813708
20200214,245199229.30914447
20200215,262908816.75009316
20200216,250902925.45298952
20200217,260928069.6599112
20200218,244444288.65254545
20200219,251964651.44084084
20200220,228235003.6274257
20200221,217006421.98067462
20200222,207934812.45489237
20200223,196485763.66493878
20200224,225508449.1151449
20200225,209807161.12762722
20200226,184529147.68080857
20200227,184322626.94051203
20200228,176733100.85302293
20200229,182036221.3934519
20200301,179353741.78304055
20200302,188136660.79588306
20200303,193357346.16654938
20200304,187840045.03858206
20200305,185888197.22735822
20200306,192176702.73957428
20200307,203106850.24941802
20200308,190545959.0065141
20200309,162417205.63023642
20200310,154632964.30246082
20200311,170376275.57896662
20200312,165862385.83487236
20200313,92419436.87091497
20200314,113988694.86446495
20200315,104793120.54096615
20200316,118451824.79194668
20200317,111313876.81512968
20200318,134677136.18044055
20200319,146437732.16040125
20200320,158879760.81875962
20200321,148107296.21923676
20200322,142192881.28712875
20200323,131969190.31284699
20200324,143676932.99311393
20200325,145880937.83911115
20200326,141534971.09426543
20200327,141815996.00576296
20200328,139631347.96460697
20200329,135756420.23698252
20200330,125874181.26702838
20200331,132835470.55492094
20200401,134234300.17787036
20200402,135049141.18888885
20200403,136289835.92153168
20200404,135214862.3644168
20200405,135692020.55260238
20200406,135405108.02055493
20200407,143810089.11009392
20200408,143641241.00014943
20200409,145839292.77726448
20200410,145163062.82000312
20200411,134760412.84300533
20200412,135111078.1074159
20200413,137118120.20286655
20200414,134468693.08316562
20200415,139471426.81347343
20200416,142781804.61278546
20200417,145709053.40818965
20200418,145501288.89239472
20200419,148153788.44040143
20200420,145027774.71482393
20200421,139003660.12461036
20200422,136326106.71270433
20200423,142022735.6699219
20200424,142266218.2049383
20200425,145814116.36339137
20200426,146214053.66826183
20200427,147920664.2873304
20200428,163072638.19412786
20200429,177617775.6206652
20200430,179307427.0221205
20200501,169438501.90311408
20200502,171979317.9209494
20200503,177721924.35756123
20200504,171496612.29503086
20200505,169736258.50479695
20200506,169221607.7689681
20200507,167794285.7934757
20200508,169303890.34586382
20200509,172295563.79750538
20200510,166996447.21768522
20200511,151044627.00795925
20200512,145142411.84288228
20200513,150491590.12095425
20200514,160077183.3603225
20200515,159093522.86969918
20200516,153787098.60964504
20200517,154607836.11066535
20200518,156993468.000251
20200519,159489723.91957927
20200520,160499365.5528353
20200521,158970568.26057774
20200522,154840230.06764692
20200523,170971035.53904858
20200524,171265566.84533456
20200525,161352207.48986942
20200526,167165574.73003325
20200527,173012662.3306865
20200528,170324895.01487327
20200529,171551653.08422413
20200530,168677074.20021936
20200531,171813856.28829426
20200601,168121815.76650193
20200602,173541948.72905004
20200603,168027552.0918209
20200604,174118270.3613277
20200605,186652234.05407384
20200606,190058515.76467416
20200607,186062909.83921653
20200608,183056851.93780333
20200609,187734218.99156457
20200610,181858009.43435624
20200611,182103614.4162501
20200612,165609817.1513833
20200613,171762929.98537782
20200614,172450538.07537147
20200615,168606116.0024166
20200616,167575553.87285987
20200617,170228202.5807611
20200618,171982357.4608672
20200619,176192989.88179475
20200620,170576089.3418862
20200621,171786842.35124364
20200622,170823770.6461904
20200623,175567383.10236308
20200624,174680704.52159348
20200625,167398466.9429355
20200626,164715543.77106714
20200627,161189352.04052433
20200628,153415260.13351873
20200629,159482893.440873
20200630,159095351.8194892
20200701,160308717.7953255
20200702,162798934.8079656
20200703,160127559.11160582
20200704,157470592.0355763
20200705,159336165.3888989
20200706,155789846.3022485
20200707,160821518.32088494
20200708,161765556.2275801
20200709,173323963.5571728
20200710,167816615.95840782
20200711,167453499.7829915
20200712,172500156.92476895
20200713,175614910.17154783
20200714,172386343.06994018
20200715,172890616.6355271
20200716,171279368.59836856
20200717,166040649.16766346
20200718,166142577.36489964
20200719,173543828.41680077
20200720,172207713.43852302
20200721,177161501.1895434
20200722,180521626.3238532
20200723,179474509.08825567
20200724,180057184.06627262
20200725,175435723.02077356
20200726,179912695.43582067
20200727,177907650.41040105
20200728,174472161.13539356
20200729,176725484.56855574
20200730,179119897.36728334
20200731,178449753.3685068
20200801,179164620.22240266
20200802,186237289.3512906
20200803,174954582.14252543
20200804,178542336.59304813
20200805,179747470.8891459
20200806,186612027.20473528
20200807,195643185.10230908
20200808,198302051.9466858
20200809,220702868.63168538
20200810,215274134.80703416
20200811,216923333.0125823
20200812,203160016.37670967
20200813,210437947.2314417
20200814,235463213.71676248
20200815,242745397.08389574
20200816,236673567.8808204
20200817,256315661.1523767
20200818,251067671.02413872
20200819,239891566.5685415
20200820,223840976.43783978
20200821,247102149.88886538
20200822,260419134.05271605
20200823,270927159.6955336
20200824,263039976.12272725
20200825,269575213.482737
20200826,243492136.27315253
20200827,254367921.522564
20200828,231301941.78802523
20200829,252058401.1458861
20200830,261068000.35157233
20200831,253090603.6910586
20200901,255992892.78271008
20200902,263719980.15333477
20200903,248099286.52069575
20200904,202375654.57084757
20200905,212941735.63261467
20200906,192615460.82594955
20200907,195173060.87134764
20200908,198514944.6676213
20200909,189606281.1183942
20200910,199300307.60943842
20200911,205987208.14157328
20200912,204932477.14414698
20200913,210139735.8151311
20200914,199302542.01142132
20200915,206670702.27703187
20200916,194656328.6409786
20200917,193412227.74374062
20200918,195482219.5068934
20200919,193878636.6403957
20200920,198599158.30695844
20200921,190613443.66307056
20200922,171845251.996149
20200923,169591534.49160492
20200924,159424098.00715196
20200925,170983104.5038674
20200926,169473113.3518341
20200927,173125665.54823324
20200928,170532158.87809312
20200929,169629460.18853605
20200930,168211188.2811913
20201001,167312565.0828586
20201002,162020629.91500625
20201003,157427848.13245052
20201004,157918517.31278706
20201005,160574264.3475355
20201006,158122253.73910606
20201007,152292522.51047316
20201008,150058558.94827574
20201009,155215231.5090828
20201010,162857242.27248496
20201011,165827517.43504456
20201012,167458977.67808655
20201013,165234683.81161228
20201014,162572465.9236294
20201015,159143256.82856637
20201016,157492258.5869412
20201017,151253837.60972267
20201018,152196596.7102684
20201019,156912464.9097932
20201020,156608965.79756063
20201021,152347959.4159708
20201022,156219411.78147075
20201023,158707505.53408527
20201024,158628957.53013098
20201025,159785373.38587585
20201026,160005319.981019
20201027,153748951.8178223
20201028,154996047.4484851
20201029,151663954.9427112
20201030,149621756.9936993
20201031,147987056.2121392
20201101,146153165.51425546
20201102,145129457.92680117
20201103,142182578.96734425
20201104,142232690.370266
20201105,140703379.9484891
20201106,144888860.6599976
20201107,162967020.09775177
20201108,153761377.68678707
20201109,157653243.41997555
20201110,157775542.38816267
20201111,162340119.18745336
20201112,157081899.7481381
20201113,156828215.35933885
20201114,160184071.01551157
20201115,156383543.56188196
20201116,153186925.975934
20201117,153865029.4979551
20201118,161825716.48857936
20201119,168307542.4142922
20201120,166393284.33152568
20201121,169033752.27165338
20201122,182197836.60541034
20201123,176105863.40232694
20201124,188827048.9394761
20201125,218654071.32376325
20201126,203242108.31655937
20201127,175149040.3699696
20201128,175368493.011329
20201129,180824044.76717383
20201130,180735622.50874415
20201201,190253899.69354746
20201202,192681751.27476057
20201203,200666227.0819658
20201204,200793895.92536268
20201205,186468788.83559886
20201206,193529472.8806713
20201207,190256210.961089
20201208,192585969.16859353
20201209,178064563.69576955
20201210,176393419.43195012
20201211,174109052.74453795
20201212,171611533.17657685
20201213,179667978.46030796
20201214,179793463.492377
20201215,179999462.9442387
20201216,182048109.67200586
20201217,186203534.12123868
20201218,185139228.43844467
20201219,194700180.16299492
20201220,202014994.6905859
20201221,193385585.46681345
20201222,182579512.81718123
20201223,182359333.6298479
20201224,161434287.8117166
20201225,171610957.68093365
20201226,172936775.4441639
20201227,170745987.61389136
20201228,173039562.30501
20201229,172057542.88733503
20201230,164975145.25369623
20201231,164830276.9185692
20210101,163595062.71954188
20210102,165029469.64936888
20210103,163205517.17702392
20210104,177548733.49174964
20210105,168966591.8393709
20210106,176451538.17394575
20210107,195838633.2462508
20210108,193221967.4554845
20210109,188982711.65976787
20210110,209984714.34280744
20210111,205201413.26009116
20210112,178591114.3219475
20210113,178176284.77726635
20210114,189253384.8181377
20210115,193843979.61158302
20210116,186298423.4725155
20210117,196783496.11930203
20210118,199909570.8334016
20210119,205075176.38807678
20210120,199244127.4247358
20210121,215676346.53789806
20210122,183427488.22310835
20210123,191149751.7185739
20210124,195396253.0786072
20210125,193919078.906036
20210126,190421750.83533582
20210127,186477056.0990075
20210128,174667305.18081224
20210129,188351511.15318653
20210130,187294513.13876635
20210131,188010806.06975332
20210201,187695627.75038326
20210202,197324893.8694999
20210203,202329831.6017824
20210204,213193548.44408497
20210205,202580154.69423643
20210206,244346596.81010482
20210207,229749569.85014576
20210208,222340446.61126062
20210209,251177654.74114797
20210210,269809557.6923302
20210211,325974014.02825445
20210212,343295448.83945364
20210213,346014577.80269104
20210214,464443883.77431095
20210215,547460747.5955527
20210216,474772073.9534687
20210217,462038608.11748356
20210218,477818893.02971643
20210219,535563223.2326731
20210220,553207273.84304
20210221,527152412.8514555
20210222,556529473.0930853
20210223,480359687.2847973
20210224,380940715.19211566
20210225,406111604.5539684
20210226,434304286.13067174
20210227,432179801.5846822
20210228,432721150.6234673
20210301,413803128.22850055
20210302,440181941.4703139
20210303,453517200.10000724
20210304,466620299.69277424
20210305,447028666.66928524
20210306,440074711.964203
20210307,460575913.2003567
20210308,464188336.9095025
20210309,468981544.9910034
20210310,485298537.5147184
20210311,463230780.89108753
20210312,464279180.76792276
20210313,450501235.66511047
20210314,478134413.63767594
20210315,501143372.07462037
20210316,476425866.26288754
20210317,478583881.704075
20210318,565476746.0187334
20210319,538477896.1294451
20210320,543112540.5310049
20210321,582483481.1832341
20210322,562502800.4630058
20210323,583617064.1846008
20210324,731879327.1113596
20210325,614253123.3252412
20210326,564993067.0291086
20210327,638391502.2328166
20210328,644765927.3708547
20210329,702017954.5434533
20210330,776144343.553298
20210331,851129873.30462
20210401,887487498.1685358
20210402,845614230.1999654
20210403,859115187.6097842
20210404,837764488.1320779
20210405,901174466.7739552
20210406,879877545.4394469
20210407,878430628.5028172
20210408,875369232.167873
20210409,976322977.1570992
20210410,1031173446.708857
20210411,1019252145.8344994
20210412,975891766.2595286
20210413,926960962.9246296
20210414,920071351.9678473
20210415,884018631.5556151
20210416,935794521.1871638
20210417,993265458.9735854
20210418,940176879.3127007
20210419,817279272.4932021
20210420,784931324.3173705
20210421,780134596.749918
20210422,745853134.3291997
20210423,637226791.430831
20210424,590625277.0175408
20210425,540507640.0362777
20210426,555507023.7089475
20210427,656424798.1018783
20210428,699213272.2423583
20210429,794769930.4399892
20210430,761249842.3796036
20210501,781819737.2849845
20210502,791027919.2558734
20210503,803784454.7025288
20210504,858754250.1208472
20210505,775579215.1328404
20210506,884233311.9564363
20210507,1005215883.445413
20210508,1297155051.8487413
20210509,1217260966.555518
20210510,1185572647.8231122
20210511,1163916592.9745977
20210512,1320459425.3592477
20210513,1042090538.7483883
20210514,998090192.2654783
20210515,1059736189.7216163
20210516,946557037.2558614
20210517,910486139.942045
20210518,849855721.5396471
20210519,891477675.4500537
20210520,601698207.623936
20210521,720033438.1423923
20210522,626643483.5690264
20210523,573383244.45927
20210524,448265391.5446327
20210525,554407625.6861087
20210526,642292479.6436718
20210527,650180897.546229
20210528,606465714.270834
20210529,508820600.8648452
20210530,475670862.9944887
20210531,485013079.24009967
20210601,514983480.48702395
20210602,516252617.29622716
20210603,549284339.7343231
20210604,571814658.1230798
20210605,512747159.3016688
20210606,482079473.3130255
20210607,505398838.52750075
20210608,461375175.0709194
20210609,453201616.6081144
20210610,468088773.95991933
20210611,450922782.99843025
20210612,409285007.7397012
20210613,395682538.6264891
20210614,421720151.59501034
20210615,447809555.93959856
20210616,438678637.78287554
20210617,410415643.8530261
20210618,403377291.8183531
20210619,377724330.40285593
20210620,369224105.23638976
20210621,359017392.49106604
20210622,288179084.5279051
20210623,267797629.6075843
20210624,285826996.1780391
20210625,303666403.82973975
20210626,276163680.1963997
20210627,281818228.38886505
20210628,288698598.773215
20210629,316815441.32305074
20210630,356811401.32536155
20210701,389042022.3092141
20210702,363725133.4631836
20210703,363251557.0147938
20210704,378690791.73775595
20210705,403619608.9811537
20210706,377087040.3441638
20210707,379712879.1935571
20210708,389950604.8771355
20210709,348819008.3511963
20210710,367306294.70876044
20210711,355564831.3246307
20210712,373790777.7976593
20210713,391033581.1813686
20210714,375030762.20173806
20210715,364024547.6209074
20210716,346582949.0491069
20210717,322471277.4689998
20210718,332716072.89181995
20210719,390394993.491794
20210720,333482040.6393687
20210721,308841802.02740645
20210722,328842691.2622129
20210723,335043305.1531031
20210724,345326400.77655524
20210725,364715491.81532174
20210726,368261318.3791188
20210727,373336634.43330544
20210728,384180441.269256
20210729,386206713.53974223
20210730,420805007.91376895
20210731,430124705.48006225
20210801,466925377.6442273
20210802,498443033.93002605
20210803,489118225.5543578
20210804,462323540.3059931
20210805,486184049.2374564
20210806,518194127.6956421
20210807,600035668.6873976
20210808,577545517.1135343
20210809,545975313.1206418
20210810,564874774.6648262
20210811,565118948.6782017
20210812,592528915.9264317
20210813,574251914.226586
20210814,608962465.2638698
20210815,639699103.2046093
20210816,636076171.9323187
20210817,657415711.4641677
20210818,627420392.8539531
20210819,644468584.0306026
20210820,667850386.358422
20210821,745497408.8653136
20210822,722442152.7058507
20210823,708664193.5896381
20210824,711815575.0953571
20210825,625637794.2599972
20210826,642837173.5891597
20210827,586916122.4094216
20210828,614121204.5273464
20210829,596023285.1049831
20210830,598766133.6364342
20210831,555290176.9520509
20210901,560483495.5784371
20210902,598874897.467656
20210903,585772511.073573
20210904,617158548.4143561
20210905,613412876.0320731
20210906,666189043.2888864
20210907,659308784.6310346
20210908,517548149.07953376
20210909,519418762.807604
20210910,519778717.10799
20210911,487746906.18539125
20210912,513974815.0301993
20210913,579628536.7229995
20210914,507189776.9175123
20210915,517739973.7401959
20210916,549649365.4771782
20210917,527322347.9137291
20210918,512612140.12520415
20210919,522381765.2073203
20210920,520430560.9505368
20210921,428523232.0438024
20210922,398325127.07922196
20210923,444319765.38041264
20210924,448762776.8336807
20210925,428209179.77248544
20210926,422309249.12254494
20210927,398939656.02520984
20210928,387995114.7305916
20210929,374382427.5439393
20210930,381375110.9920134
20211001,436426705.9192324
20211002,462327504.3186479
20211003,457483572.501955
20211004,466011328.2141117
20211005,482613914.042409
20211006,502118973.39865375
20211007,482480361.51987934
20211008,499071765.56742364
20211009,483785586.2127762
20211010,499360191.8484948
20211011,464280227.66890544
20211012,467884428.41550374
20211013,459014816.2399507
20211014,473366805.95190275
20211015,477623480.7023923
20211016,500086144.9115252
20211017,499504648.59924304
20211018,483014206.0403568
20211019,499396602.0538308
20211020,484524498.1686003
20211021,497431458.3696434
20211022,523219979.1093614
20211023,539814612.4580863
20211024,537612945.1055523
20211025,543774107.766936
20211026,553604393.1645585
20211027,537460420.3891821
20211028,480820154.101853
20211029,496496319.59803313
20211030,493182845.0351914
20211031,488722491.11817706
20211101,502371446.6327962
20211102,494376777.5658732
20211103,508583029.7373946
20211104,526277666.6696074
20211105,511690588.7376874
20211106,502193973.0776301
20211107,496727805.103828
20211108,511802372.3261056
20211109,527986001.6476009
20211110,544250693.3576496
20211111,497327475.76574445
20211112,503094046.6781696
20211113,497825372.39014447
20211114,502876472.3624614
20211115,500501631.8441786
20211116,494711408.3396279
20211117,471637349.62710273
20211118,494800905.7979263
20211119,452948218.17558634
20211120,462787343.18158704
20211121,500823946.35907406
20211122,493005045.37195325
20211123,497177399.94092315
20211124,492726938.4928497
20211125,504208575.03291464
20211126,593417468.1296794
20211127,506276016.1424585
20211128,531167512.1472983
20211129,517517839.91023654
20211130,515277818.84112984
20211201,505659900.0239502
20211202,530056126.67461735
20211203,518486650.4242274
20211204,488562312.0627679
20211205,419351848.4307039
20211206,377275062.23297775
20211207,398186052.1998797
20211208,396741111.47959554
20211209,413833986.7742276
20211210,377277759.3861646
20211211,347919421.74437577
20211212,364075823.4649332
20211213,358790149.32452565
20211214,326313934.08564496
20211215,337208758.5702172
20211216,368668291.7395144
20211217,406591694.88217014
20211218,358407118.63663065
20211219,356879899.82201016
20211220,348013975.16480064
20211221,344254534.8014864
20211222,364967498.5541578
20211223,434355226.72655547
20211224,421597913.86590874
20211225,428286009.7022368
20211226,400103776.7777594
20211227,385580357.7488498
20211228,382681001.3702629
20211229,407615514.40129125
20211230,359448522.19580394
20211231,406410649.9084578
20220101,367390142.65899616
20220102,361429999.7966382
20220103,412545661.0700287
20220104,379537725.08903193
20220105,365595655.9879003
20220106,340180529.3918637
20220107,376286500.99400467
20220108,340871755.72395194
20220109,316791315.4009543
20220110,316287620.9756341
20220111,332457110.8431061
20220112,304631287.25635856
20220113,331656394.1941998
20220114,365199960.9855353
20220115,337031591.3313445
20220116,304067434.04842925
20220117,300196239.4700664
20220118,288019250.6986008
20220119,350165784.82535964
20220120,301607939.915547
20220121,343374167.9219515
20220122,278948731.6301149
20220123,249710154.58843493
20220124,246854487.46947518
20220125,244764288.99903625
20220126,249094991.4347366
20220127,271722185.25466025
20220128,255407524.89812905
20220129,259677849.74003524
20220130,232584084.01812595
20220131,226520157.3009574
20220201,226813760.26694226
20220202,233178977.3667479
20220203,232258015.53719386
20220204,236017103.63579053
20220205,257123982.54073676
20220206,261978929.59926844
20220207,266925663.8723556
20220208,278751357.74369276
20220209,270766720.97460836
20220210,288879167.1077443
20220211,272663311.83286715
20220212,257493562.30993462
20220213,257027631.33140716
20220214,251052488.81112647
20220215,254065894.886921
20220216,270795507.0435139
20220217,263763594.47980574
20220218,241058836.12596363
20220219,240898532.29300788
20220220,241479605.60950646
20220221,234652996.75549865
20220222,234947816.17083335
20220223,236014337.88779888
20220224,231951092.60623172
20220225,272360986.60710675
20220226,234234213.88673794
20220227,229555614.10617778
20220228,220832863.46728656
20220301,247336759.25382096
20220302,291601048.45028055
20220303,290290366.8853078
20220304,319588304.9346271
20220305,276958388.54291165
20220306,322042719.6746563
20220307,304394960.3541045
20220308,285402581.9813353
20220309,288723392.6700871
20220310,304931589.048099
20220311,316704574.58200604
20220312,308005066.3824348
20220313,309561386.6331917
20220314,295482677.346057
20220315,297344387.0055352
20220316,292037785.4449207
20220317,293297598.5347891
20220318,305643910.7752687
20220319,308045486.4208625
20220320,314409223.47268546
20220321,311242360.23634803
20220322,310919178.07857436
20220323,318183291.5657234
20220324,323905823.5852333
20220325,327936029.9482033
20220326,326303619.3226562
20220327,340443905.47129166
20220328,358851618.4373413
20220329,371725186.345098
20220330,380427725.4455769
20220331,387708265.2381405
20220401,377171750.9954262
20220402,383700944.375696
20220403,395234999.01138705
20220404,390530733.72334504
20220405,372807515.1998954
20220406,358451893.07814294
20220407,322132317.22629297
20220408,336039156.0009378
20220409,314951092.8513621
20220410,319444276.4000818
20220411,315023599.319763
20220412,291588773.69061553
20220413,310363683.8264859
20220414,319635987.0860772
20220415,312703232.212749
20220416,313982197.0856571
20220417,311996168.4629345
20220418,304115560.37612313
20220419,308440649.07886666
20220420,323094675.88859355
20220421,319678793.50577706
20220422,322820401.07189083
20220423,356655070.61810845
20220424,328061141.08871967
20220425,309436610.6769475
20220426,302182569.01120204
20220427,289676593.13329655
20220428,301024439.2733693
20220429,295312384.50671035
20220430,284482803.1911605
20220501,257558783.52197915
20220502,262092415.05192727
20220503,258230925.22704783
20220504,255211918.75410786
20220505,274149300.9963482
20220506,248353115.39654455
20220507,246932659.0634736
20220508,239018977.2399114
20220509,233450452.41155905
20220509,221463070.83512032