20170222,0
20170223,0
20170224,0
20170225,0
20170226,0
20170227,0
20170228,0
20170301,0
20170302,0
20170303,0
20170304,0
20170305,0
20170306,0
20170307,0
20170308,0
20170309,0
20170310,0
20170311,0
20170312,0
20170313,0
20170314,0
20170315,12449238
20170316,17789173
20170317,20202237
20170318,17567754
20170319,19943716
20170320,19391549
20170321,18674846
20170322,17430432
20170323,16901281
20170324,15970773
20170325,16619383
20170326,16052711
20170327,18674307
20170328,18841659
20170329,19109950
20170330,18836864
20170331,20405374
20170401,22150407
20170402,22337300
20170403,21064234
20170404,20733365
20170405,20135284
20170406,20859719
20170407,19928551
20170408,20306892
20170410,17772210.0
20170411,16429554.0
20170412,16819164.0
20170413,16867116.0
20170414,16723260.0
20170415,17160822.0
20170416,17856126.0
20170417,17904078.0
20170418,16399584.0
20170419,15746238.0
20170420,15854130.0
20170421,17364618.0
20170422,17724258.0
20170423,17652330.0
20170424,18287694.0
20170425,18461520.0
20170426,18988992.0
20170427,19600380.0
20170428,20517462.0
20170429,21548430.0
20170430,22783194.0
20170501,21866112.0
20170502,23016960.0
20170503,24851124.0
20170504,26679294.0
20170505,25804170.0
20170506,23430546.0
20170507,24959016.0
20170508,23640336.0
20170509,20205774.0
20170510,24521454.0
20170511,25288686.0
20170512,24191784.0
20170513,23706270.0
20170514,23262714.0
20170515,21692286.0
20170516,21320658.0
20170517,20955024.0
20170518,22621356.0
20170519,24581394.0
20170520,33488478.0
20170521,36845118.0
20170522,30527442.0
20170523,35280684.0
20170524,37600362.0
20170525,32523444.0
20170526,34111854.0
20170527,29340630.0
20170528,32277690.0
20170529,33056910.0
20170530,30737232.0
20170531,34177788.0
20170601,32487480.0
20170602,34171794.0
20170603,34705260.0
20170604,36887076.0
20170605,39860100.0
20170606,48155796.0
20170607,53814132.0
20170608,61438500.0
20170609,68247684.0
20170610,60107832.0
20170611,56619324.0
20170612,49977972.0
20170613,63446490.0
20170614,51350598.0
20170615,50853096.0
20170616,54791154.0
20170617,49930020.0
20170618,49504446.0
20170619,50367582.0
20170620,51494454.0
20170621,47844108.0
20170622,51086862.0
20170623,54791154.0
20170624,52255692.0
20170625,48533418.0
20170626,37474488.0
20170627,45344610.0
20170628,49210740.0
20170629,45188766.0
20170630,43018938.0
20170701,41046912.0
20170702,41190768.0
20170703,43114842.0
20170704,43582374.0
20170705,42581376.0
20170706,41844114.0
20170707,35460504.0
20170708,36593370.0
20170709,35993970.0
20170710,30449520.0
20170711,27908064.0
20170712,31138830.0
20170713,30407562.0
20170714,27806166.0
20170715,25498476.0
20170716,22195782.0
20170717,26517456.0
20170718,29460510.0
20170719,26079894.0
20170720,31396572.0
20170721,29844126.0
20170722,31618350.0
20170723,30881088.0
20170724,32049918.0
20170725,28645326.0
20170726,28231740.0
20170727,28405566.0
20170728,27728244.0
20170729,27434538.0
20170730,26373600.0
20170731,25918056.0
20170801,27722250.0
20170802,28045926.0
20170803,28873098.0
20170804,31216752.0
20170805,35262702.0
20170806,37222740.0
20170807,37210752.0
20170808,41070888.0
20170809,40675284.0
20170810,40411548.0
20170811,47130822.0
20170812,55168776.0
20170813,55834110.0
20170814,53808138.0
20170815,45848106.0
20170816,49912038.0
20170817,49666284.0
20170818,44703252.0
20170819,44049906.0
20170820,44793162.0
20170821,44457498.0
20170822,43462494.0
20170823,43876080.0
20170824,44978976.0
20170825,44541414.0
20170826,44757198.0
20170827,44511444.0
20170828,45008946.0
20170829,48551400.0
20170830,48113838.0
20170831,49864086.0
20170901,51176772.0
20170902,44859096.0
20170903,46621332.0
20170904,40267692.0
20170905,43690266.0
20170906,47244708.0
20170907,45596358.0
20170908,40279680.0
20170909,40465494.0
20170910,39926034.0
20170911,38859102.0
20170912,44883072.0
20170913,39242718.0
20170914,33068898.0
20170915,37168794.0
20170916,35530873.56
20170917,35927556.48
20170918,41668309.98
20170919,38024857.08
20170920,37919842.2
20170921,34298866.8
20170922,34609236.12
20170923,35934089.94
20170924,35162182.62
20170925,36324179.46
20170926,35760204.0
20170927,38991569.4
20170928,39765994.2
20170929,39215625.12
20170930,40256663.04
20171001,43826149.98
20171002,41066872.02
20171003,39535045.38
20171004,39991188.78
20171005,39997782.18
20171006,41381257.32
20171007,41347750.86
20171008,41251067.64
20171009,42920936.1
20171010,43690805.46
20171011,43963052.94
20171012,49107103.74
20171013,44447008.5
20171014,44026229.7
20171015,43301435.22
20171016,45347067.54
20171017,43653043.26
20171018,42482954.52
20171019,41849208.9
20171020,40758720.48
20171021,37671750.54
20171022,36723979.26
20171023,34131214.62
20171024,36017826.12
20171025,36839843.28
20171026,36277366.32
20171027,35495269.2
20171028,35154570.24
20171029,38427114.42
20171030,36178944.84
20171031,36301102.56
20171101,34521244.2
20171102,31882805.28
20171103,35568875.52
20171104,35550354.06
20171105,34468257.24
20171106,33818148.0
20171107,33380765.82
20171108,34876568.52
20171109,36494049.42
20171110,32909577.48
20171111,42534622.8
20171112,37943578.44
20171113,46363050.54
20171114,44100015.84
20171115,42646770.54
20171116,40184255.52
20171117,39227553.18
20171118,38308133.52
20171119,40894904.16
20171120,40078881.0
20171121,39007393.56
20171122,39625434.9
20171123,41703135.12
20171124,44898176.88
20171125,47580911.46
20171126,46104409.44
20171127,46461591.9
20171128,47572340.04
20171129,38450131.38
20171130,38410391.16
20171201,41082036.84
20171202,45472102.38
20171203,45268785.9
20171204,47334558.06
20171205,46118135.7
20171206,45736198.02
20171207,49374975.6
20171208,48101370.48
20171209,43081215.66
20171210,42696700.56
20171211,44113622.22
20171212,49517632.8
20171213,47073579.3
20171214,46305388.26
20171215,44033002.92
20171216,50376752.82
20171217,50494894.56
20171218,55487057.4
20171219,76684838.4
20171220,75574749.6
20171221,83365151.4
20171222,71244684.0
20171223,81704214.0
20171224,73457668.8
20171225,79777143.0
20171226,73504422.0
20171227,78171350.4
20171228,71518010.4
20171229,79193926.8
20171230,70493036.4
20171231,79250869.8
20180101,79407912.6
20180102,90517192.2
20180103,107610282.0
20180104,154799845.2
20180105,137284777.8
20180106,145003251.6
20180107,142407849.6
20180108,148886164.8
20180109,147234817.8
20180110,133010456.4
20180111,124693182.0
20180112,133012254.6
20180113,144415240.2
20180114,132473394.0
20180115,122787689.4
20180116,82548768.6
20180117,91178929.8
20180118,110108581.2
20180119,118815465.6
20180120,143449007.4
20180121,115123161.6
20180122,105132362.4
20180123,113215870.8
20180124,112952734.2
20180125,102999697.2
20180126,100254445.2
20180127,105074220.6
20180128,118934146.8
20180129,120852826.2
20180130,118792688.4
20180131,98149352.4
20180201,92893813.2
20180202,69124006.8
20180203,70306623.0
20180204,74555170.2
20180205,61768769.4
20180206,51471017.46
20180207,58856704.38
20180208,59147892.9
20180209,64305430.2
20180210,67310222.4
20180211,66137796.0
20180212,62227909.8
20180213,67851480.6
20180214,65374160.4
20180215,72644283.0
20180216,77918403.6
20180217,78302019.6
20180218,89026484.4
20180219,85010504.4
20180220,87064648.2
20180221,81641277.0
20180222,65240494.2
20180223,66015518.4
20180224,67855676.4
20180225,64762772.4
20180226,64909026.0
20180227,66530403.0
20180228,68553378.0
20180301,65772761.4
20180302,68064267.6
20180303,70201128.6
20180304,75714409.8
20180305,72773154.0
20180306,78963757.2
20180307,69690439.8
20180308,63080256.6
20180309,58272828.84
20180310,54641004.3
20180311,53440046.46
20180312,55017187.74
20180313,50722606.62
20180314,50315853.78
20180315,41147970.84
20180316,39945154.86
20180317,40126293.54
20180318,34960544.46
20180319,33057928.98
20180320,36460483.02
20180321,41622216.12
20180322,41342536.08
20180323,42032565.36
20180324,41782555.62
20180325,41497780.68
20180326,41109968.88
20180327,38721839.4
20180328,37187435.34
20180329,37259063.64
20180330,32281885.8
20180331,30135674.16
20180401,30229899.84
20180402,28032019.92
20180403,25056418.5
20180404,27026646.3
20180405,25631482.86
20180406,26434798.74
20180407,24525949.5
20180408,26446546.98
20180409,27908723.34
20180410,27739033.2
20180411,28753457.76
20180412,29316559.781100567
20180413,33787206.94091566
20180414,35477279.65838139
20180415,36283583.902033545
20180416,37045598.5791529
20180417,35891561.502404116
20180418,35144252.79299973
20180419,36971573.36517568
20180420,40078866.92466953
20180421,41356289.68322194
20180422,40758611.19723945
20180423,39227932.389063954
20180424,40333428.987537146
20180425,49149205.13031627
20180426,40414184.34850564
20180427,44519907.024258904
20180428,43289281.07555373
20180429,43386865.99288581
20180430,42408072.96405475
20180501,44871032.637467824
20180502,43489578.03782185
20180503,43958238.42445075
20180504,46173938.7018649
20180505,46621929.278989196
20180506,46052445.605837196
20180507,44671697.86645599
20180508,42105341.67261587
20180509,39249047.85398355
20180510,38647272.65885634
20180511,37680577.07954689
20180512,34023945.59811511
20180513,33295449.9394036
20180514,35492572.04906548
20180515,36689120.11826892
20180516,37273571.18308207
20180517,34300267.80980955
20180518,31700197.862567373
20180519,33119867.08798413
20180520,33769684.64283479
20180521,33527574.940935142
20180522,31775770.599444848
20180523,30328933.548965067
20180524,28067654.299001265
20180525,27940719.65386335
20180526,27220545.643086202
20180527,26787287.732930757
20180528,26441484.853712093
20180529,23148592.219053328
20180530,24308878.56454805
20180531,23788500.236295883
20180601,23572572.295299526
20180602,23486982.27535405
20180603,23850369.19626822
20180604,24067824.967407357
20180605,23109711.650151264
20180606,23384563.892687865
20180607,23197397.602774393
20180608,23497433.41711119
20180609,24408511.36817589
20180610,24989402.359709356
20180611,22024845.137232494
20180612,22098238.50104055
20180613,21075676.976211444
20180614,19270074.616125785
20180615,20265443.66544599
20180616,19279943.31957993
20180617,19488074.63896812
20180618,19335571.340274867
20180619,20314658.368357826
20180620,21612417.792951386
20180621,21205458.893755022
20180622,20531636.17957112
20180623,17693731.19207724
20180624,17901598.51756939
20180625,16997825.89810726
20180626,17078399.010852117
20180627,15534105.371244833
20180628,15891813.040903982
20180629,16016860.302211309
20180630,16098796.862923278
20180701,16569760.43092461
20180702,16744752.187513389
20180703,17753968.97298927
20180704,17581996.57258352
20180705,17714296.268381402
20180706,17185872.221789256
20180707,17345734.120507877
20180708,15902732.928597488
20180709,16268023.853539288
20180710,15996660.38406392
20180711,13943976.6959169
20180712,13988202.74393357
20180713,13293199.372940246
20180714,13320119.14975672
20180715,13265313.852492427
20180716,13568851.173021983
20180717,14356393.493957678
20180718,15499715.01068802
20180719,15333771.834923733
20180720,14892461.864093503
20180721,12966755.456297887
20180722,13591180.034409942
20180723,13476601.915262058
20180724,12827661.810413737
20180725,12844771.510377683
20180726,12381846.086093789
20180727,11357542.648944939
20180728,11478891.642161764
20180729,11378806.546292063
20180730,11497372.861904
20180731,10912421.303552875
20180801,10273690.365142405
20180802,10512638.653033689
20180803,9721125.337764826
20180804,11343878.827025533
20180805,10380151.0341107
20180806,10366013.567680439
20180807,10077737.142787471
20180808,8330091.271056862
20180809,7718787.280116913
20180810,7366450.154888069
20180811,7149912.670355297
20180812,6480283.832832586
20180813,6912511.59308682
20180814,4883605.082802626
20180815,4267431.296646652
20180816,3721750.3471287196
20180817,3735887.780887154
20180818,4485125.429104144
20180819,4818738.675983983
20180820,4455999.44697792
20180821,4369188.020337945
20180822,3812247.316353744
20180823,3603347.2365527777
20180824,3638208.2503769873
20180825,3373845.179885042
20180826,3344001.971036618
20180827,3269536.2894253833
20180828,3103718.7371982057
20180829,4110147.8045503334
20180830,4466743.361182948
20180831,4350426.557743596
20180901,4470746.702231613
20180902,4761567.904219215
20180903,4820790.368980139
20180904,6908909.2412330415
20180905,8081766.999242712
20180906,8154899.658029696
20180907,7133458.881789287
20180908,6976551.047387419
20180909,6235654.374540102
20180910,6647898.698323235
20180911,6359339.848352359
20180912,5864014.568771466
20180913,5301127.021819226
20180914,6654996.984547764
20180915,6685550.741465878
20180916,6774556.318575677
20180917,6780370.836969511
20180918,6187405.231110928
20180919,5707910.402505224
20180920,5703873.666010608
20180921,5913647.628588232
20180922,7520796.277048286
20180923,7338124.777461564
20180924,6550898.550911446
20180925,6038773.073768689
20180926,5460466.036580539
20180927,5983878.420047546
20180928,6264492.064471619
20180929,6192812.195203738
20180930,6276239.955000773
20181001,6107259.565629318
20181002,6219136.454555339
20181003,6213723.58355625
20181004,6523612.098225279
20181005,6368291.163027509
20181006,6417125.379421162
20181007,6392781.71024512
20181008,6370727.333370153
20181009,6790702.413123166
20181010,6681792.406653517
20181011,6244330.846533286
20181012,5925652.11544033
20181013,5993670.8874946395
20181014,5970909.735031719
20181015,5795803.488844721
20181016,6109239.606359445
20181017,6550394.168232965
20181018,6718359.345184817
20181019,6310636.786592123
20181020,6655168.982879417
20181021,6766134.366342756
20181022,6894443.242421658
20181023,7332185.539807702
20181024,7282776.349485779
20181025,7352300.748985287
20181026,7436581.864796868
20181027,9084863.509012083
20181028,9081767.429455224
20181029,7761040.780905232
20181030,7889125.217266491
20181031,8260863.338742675
20181101,9237259.7527825
20181102,9033595.612973122
20181103,9181566.232842933
20181104,8352257.146857119
20181105,8405288.005464302
20181106,8049960.474993016
20181107,8047305.055277649
20181108,8627625.823766422
20181109,8271489.4047344485
20181110,8181378.086843828
20181111,8334432.743612795
20181112,8610702.689726641
20181113,8260041.290731019
20181114,8192056.216320125
20181115,7151032.005140144
20181116,6805695.003998777
20181117,6525308.6052625645
20181118,6127813.425852782
20181119,6174279.145906267
20181120,5109147.364505903
20181121,4448463.802111756
20181122,5670434.383585635
20181123,5106709.276634697
20181124,4782774.684519691
20181125,4257848.25957926
20181126,4259309.20132541
20181127,4138164.621153046
20181128,4250247.330319938
20181129,4631618.495799334
20181130,4444725.303366976
20181201,4019282.4004019187
20181202,4531531.856527132
20181203,4506798.3067397
20181204,4126631.7905423716
20181205,4244168.863036167
20181206,3994119.742422009
20181207,3673942.780307362
20181208,3728718.2767203273
20181209,3682772.2620765353
20181210,3809516.5050201993
20181211,3132981.5977435187
20181212,3092276.767668374
20181213,3178001.14933936
20181214,2932390.7583509465
20181215,2895685.8581347372
20181216,2987337.3192686904
20181217,3021893.5480727446
20181218,3238096.926906883
20181219,3431298.541036775
20181220,3451841.2971046153
20181221,3883919.9105503396
20181222,3607040.0688511664
20181223,3878750.9389361967
20181224,4489870.433341869
20181225,5121101.068791754
20181226,4869497.294075455
20181227,4742045.732019231
20181228,4728930.527670486
20181229,5371468.480463451
20181230,5093159.023706039
20181231,5008807.972106422
20190101,4810284.489450907
20190102,4825992.593982071
20190103,5589064.861180192
20190104,5324829.998389693
20190105,5606597.204394428
20190106,5457494.173293737
20190107,5662969.97296169
20190108,5587384.897564004
20190109,5460249.727587944
20190110,5484920.032533661
20190111,4638497.488192743
20190112,4668982.423468171
20190113,4732564.327133302
20190114,4410830.45773052
20190115,4584688.7902864525
20190116,4342541.914395351
20190117,4558639.6175372545
20190118,4748825.2699255925
20190119,4503803.920667889
20190120,4860582.744998046
20190121,4551462.246893891
20190122,4558120.417124921
20190123,4723882.952295851
20190124,4918641.299237276
20190125,5468932.9179264605
20190126,5329622.548996648
20190127,5694569.241780477
20190128,5108512.571474213
20190129,4479412.642108131
20190130,4460284.082138196
20190131,4270853.100067312
20190201,4279156.888707849
20190202,4447561.59656268
20190203,4662957.730375049
20190204,4488731.482825648
20190205,4631225.130370696
20190206,4578827.19191395
20190207,4629387.870599095
20190208,4626756.542514951
20190209,5074676.920225186
20190210,5361646.997446566
20190211,5800604.88139934
20190212,5602404.800717794
20190213,5952285.002573226
20190214,6576895.929474891
20190215,6801111.220747616
20190216,6640923.449752953
20190217,6834158.051228463
20190218,6777227.210428692
20190219,6888558.867993137
20190220,7119833.29289213
20190221,8491924.460810412
20190222,9032580.757392421
20190223,10449012.74304475
20190224,9700616.27997637
20190225,7930001.412230364
20190226,8538350.274618719
20190227,9086978.003788719
20190228,9054085.729461446
20190301,9113106.111385593
20190302,9613889.170373766
20190303,9564744.384867428
20190304,9141979.98473517
20190305,7776376.184709192
20190306,8740279.52907466
20190307,8981260.91646251
20190308,8451849.156786097
20190309,8361225.0420458205
20190310,8471657.09508183
20190311,8820226.654560989
20190312,8112612.5754596125
20190313,8406840.314784061
20190314,8215195.652026558
20190315,8173136.298423114
20190316,8284535.939907829
20190317,8267161.379825378
20190318,7697178.527384948
20190319,7145297.2453540955
20190320,7087300.568130215
20190321,6516913.218247691
20190322,6125724.737203104
20190323,6117421.8045848925
20190324,6325423.598136808
20190325,5603562.193697402
20190326,5318213.227582764
20190327,4799387.654313311
20190328,4761592.494581233
20190329,4330453.949232209
20190330,5015595.16553192
20190331,5091440.656344297
20190401,5525494.596607336
20190402,5793851.789144759
20190403,6103932.052725574
20190404,5690081.750894887
20190405,5275667.494829329
20190406,5592188.025335042
20190407,5947046.813815125
20190408,5927479.674677215
20190409,6139573.131920861
20190410,5748946.958184346
20190411,5526916.011966404
20190412,5247492.928573892
20190413,5319557.91128463
20190414,5348742.62271406
20190415,5376678.072290254
20190416,4930255.99609651
20190417,5217820.751138491
20190418,5125442.2035343535
20190419,5232167.973516771
20190420,5578424.689387695
20190421,5711477.597105982
20190422,5324160.6088615
20190423,5275698.732442561
20190424,5078330.52067348
20190425,5069162.410216951
20190426,4531176.965565523
20190427,4748245.7189788055
20190428,4654578.787289073
20190429,4681497.076206733
20190430,4652950.4373370465
20190501,4895651.25079399
20190502,4930596.257684348
20190503,5025771.149708809
20190504,5051385.819879515
20190505,4972600.540185913
20190506,4746896.273483383
20190507,4596892.867283472
20190508,4545870.275399991
20190509,4234055.084614032
20190510,4391079.896719272
20190511,4677393.329269278
20190512,5370702.607838772
20190513,4653987.201859512
20190514,4342804.001122021
20190515,4384391.282946821
20190516,5117931.557518162
20190517,5642384.80047102
20190518,4409948.194319082
20190519,3946298.5415377123
20190520,4396317.653355505
20190521,4593016.5232116245
20190522,4364081.590765406
20190523,4412434.683803855
20190524,4593957.4337233305
20190525,4540742.390415899
20190526,4316513.346291937
20190527,4480441.98640626
20190528,4224438.237227417
20190529,4040726.569048038
20190530,3975544.395422147
20190531,3806982.9404806523
20190601,4121703.114343965
20190602,4077623.35849951
20190603,4316460.7130918745
20190604,4012944.896600456
20190605,3867515.1804738296
20190606,3947802.347942015
20190607,3887961.604413277
20190608,4085299.0483420263
20190609,3920094.7033138303
20190610,3657052.5879245177
20190611,2793392.5679059825
20190612,3322498.797527021
20190613,3232117.2579002115
20190614,3261355.220422852
20190615,3233660.5709151663
20190616,3093320.0874326658
20190617,3581457.016588006
20190618,3208613.998843582
20190619,3017267.173622869
20190620,2968071.7908617794
20190621,2971567.9377287123
20190622,2943479.5148268347
20190623,3022326.8453854914
20190624,2905697.284003132
20190625,2809683.1509135976
20190626,3089163.5738286357
20190627,2878507.6722076726
20190628,2816676.736869737
20190629,2551771.094000161
20190630,2577320.371485405
20190701,2341707.8591999835
20190702,2464992.772289143
20190703,2344396.696675548
20190704,2617970.9505862566
20190705,2452953.969216797
20190706,2344642.0564238364
20190707,2383848.688800448
20190708,2450453.06688881
20190709,2585566.0214974396
20190710,2546119.3320758883
20190711,2436432.110973444
20190712,2231642.3481727196
20190713,2278343.882418923
20190714,2246459.197415882
20190715,1954018.265887954
20190716,2212778.522313024
20190717,2336566.0162800406
20190718,2680867.3648345512
20190719,3212531.3074624464
20190720,3609492.9271070757
20190721,4275632.955707947
20190722,4912402.162220993
20190723,3353696.688433171
20190724,3215082.7556001106
20190725,3475239.837047686
20190726,3399781.9384153043
20190727,3279468.3016298185
20190728,3017268.9786568186
20190729,3214802.681618778
20190730,3487396.984447013
20190731,3519921.7588599003
20190801,3454692.7935288763
20190802,3686224.5941367564
20190803,3779241.8275252287
20190804,3992376.1176099465
20190805,4013981.7744746855
20190806,4133549.7637442662
20190807,3991555.975178915
20190808,4195012.252376404
20190809,3835573.8453945597
20190810,3447899.4917088947
20190811,3299130.5689930734
20190812,3313609.41279413
20190813,3257658.0006584427
20190814,3574652.557161969
20190815,3094850.2773032957
20190816,3108384.4937540074
20190817,3134702.1544384724
20190818,3135811.2875535944
20190819,3133213.380778598
20190820,3248641.8561186125
20190821,3256318.700959305
20190822,3056578.163453617
20190823,3168869.8954138
20190824,3342827.4205461186
20190825,3087215.618819919
20190826,2974223.6032571075
20190827,3148669.478582892
20190828,3003548.0799169694
20190829,2724182.7525641844
20190830,2628858.5086219255
20190831,2769380.6163775297
20190901,2758851.464557042
20190902,2701776.2341901525
20190903,2911716.5211143014
20190904,2911574.3096222193
20190905,2905118.059825781
20190906,2885582.7758324756
20190907,2793096.464249838
20190908,2827369.442498944
20190909,2929432.0093316245
20190910,2902960.9108076724
20190911,2842502.9937540293
20190912,2875788.4655540814
20190913,2912316.4799826792
20190914,2885156.474994405
20190915,2959336.577361334
20190916,2855571.2395062507
20190917,2912047.0723522734
20190918,3287297.103276851
20190919,3374465.7909423225
20190920,3436255.286817422
20190921,3442092.6712612957
20190922,3296273.694715561
20190923,3181312.082153799
20190924,3079361.0896387612
20190925,2783906.4806074016
20190926,2780912.3793572257
20190927,2644673.6632546354
20190928,2704044.533298948
20190929,2710672.2283757757
20190930,2713174.8490859573
20191001,2763847.3700974244
20191002,2841218.137090167
20191003,2841218.137090167
20191004,2991951.297818828
20191005,2985914.824311861
20191006,2921508.57862036
20191007,2752747.61830077
20191008,2886783.434528864
20191009,2869340.902078608
20191010,3189353.3807816426
20191011,3233395.490405502
20191012,3096506.613060921
20191013,3163560.6387137505
20191014,3124700.6104636206
20191015,3200225.9455778627
20191016,3524209.1055169194
20191017,3385537.5381758087
20191018,3429380.212649315
20191019,3272568.4434987395
20191020,3301683.4277768102
20191021,3386278.7631895733
20191022,3372255.203336751
20191023,3252372.455793725
20191024,3104734.813816931
20191025,3062808.6791761364
20191026,3435880.2522395006
20191027,3655204.327546733
20191028,3651282.209072185
20191029,3751319.2003879407
20191030,3865972.2861562534
20191031,3834493.1691071875
20191101,3786136.6508090883
20191102,3890292.3674042895
20191103,3875838.9472388173
20191104,3950751.28720493
20191105,3972182.782689299
20191106,3878066.2832692848
20191107,3902148.9920831923
20191108,3810298.4839054034
20191109,3727102.252423683
20191110,3780708.747656363
20191111,3814642.155627087
20191112,3572706.242315417
20191113,3652233.954691122
20191114,3575193.636303177
20191115,3620656.8703833586
20191116,3554869.83310067
20191117,3505832.183840951
20191118,3514413.1268438534
20191119,3494985.567459797
20191120,3375276.9965255586
20191121,3356976.74530166
20191122,3192385.6694552354
20191123,3017085.159703343
20191124,3053217.6798050073
20191125,2825144.366992645
20191126,2901244.9484378924
20191127,2933050.870194705
20191128,3086018.5541915656
20191129,3082199.1634202446
20191130,3163881.1833732664
20191201,3088797.920779059
20191202,3011386.6784749907
20191203,2991891.513911253
20191204,2945249.6638315767
20191205,2729732.0607567267
20191206,2747817.998057065
20191207,2755032.6714814017
20191208,2683387.145042108
20191209,2713042.804475311
20191210,2554342.0963248354
20191211,2478781.112577964
20191212,2339353.6649598074
20191213,2448458.7033868656
20191214,2400399.326826177
20191215,2448059.4895088645
20191216,2424147.3130410966
20191217,2287366.8780409363
20191218,2039537.853335678
20191219,2215279.531371097
20191220,2099900.709560475
20191221,2150944.2243057033
20191222,2127155.3654977097
20191223,2336762.898018557
20191224,2352333.615381236
20191225,2465369.3420837554
20191226,2390856.432558195
20191227,2472572.5645203963
20191228,2395459.3430053424
20191229,2524518.039466635
20191230,2706652.613262412
20191231,2692587.219592954
20200101,2539235.456843235
20200102,2676487.0648067254
20200103,2571089.467769638
20200104,2687740.8510559285
20200105,2821103.358282336
20200106,2773769.889432458
20200107,2898160.0484624878
20200108,2845957.050097305
20200109,2862176.8624206865
20200110,2867283.9791382407
20200111,3027196.3583906866
20200112,2909501.6860829177
20200113,2992975.120164079
20200114,3007455.577621978
20200115,3438431.277113251
20200116,3434105.4080943214
20200117,3412617.918029335
20200118,3612511.7896146467
20200119,3587972.1055265595
20200120,3484857.191550806
20200121,3502861.0778885954
20200122,3677385.625071406
20200123,4369394.078454365
20200124,4897030.459691656
20200125,5986021.442611446
20200126,5936625.718606039
20200127,5419139.250106288
20200128,5129660.883194808
20200129,5267080.01822157
20200130,4999366.193534745
20200131,5013789.880113607
20200201,5107951.463479252
20200202,5008677.644152346
20200203,4864197.505125278
20200204,4825323.512770232
20200205,4853335.803290625
20200206,5031591.312439656
20200207,5360336.920412559
20200208,5159687.4317155015
20200209,5170783.265410202
20200210,5247886.766102743
20200211,5162908.72407669
20200212,5303620.496035284
20200213,5480917.297358934
20200214,5600512.870941507
20200215,5803247.991030183
20200216,5182767.001780083
20200217,5249167.775864305
20200218,5157884.32882116
20200219,5237446.995731272
20200220,4714690.803530249
20200221,4589640.730524625
20200222,4750566.047490747
20200223,4688788.864297919
20200224,5017367.385684697
20200225,4471909.166396295
20200226,4571409.243116547
20200227,3976638.4784315024
20200228,3781395.3472657204
20200229,3949983.4721771516
20200301,3885014.799938501
20200302,3851342.976940993
20200303,3952477.8713895013
20200304,3941052.338701556
20200305,4035202.0536318556
20200306,4063088.389155879
20200307,4308453.867790338
20200308,4337824.028069802
20200309,3737602.718388297
20200310,3750491.3594947266
20200311,3649521.138197302
20200312,3694137.491594643
20200313,2217768.798555395
20200314,2554112.9061153703
20200315,2503095.935119018
20200316,2450243.534755597
20200317,2213083.4571018443
20200318,2469606.196566209
20200319,2400619.9145368296
20200320,2832203.766871873
20200321,2730930.739500265
20200322,2709347.179418684
20200323,2579748.0483510625
20200324,2821354.9828614085
20200325,2872003.255321889
20200326,2953909.405412378
20200327,2988820.4244623506
20200328,2809551.1625881386
20200329,2752207.037928949
20200330,2673259.909051189
20200331,2750321.588746552
20200401,2762458.5778985084
20200402,2725485.0675186515
20200403,2741594.262636481
20200404,2747227.7047039224
20200405,2723026.012716956
20200406,2746482.309934954
20200407,3019116.9303478044
20200408,3004180.0670303814
20200409,3191707.0303713502
20200410,3190792.641129925
20200411,2903077.673084203
20200412,2873482.4267553254
20200413,2866055.522261499
20200414,2803901.4987371336
20200415,2833217.4073843705
20200416,2712415.6383711123
20200417,2837272.3813619013
20200418,2860501.300133147
20200419,2988755.347797322
20200420,2931135.4115813547
20200421,2930485.4183457997
20200422,2828926.4540373283
20200423,2926091.8086344446
20200424,2988964.996787407
20200425,2993293.4880436813
20200426,3078556.5240192898
20200427,3153246.7907733107
20200428,3178420.154844393
20200429,3200194.427086975
20200430,3421540.406490292
20200501,3281926.146037814
20200502,3292187.971640453
20200503,3472911.5013131523
20200504,3452923.4802278946
20200505,3359463.7696110145
20200506,3365591.0237338655
20200507,3326403.8418811383
20200508,3427429.518957903
20200509,3291797.2709743017
20200510,3283554.999450921
20200511,3062979.578253128
20200512,2934129.327993891
20200513,2993763.1345473398
20200514,3088075.513037046
20200515,3047588.152231736
20200516,3024482.630492339
20200517,3197549.1477581626
20200518,3314274.8385270857
20200519,3541919.998986569
20200520,3819857.9649005467
20200521,3844295.0198025876
20200522,4455250.7130325725
20200523,4387921.6732687615
20200524,4319196.615190513
20200525,4124258.4427619237
20200526,4096928.9820683696
20200527,4045456.095966306
20200528,4110611.3628562023
20200529,4131244.659994754
20200530,4192320.0099324277
20200531,4035335.3535253895
20200601,4091120.0671880455
20200602,4216279.23409524
20200603,4110992.6595659675
20200604,4145349.1246152264
20200605,4136394.12820132
20200606,4095277.761970557
20200607,4098941.7862823834
20200608,4145275.1881944765
20200609,4189927.436923516
20200610,4222839.593167073
20200611,4756914.786688341
20200612,4696528.8489510985
20200613,5623897.26949497
20200614,6630653.324744352
20200615,6583167.787756406
20200616,6610738.048121357
20200617,6903312.636023105
20200618,6868659.782115858
20200619,11989990.802744962
20200620,15411868.84545003
20200621,14241105.200929485
20200622,11823215.632476047
20200623,12540683.917453146
20200624,14086380.77873505
20200625,13399877.279402638
20200626,13151619.983108308
20200627,13561090.420846613
20200628,12707426.000236971
20200629,13882545.91381419
20200630,13997196.264342576
20200701,14496276.792598452
20200702,13744387.311698318
20200703,13501725.33432922
20200704,13495914.84470231
20200705,13568235.1807673
20200706,13091265.680568537
20200707,13320820.897856202
20200708,13146827.382650618
20200709,13218520.611211134
20200710,12657878.205328062
20200711,12774847.860047782
20200712,12655157.541684251
20200713,12708411.955479078
20200714,12359977.668304848
20200715,12308638.017561642
20200716,10717112.872107951
20200717,10208602.750993123
20200718,10058709.05901353
20200719,9945878.026421897
20200720,12605900.753378099
20200721,12469327.894594979
20200722,12491647.48153526
20200723,12466625.337371461
20200724,11872341.860072834
20200725,12513316.098359633
20200726,12960760.798648508
20200727,13131376.259724922
20200728,13562137.256545968
20200729,13639902.871397931
20200730,13794598.872448297
20200731,14886273.900014648
20200801,18333524.936762575
20200802,20073086.90095891
20200803,17884087.870510925
20200804,17856645.584473394
20200805,18109068.27207502
20200806,18316719.06449648
20200807,18993298.388270397
20200808,20907323.455246538
20200809,24518194.947971836
20200810,27870698.102932706
20200811,27051012.016038436
20200812,26659637.16846243
20200813,27639573.131373275
20200814,27634460.862468816
20200815,30619534.93653132
20200816,32694762.70152874
20200817,40444548.456736356
20200818,53280093.56177407
20200819,52048780.00715911
20200820,48236866.53071548
20200821,59426367.32177919
20200822,48874777.58045523
20200823,47739977.523942314
20200824,47207928.26994081
20200825,55080792.49447552
20200826,46612014.3590173
20200827,48123353.33867865
20200828,49361184.52176977
20200829,76452816.79859336
20200830,70769184.2007463
20200831,88388520.32312183
20200901,83926777.11939403
20200902,77369670.87905571
20200903,65628974.32625212
20200904,49222705.58289064
20200905,50696131.80626321
20200906,42873672.45569247
20200907,51251596.48103805
20200908,48610864.015048996
20200909,48538222.4713949
20200910,48318418.81057455
20200911,50333627.48882048
20200912,49677669.88728387
20200913,50930804.277020045
20200914,48043910.38046687
20200915,49052295.30957456
20200916,46350194.10512976
20200917,48148936.87633265
20200918,46130783.88687973
20200919,41393986.9117404
20200920,37822408.50956398
20200921,36270449.63851171
20200922,34277056.488049425
20200923,32917433.539606906
20200924,30924709.72547567
20200925,35407670.345269576
20200926,38168738.55154724
20200927,35679319.671462566
20200928,34985573.67577495
20200929,34551704.67529938
20200930,33641152.950856194
20201001,32890950.765564024
20201002,30776575.137233976
20201003,29289743.51417793
20201004,29428732.36438532
20201005,29011807.889736164
20201006,29322549.288172837
20201007,26151290.83466817
20201008,24630601.08466127
20201009,28913860.955537662
20201010,27027147.69755824
20201011,26253892.6865103
20201012,26608500.46887197
20201013,26676339.87013885
20201014,25001587.302632786
20201015,24898719.821553428
20201016,24266863.850451317
20201017,21830144.55360345
20201018,20441890.450465094
20201019,19294480.195653662
20201020,20435308.086813837
20201021,19544872.16089342
20201022,20175853.118443012
20201023,21638691.34065263
20201024,20228807.717764184
20201025,20542324.43464385
20201026,22184733.209534883
20201027,26438415.985268913
20201028,27256104.086395454
20201029,23630900.439450543
20201030,22739145.540649347
20201031,23375712.384137582
20201101,24234147.57713825
20201102,24514735.95409375
20201103,24445585.243971035
20201104,24440948.49626805
20201105,23072456.390904874
20201106,22891717.132047396
20201107,24309020.884865783
20201108,23113778.03829389
20201109,24062758.145236436
20201110,23640490.8007801
20201111,24103904.99156788
20201112,25426663.360617787
20201113,24678090.23900876
20201114,24754766.105028704
20201115,24271128.18920624
20201116,23187376.30941056
20201117,25937468.535371393
20201118,25934051.558361173
20201119,26397318.54795132
20201120,31275780.248403568
20201121,36939413.8225406
20201122,32780784.5867742
20201123,33929143.771478035
20201124,33236846.09961055
20201125,38244377.766561076
20201126,34081231.60731201
20201127,30646721.77335913
20201128,31202155.90563686
20201129,32390701.277914118
20201130,33587604.5165953
20201201,35319036.28637938
20201202,36487995.13360837
20201203,36757620.56662208
20201204,37492596.72807542
20201205,34988201.805188395
20201206,35075724.72871141
20201207,35615059.632847466
20201208,35822382.71762725
20201209,37168257.850131005
20201210,38894778.05552644
20201211,40816891.86949655
20201212,37035638.26378456
20201213,40193712.11310839
20201214,39870996.551617935
20201215,37913585.12144037
20201216,38575899.13398735
20201217,40593105.237980634
20201218,40570478.45162933
20201219,44579192.638240725
20201220,45013528.71830064
20201221,42840781.992732495
20201222,38456905.83201646
20201223,39854859.89673616
20201224,35094206.47464074
20201225,36306739.862347715
20201226,37689348.59768735
20201227,34198639.046087585
20201228,33953436.260569304
20201229,34748957.747689344
20201230,34521565.6117044
20201231,34355162.43182991
20210101,32075115.477133702
20210102,31760947.15675489
20210103,30803156.664795067
20210104,37276877.25904899
20210105,37004014.871596724
20210106,38773358.775527745
20210107,42786636.152734235
20210108,41706955.877020456
20210109,40551740.6288717
20210110,44334392.7678435
20210111,43831256.44662107
20210112,39151492.557758756
20210113,44992141.3409938
20210114,46431530.28544371
20210115,44643662.04152152
20210116,43257234.479774766
20210117,47725154.22968812
20210118,46369545.224279456
20210119,49623912.36693893
20210120,52931787.29363821
20210121,50215055.48678792
20210122,55756496.48433649
20210123,55853645.93349583
20210124,51377106.7860264
20210125,47570453.4555305
20210126,46407030.662467636
20210127,44032165.75546405
20210128,40865619.65743167
20210129,47105713.50877003
20210130,45485171.31240035
20210131,47272027.06584429
20210201,43638480.44972427
20210202,43294666.02686243
20210203,46104852.55691412
20210204,47001271.48824019
20210205,50431802.8889605
20210206,57698885.59710755
20210207,53821104.7910158
20210208,50210368.005815
20210209,52645655.06870694
20210210,53951756.10980073
20210211,60741377.68982905
20210212,67560727.50875793
20210213,67003481.44310237
20210214,63576785.89396679
20210215,62115227.574646465
20210216,59026017.91636505
20210217,59558936.736067034
20210218,58319631.69202152
20210219,58751657.20049193
20210220,60666784.030978724
20210221,59794086.5248466
20210222,58140630.19628875
20210223,51914792.73456475
20210224,45505592.92754531
20210225,47564656.652869575
20210226,48331665.43967967
20210227,45942316.24304232
20210228,45806857.651005
20210301,43131454.247465625
20210302,44990704.90566736
20210303,47968424.81452137
20210304,50629394.304081194
20210305,51411174.41469786
20210306,50828539.65541786
20210307,54948847.32382205
20210308,54309075.88815079
20210309,53857574.917432524
20210310,55031131.204250135
20210311,55294329.167896904
20210312,55472840.91592232
20210313,54882316.870059446
20210314,57074593.7162488
20210315,54948982.54197674
20210316,61633034.88868197
20210317,67917930.59830247
20210318,68424453.54584384
20210319,78541625.71235502
20210320,100352826.91597325
20210321,91234249.31807187
20210322,91499342.10694395
20210323,155878976.31221145
20210324,106279206.8912095
20210325,98143496.72655585
20210326,99932237.0287329
20210327,110971669.0574933
20210328,115016447.03182238
20210329,109404818.07511349
20210330,139072295.76632622
20210331,134716835.9095618
20210401,156504409.270363
20210402,139927653.3221921
20210403,134525642.29459003
20210404,124320607.20242594
20210405,136325100.44563508
20210406,138124220.07158658
20210407,132337614.65432078
20210408,121664680.23693764
20210409,122878693.61496413
20210410,128555410.51056227
20210411,122133830.71570659
20210412,119129869.56684098
20210413,113316326.30911726
20210414,115973354.54876192
20210415,114059115.86654198
20210416,127086150.67197484
20210417,119447154.1642965
20210418,117950477.58889985
20210419,111926270.56038488
20210420,137967974.52373573
20210421,135301722.2444211
20210422,124689636.86368966
20210423,128987987.952481
20210424,125329941.80531405
20210425,139402232.48701465
20210426,123211801.57947542
20210427,137135668.6526998
20210428,153028664.15103608
20210429,147557802.39909446
20210430,150090548.81469986
20210501,157847482.6714734
20210502,169369240.50521654
20210503,167814698.69444236
20210504,167227425.93933067
20210505,161477206.9115475
20210506,163675768.6950216
20210507,154402769.19093812
20210508,144594511.35506663
20210509,145044850.45414641
20210510,140162019.5749614
20210511,141607202.46322256
20210512,166142754.79304007
20210513,151624021.9629951
20210514,138898242.534463
20210515,145726348.26792896
20210516,135690709.8779978
20210517,130642498.84605515
20210518,115304833.21000579
20210519,117946383.9551153
20210520,88455513.90274207
20210521,93241003.62228984
20210522,81396615.99753675
20210523,80121519.82294457
20210524,61946076.79946163
20210525,79134397.1143674
20210526,104275730.70592302
20210527,109283775.61339271
20210528,112046453.75711086
20210529,96722340.6476921
20210530,90358896.659502
20210531,97322149.88803726
20210601,111482471.2625395
20210602,103501789.55133946
20210603,104296884.67236944
20210604,114856135.74599929
20210605,134204280.91519076
20210606,178737771.85580525
20210607,225003167.8097408
20210608,186971697.0760221
20210609,169841752.46358192
20210610,150660394.46825135
20210611,143739180.8445265
20210612,114414302.5747583
20210613,143581759.05401176
20210614,131364256.40672319
20210615,131597351.92116117
20210616,128248029.2896026
20210617,114800354.91201933
20210618,109992710.57071513
20210619,100043293.42363206
20210620,128343050.37160477
20210621,116411883.56468809
20210622,97196367.69347547
20210623,87887534.94505267
20210624,90735006.59984864
20210625,93162282.73607835
20210626,87044319.12503196
20210627,83658270.0829862
20210628,89436949.22477476
20210629,96153667.52843085
20210630,98631167.75209136
20210701,96507620.99474746
20210702,111335019.38856219
20210703,103836704.32657021
20210704,106668565.20071708
20210705,117331875.89249866
20210706,144088072.6928069
20210707,144952630.13299352
20210708,132144504.05431527
20210709,119265042.6338278
20210710,128210182.39975289
20210711,134989168.4289622
20210712,127925285.92452781
20210713,121470111.45305046
20210714,114625339.98717347
20210715,113354488.67343509
20210716,108632473.26097192
20210717,107521415.85418291
20210718,109537875.39934263
20210719,107899582.28278625
20210720,96104061.98606569
20210721,91474185.51366173
20210722,101861601.10491738
20210723,100534370.87204503
20210724,102354399.4050007
20210725,99732035.42129393
20210726,106002972.64468004
20210727,101828289.83816658
20210728,102644205.84347947
20210729,102912339.90172437
20210730,103801275.55329175
20210731,110806937.1210955
20210801,112175192.12564756
20210802,117433440.74599902
20210803,154647186.47319874
20210804,149340747.87371203
20210805,146257388.09882656
20210806,138323159.9250974
20210807,137519381.23477182
20210808,138912449.72530863
20210809,130830385.33569449
20210810,134185466.44903459
20210811,141856604.9483572
20210812,139013145.37499774
20210813,135147524.443983
20210814,140562650.81427264
20210815,139790119.89076254
20210816,139433036.28424564
20210817,136752791.00440076
20210818,131963438.56369215
20210819,127754415.94390266
20210820,127567245.52479568
20210821,136401773.24315178
20210822,136736414.6948643
20210823,136888477.2104836
20210824,139322610.72601345
20210825,133955674.59729294
20210826,138570568.48738325
20210827,186762520.25288945
20210828,186874609.41881445
20210829,184414762.7554641
20210830,170832329.8066262
20210831,158946923.32465088
20210901,161946117.98689118
20210902,167081295.2660457
20210903,168628127.23680368
20210904,164366201.77842307
20210905,161961600.17487085
20210906,165279747.89495912
20210907,176786426.10256115
20210908,146692729.21602306
20210909,150787019.38087565
20210910,160609324.60542855
20210911,148349218.93269968
20210912,158717980.73346865
20210913,159263573.7490978
20210914,148960337.2434199
20210915,184424789.55691615
20210916,183360449.89573872
20210917,174127952.3426813
20210918,163488656.26518744
20210919,176105324.26161772
20210920,175681401.97169852
20210921,150797550.95266104
20210922,235636706.07204518
20210923,221156191.2488125
20210924,208460140.15699816
20210925,193540694.16083
20210926,197744273.4688139
20210927,214809677.1389229
20210928,214351160.06382066
20210929,201191659.0784762
20210930,201484966.0775687
20211001,202424379.53293577
20211002,209085047.65013024
20211003,208686108.60322526
20211004,203103076.80738387
20211005,198729217.60302067
20211006,199001844.35999194
20211007,192762520.49341512
20211008,190324946.83735254
20211009,190416208.33668375
20211010,197816961.59867802
20211011,190222226.9224349
20211012,187030173.94911227
20211013,188807217.93527183
20211014,190576785.6451558
20211015,205468659.76735827
20211016,195323450.7196146
20211017,191794424.82012695
20211018,192654685.70318493
20211019,196920884.91404286
20211020,201246884.9520901
20211021,209484467.186616
20211022,203827484.4742755
20211023,202886585.47150424
20211024,203627786.1406605
20211025,198133056.15631032
20211026,205947598.29609683
20211027,200219932.8779117
20211028,187695838.2706574
20211029,191215198.42548105
20211030,195758231.4423467
20211031,187908860.98010558
20211101,190785105.04820028
20211102,190659915.1964758
20211103,195703917.98381412
20211104,193216215.81789815
20211105,199009423.55988166
20211106,195978750.71866825
20211107,195497633.2739224
20211108,194131682.37675712
20211109,196080132.42123482
20211110,206647448.07785776
20211111,189112818.78944322
20211112,190516199.8741162
20211113,187606419.64203298
20211114,190646389.0506642
20211115,187926388.95481086
20211116,187170914.54070055
20211117,170585135.93331096
20211118,165258260.55639198
20211119,153076183.37036717
20211120,165127705.32048672
20211121,169988198.22298107
20211122,168564113.77236092
20211123,157878650.50543764
20211124,160385941.7045074
20211125,152150138.58981848
20211126,160925346.4295034
20211127,146145614.53244355
20211128,146745377.5498725
20211129,149880561.95584598
20211130,159059367.6350715
20211201,151794993.89666942
20211202,151690496.6561467
20211203,147330620.68166476
20211204,141513042.12740523
20211205,130479081.46054381
20211206,141647865.880416
20211207,137037257.67174074
20211208,135746481.47670648
20211209,134082268.17682226
20211210,122338944.22209413
20211211,118877118.78583649
20211212,124555511.03611423
20211213,125909739.12878317
20211214,122109301.7606891
20211215,121032338.8790762
20211216,123805150.44271375
20211217,122153991.9612041
20211218,123416267.27057034
20211219,124145534.63571896
20211220,120685213.28488651
20211221,116106385.17473616
20211222,120533157.7095863
20211223,119427733.38621521
20211224,122956985.93008065
20211225,120029132.6337615
20211226,122817663.00122128
20211227,126275875.5490344
20211228,126626442.15121421
20211229,175860033.21398407
20211230,134228106.26763007
20211231,129804451.24429923
20220101,129366065.65957376
20220102,143300009.915172
20220103,139856313.85309142
20220104,134642052.39874896
20220105,132923775.34907292
20220106,126839205.24408911
20220107,121449732.88465771
20220108,113524022.74568512
20220109,109097523.98216368
20220110,109427306.02380465
20220111,105624917.3186821
20220112,110263902.30257426
20220113,112361135.32147466
20220114,109568321.0366731
20220115,113708338.73374139
20220116,112130910.4689367
20220117,111568980.5784721
20220118,111171552.07709804
20220119,107334925.95892951
20220120,104347066.0318657
20220121,101814004.91920808
20220122,88221030.73554291
20220123,77353347.2159904
20220124,81351474.7981144
20220125,78099654.22915831
20220126,77396574.25159001
20220127,78502390.28536631
20220128,77242756.79470296
20220129,81981701.66091858
20220130,84595029.49118704
20220131,80820233.41008307
20220201,82293956.92727265
20220202,82182792.68238446
20220203,80063447.31320664
20220204,82808647.66828929
20220205,86461179.98947467
20220206,88698379.88712026
20220207,91019292.78057936
20220208,92454620.31772245
20220209,90530840.2406719
20220210,95551452.158786
20220211,89027215.02608551
20220212,83993737.1376069
20220213,84062942.74675372
20220214,82598247.35244325
20220215,81649332.02324982
20220216,88369764.52925144
20220217,89664655.0263978
20220218,82214508.74266359
20220219,81475505.5547744
20220220,79394216.88028151
20220221,79099992.94288716
20220222,77001486.63675761
20220223,78960749.02881919
20220224,74284917.17330414
20220225,71497675.28613663
20220226,76905962.38248678
20220227,76839644.1991779
20220228,74441459.73392056
20220301,82473232.44493173
20220302,85168739.764221
20220303,87958754.4932366
20220304,83470822.31387913
20220305,75519541.26511045
20220306,77193448.07642159
20220307,76831643.58163494
20220308,74691731.60028002
20220309,75048159.19733039
20220310,76328180.92967774
20220311,75652011.14863269
20220312,74715841.286001
20220313,75655846.09348024
20220314,74248173.4960646
20220315,75245094.43078704
20220316,76521904.37202261
20220317,78254926.57837956
20220318,78542574.7052229
20220319,80368348.5494637
20220320,85324105.19420534
20220321,81259073.78281501
20220322,83583049.79010223
20220323,84664563.21945037
20220324,83630888.79011875
20220325,84914741.81423959
20220326,84240497.31849982
20220327,84564605.80082518
20220328,86736430.75171535
20220329,88426459.33619963
20220330,88666595.62903519
20220331,89521918.60449226
20220401,86756538.77399029
20220402,89502824.29849185
20220403,90201074.09348254
20220404,92522031.81855512
20220405,89515966.82380812
20220406,88712988.44565605
20220407,83248850.88372244
20220408,84034950.29845911
20220409,81424570.29077227
20220410,83584518.02906148
20220411,82979215.00450669
20220412,76019121.76191536
20220413,79230809.50092097
20220414,81735648.76116267
20220415,78270075.78389648
20220416,79070941.88153173
20220417,79949320.9543932
20220418,79712779.4319016
20220419,80284619.47367913
20220420,81737884.77185892
20220421,82396971.28604977
20220422,82941357.02951851
20220423,80153005.24664436
20220424,81641214.15468867
20220425,78564638.32526496
20220426,79362099.48165078
20220427,75718026.98455614
20220428,77841903.94795264
20220429,78227129.89663856
20220430,72213315.779683
20220501,72253366.92362063
20220502,73016492.00767763
20220503,71615448.41508834
20220504,71474577.64768428
20220505,73326454.25102624
20220506,65841869.66358784
20220507,66077304.91774515
20220508,66599595.96640055
20220509,63237104.27516378
20220509,59543214.671186395