20160909,0
20160910,0
20160911,0
20160912,0
20160913,0
20160914,0
20160915,0
20160916,0
20160917,0
20160918,0
20160919,0
20160920,0
20160921,0
20160922,0
20160923,0
20160924,0
20160925,0
20160926,0
20160927,0
20160928,0
20160929,0
20160930,0
20161001,0
20161002,0
20161003,0
20161004,0
20161005,0
20161006,0
20161007,0
20161008,0
20161009,0
20161010,0
20161011,0
20161012,0
20161013,0
20161014,0
20161015,0
20161016,0
20161017,0
20161018,0
20161019,0
20161020,0
20161021,0
20161022,0
20161023,0
20161024,0
20161025,14477300
20161026,6129450.0
20161027,6364200.0
20161028,7511800.000000002
20161029,8387100.0
20161030,8839750.0
20161031,10887100.0
20161101,10767350.000000002
20161102,9586750.0
20161103,8311150.0
20161104,8864300.0
20161105,8339950.0
20161106,8199800.0
20161107,8463900.0
20161108,8080200.0
20161109,7992100.0
20161110,8413350.0
20161111,8856350.0
20161112,8432350.0
20161113,8551599.999999998
20161114,9239750.0
20161115,8694850.0
20161116,8449850.0
20161117,8640150.0
20161118,8608800.0
20161119,8496450.0
20161120,8548750.0
20161121,8744500.0
20161122,8392800.0
20161123,8353900.0
20161124,8623200.0
20161125,8725500.0
20161126,8706800.000000002
20161127,8651200.000000002
20161128,8399600.0
20161129,7497850.0
20161130,7239900.000000001
20161201,7005050.0
20161202,7096600.0
20161203,7122000.0
20161204,7358350.0
20161205,7073500.000000001
20161206,6858000.0
20161207,6873000.0
20161208,6815700.0
20161209,6506300.0
20161210,6241100.0
20161211,6169349.999999998
20161212,6511899.999999999
20161213,6281350.0
20161214,6049900.0
20161215,5491700.0
20161216,5721550.0
20161217,5514000.0
20161218,5773650.000000002
20161219,6075549.999999999
20161220,6043550.0
20161221,8252000.0
20161222,7825200.0
20161223,6879050.0
20161224,7345800.0
20161225,7411100.0
20161226,8329900.0
20161227,8040600.0
20161228,7534450.0
20161229,7179149.999999999
20161230,7376400.0
20161231,7238150.0
20170101,7092050.0
20170102,7212900.0
20170103,7020800.0
20170104,6743200.000000001
20170105,6577850.0
20170106,6768100.000000001
20170107,6552750.0
20170108,6632300.0
20170109,6179050.0
20170110,6693500.0
20170111,5772900.0
20170112,6157100.0
20170113,6066300.0
20170114,6152450.0
20170115,6185199.999999999
20170116,5978150.0
20170117,5839899.999999999
20170118,6144550.0
20170119,5824250.0
20170120,6207500.0
20170121,6033500.0
20170122,5696450.0
20170123,5991850.0
20170124,6036800.0
20170125,6207250.000000001
20170126,6557250.000000001
20170127,6517449.999999998
20170128,6733599.999999999
20170129,7013600.0
20170130,7481450.0
20170131,7355300.0
20170201,7355850.0
20170202,7353900.0
20170203,6707700.0
20170204,6845999.999999998
20170205,6593550.0
20170206,6695200.0
20170207,6471950.0
20170208,6480450.0
20170209,6333350.0
20170210,6290150.0
20170211,6273250.0
20170212,6081650.0
20170213,5912900.0
20170214,5830250.0
20170215,5637350.0
20170216,6298650.0
20170217,6153400.0
20170218,6181450.0
20170219,6146750.0
20170220,5971500.0
20170221,5971500.0
20170222,5971500.0
20170223,5971500.0
20170224,6066800.0
20170225,5631000.0
20170226,5750200.0
20170227,5765850.0
20170228,5871350.0
20170301,6507150.0
20170302,5967449.999999999
20170303,6245350.0
20170304,6000649.999999999
20170305,6084200.0
20170306,6174850.0
20170307,6126200.0
20170308,5816450.0
20170309,6592950.0
20170310,6519100.0
20170311,6984300.0
20170312,6781100.0
20170313,6850150.0
20170314,6688800.0
20170315,6471950.0
20170316,6482600.0
20170317,7078199.999999999
20170318,7898100.0
20170319,7735350.0
20170320,7691000.0
20170321,8313100.0
20170322,8720200.0
20170323,8314050.000000002
20170324,8246900.000000002
20170325,8361800.0
20170326,8077150.0
20170327,9282550.0
20170328,11025300.0
20170329,10621600.0
20170330,10696100.0
20170331,10054450.0
20170401,10244850.0
20170402,10083100.0
20170403,9855750.0
20170404,9232500.0
20170405,9226800.0
20170406,9323150.0
20170407,9437000.0
20170408,9490249.999999998
20170409,9441800.0
20170410,10407150.0
20170411,9876950.0
20170412,9717950.0
20170413,9611600.0
20170414,9622900.0
20170415,9562200.0
20170416,9703900.0
20170417,9565800.0
20170418,8955250.0
20170419,9534400.0
20170420,9230650.0
20170421,8945850.0
20170422,9108650.0
20170423,8735150.0
20170424,8757950.0
20170425,9186600.0
20170426,9271950.0
20170427,10081000.0
20170428,11199800.0
20170429,13626650.0
20170430,18068650.0
20170501,15142350.0
20170502,15731350.0
20170503,17244700.0
20170504,24469300.0
20170505,28512300.0
20170506,28961050.0
20170507,26733900.0
20170508,25398950.0
20170509,22848300.0
20170510,25307100.0
20170511,24046300.0
20170512,24934600.0
20170513,24061550.0
20170514,23899600.0
20170515,23245400.0
20170516,23161300.0
20170517,26260650.0
20170518,26753550.0
20170519,32541650.0
20170520,33055750.0
20170521,34375800.0
20170522,34927350.0
20170523,38881250.0
20170524,83000000.0
20170525,52500000.0
20170526,40955050.0
20170527,48891350.0
20170528,46568150.0
20170529,48456900.0
20170530,51000000.0
20170531,51000000.0
20170601,62000000.0
20170602,67500000.0
20170603,62000000.0
20170604,63000000.0
20170605,64000000.0
20170606,66500000.0
20170607,65000000.0
20170608,66500000.0
20170609,75500000.0
20170610,85000000.0
20170611,84000000.0
20170612,75000000.0
20170613,90500000.0
20170614,87000000.0
20170615,88000000.0
20170616,138500000.0
20170617,189500000.0
20170618,259000000.0
20170619,579000000.0
20170620,399500000.0
20170621,508000000.0
20170622,345000000.0
20170623,347500000.0
20170624,314000000.0
20170625,299500000.0
20170626,276500000.0
20170627,346500000.0
20170628,420500000.0
20170629,487000000.0
20170630,430000000.0
20170701,396000000.0
20170702,411500000.0
20170703,412000000.0
20170704,391500000.0
20170705,402500000.0
20170706,394000000.0
20170707,342500000.0
20170708,379000000.0
20170709,345000000.0
20170710,292500000.0
20170711,276000000.0
20170712,326500000.0
20170713,315500000.0
20170714,279000000.0
20170715,255000000.0
20170716,251000000.0
20170717,285500000.0
20170718,300500000.0
20170719,293500000.0
20170720,360500000.0
20170721,370000000.0
20170722,436500000.0
20170723,428500000.0
20170724,420500000.0
20170725,364000000.0
20170726,359000000.0
20170727,391000000.0
20170728,355500000.0
20170729,364500000.0
20170730,357000000.0
20170731,364000000.0
20170801,395000000.0
20170802,405500000.0
20170803,534000000.0
20170804,520000000.0
20170805,695000000.0
20170806,770500000.0
20170807,781000000.0
20170811,1693431920.3581734
20170812,1853595528.1489978
20170813,2358071399.3296995
20170814,2350719779.3511515
20170815,2395200693.382562
20170816,2219731088.6362114
20170817,2212828316.806408
20170818,1969436928.9235353
20170819,1978725054.2264636
20170820,1881988589.4648564
20170821,1740433934.969534
20170822,1773321928.4976566
20170823,1985815471.2131348
20170824,2041978665.4335928
20170825,1939240314.9367692
20170826,1814859910.3607867
20170827,1908393203.150215
20170828,1856735629.5019784
20170829,1604380479.1878839
20170830,1662399021.1671598
20170831,1655198122.4292116
20170901,1593140258.4345686
20170902,1538194980.1094868
20170903,1547896236.8033006
20170904,1151156917.1003594
20170905,1183747315.033159
20170906,1075772788.1553948
20170907,1542130801.5590394
20170908,1287690614.4688551
20170909,1102519087.347004
20170910,1160512431.7227263
20170911,1083626807.7354875
20170912,1043402860.5263114
20170913,1007167150.6562763
20170914,754752570.6816512
20170915,908743000.5623978
20170916,1006678546.5650266
20170917,963361385.6129698
20170918,1045091008.576547
20170919,1008139404.7258568
20170920,980859787.0121763
20170921,872521316.1010307
20170922,939957692.4854286
20170923,1001541678.0388522
20170924,986319957.4223369
20170925,1271810636.2751713
20170926,1310231248.0361824
20170927,1570706907.004578
20170928,1469264106.9653723
20170929,1418560034.8259537
20170930,1698813193.507444
20171001,1773641425.9952648
20171002,1828450633.774304
20171003,1678218005.0918725
20171004,1560973135.742689
20171005,1608101817.0797064
20171006,1665422878.2224293
20171007,1790905608.426865
20171008,1597616777.633721
20171009,1452038276.8615797
20171010,1467752865.530126
20171011,1502456778.7526994
20171012,1388895075.7686977
20171013,1477103902.9046905
20171014,1355697755.4370275
20171015,1388081264.8769765
20171016,1412212328.0844357
20171017,1577404008.8090494
20171018,1490299119.4528832
20171019,1430897753.3940883
20171020,1375209467.0376818
20171021,1358665924.5271564
20171022,1444215881.203912
20171023,1385788304.7008443
20171024,1510007728.2151651
20171025,1419403921.1947722
20171026,1404892027.1022182
20171027,1456777736.7248755
20171028,1366544134.644365
20171029,1799188356.0201082
20171030,1857072492.1991248
20171031,1839982438.7561922
20171101,1748548610.7443612
20171102,1597061908.1640646
20171103,1747621227.6393616
20171104,1714500450.7331185
20171105,1730309212.7158885
20171106,1739115344.9494941
20171107,1709669491.1642323
20171108,1992740141.486125
20171109,2081280556.3844981
20171110,1845552132.70486
20171111,1851058380.9771733
20171112,1742077948.2793567
20171113,1824587110.3649063
20171114,1931285951.61649
20171115,1925771314.90315
20171116,1860430003.69554
20171117,2642119535.67293
20171118,2766024214.69878
20171119,2565626543.8404
20171120,2378938161.68373
20171121,2259411699.32975
20171122,2331465855.20952
20171123,2314631172.10428
20171124,2284022571.88648
20171125,2499283638.75675
20171126,2506997613.77738
20171127,2628052237.20589
20171128,2528980032.07978
20171129,2112897783.89007
20171130,2184238148.95875
20171201,2351243981.25722
20171202,2321488428.99171
20171203,2407681231.48061
20171204,2755088049.84416
20171205,2611597533.13721
20171206,2331566438.32213
20171207,2424938442.3387
20171208,2439559248.45607
20171209,2358770459.08212
20171210,2174032339.69442
20171211,2354460811.4585
20171212,2645066798.90115
20171213,2908636319.76478
20171214,3367935309.72893
20171215,3178937824.25534
20171216,3270487652.20402
20171217,4560899531.30538
20171218,5077804380.02872
20171219,4728193100.10858
20171220,5039776167.98115
20171221,4799495586.71451
20171222,3682815582.26066
20171223,4078000815.59532
20171224,3997653920.74118
20171225,4386283421.28302
20171226,4472149648.76849
20171227,4594630228.42879
20171228,4468773300.73852
20171229,4991609588.68759
20171230,5027049081.22634
20171231,5252549710.93023
20180101,5389754318.97795
20180102,6027400067.05441
20180103,6909864136.50864
20180104,6731129870.4557085
20180105,6622578158.527759
20180106,6938268339.591227
20180107,6894639080.261159
20180108,6943835491.662083
20180109,8777948950.239319
20180110,8259179161.744632
20180111,7358589480.914171
20180112,8532861741.619554
20180113,9669804845.327517
20180114,11740064887.430367
20180115,12894788923.48512
20180116,9621567872.170443
20180117,9386982353.580936
20180118,9462642900.86128
20180119,9255370768.78276
20180120,10083072383.547422
20180121,8696701643.997395
20180122,8122098316.432035
20180123,7945682399.513599
20180124,8852843608.433216
20180125,9003607815.87173
20180126,8916378058.788303
20180127,9092650481.179377
20180128,9795527787.402357
20180129,10744478446.464943
20180130,10607557656.457937
20180131,9212167720.126945
20180201,9327109309.242159
20180202,8108724519.01125
20180203,7877973293.464271
20180204,7875734963.266859
20180205,7128819975.74357
20180206,5314680149.264366
20180207,6937273023.369974
20180208,6590311903.194838
20180209,7089262040.4749975
20180210,7435761796.997509
20180211,7004746219.81985
20180212,6709547204.485411
20180213,7297871850.717991
20180214,7046843523.18347
20180215,7910211926.661768
20180216,7913804771.340582
20180217,8265011152.089143
20180218,8837339837.858364
20180219,8175550058.53795
20180220,8827528934.702513
20180221,8328629479.104229
20180222,7333231152.150854
20180223,7368279586.90994
20180224,7867261749.535665
20180225,7531502323.487318
20180226,7702652563.0786295
20180227,8639814258.901693
20180228,9192897698.181278
20180301,8506085922.957766
20180302,8334007839.432547
20180303,8148295125.889553
20180304,7902287856.985358
20180305,7649670858.460518
20180306,7286857346.875269
20180307,6793955086.65994
20180308,6543311818.062779
20180309,5941812955.994344
20180310,6033693450.09277
20180311,5586635912.237295
20180312,5850200089.135958
20180313,5631414476.836535
20180314,5436709822.397464
20180315,4729078529.8049755
20180316,4571373559.296554
20180317,4541827472.344641
20180318,4100306654.0696983
20180319,4262753929.9288683
20180320,4673258521.451203
20180321,4903005504.150007
20180322,4775565209.23409
20180323,4527152931.699274
20180324,4472512037.37038
20180325,4276986481.923163
20180326,4262747619.4799657
20180327,3894414457.9335413
20180328,3630533470.5500503
20180329,3712870462.0536427
20180330,3388331212.529417
20180331,3295492204.380107
20180401,3272874574.8088098
20180402,3093799053.6120853
20180403,3187767216.032293
20180404,3503793044.8437033
20180405,3107608102.717798
20180406,3093998835.9733963
20180407,2935520683.263635
20180408,3018635623.9772286
20180409,3166820856.9191484
20180410,3451557755.496186
20180411,3425046615.910093
20180412,3796788262.3308706
20180413,4301398523.449663
20180414,4027076319.7197814
20180415,4108687158.9012885
20180416,4542613293.412517
20180417,4332714465.790229
20180418,4262906896.4632573
20180419,4716122917.025183
20180420,4819528850.749701
20180421,4993806030.45418
20180422,4855824477.35787
20180423,4788316862.9903965
20180424,4940711410.075856
20180425,5414458767.47178
20180426,4619972236.619479
20180427,5000064634.393819
20180428,4717583651.710291
20180429,4941613888.3189335
20180430,5869350157.600801
20180501,5462373004.000234
20180502,5461203791.990745
20180503,5472801303.119482
20180504,5703365173.22464
20180505,5449775214.430881
20180506,5459323233.794239
20180507,5420165888.477612
20180508,5135226903.665584
20180509,4992790850.711674
20180510,4928975955.414124
20180511,4527894359.828038
20180512,4133560658.3865933
20180513,4213603056.5362854
20180514,4397651644.062206
20180515,4323831727.934786
20180516,4105271446.094432
20180517,4017328461.4582195
20180518,3759329439.998896
20180519,3868127863.951673
20180520,3822306901.8217907
20180521,4105740725.654297
20180522,4049628624.678871
20180523,3732391362.745829
20180524,3416074403.079439
20180525,3568570738.1514783
20180526,3439983311.0970993
20180527,3389462960.708767
20180528,3428293873.5104847
20180529,3119147904.7329273
20180530,3386930270.735831
20180531,3348747229.8510666
20180601,3439618375.048947
20180602,3611383236.354188
20180603,3670920758.02075
20180604,3638261019.818752
20180605,3470450291.034471
20180606,3521647898.2605634
20180607,3484528472.226558
20180608,3449618424.0786095
20180609,3380832420.6590548
20180610,3285681946.8212214
20180611,2956128212.163461
20180612,2972553313.7133956
20180613,2692432330.6638827
20180614,2482098750.1132035
20180615,2648080855.1374745
20180616,2475854047.1954527
20180617,2464935736.0475254
20180618,2496764312.2064996
20180619,2558429700.458413
20180620,2582591591.9964595
20180621,2519048641.4876924
20180622,2439450660.599436
20180623,2164470195.482481
20180624,2210112644.6083226
20180625,2033894997.9569678
20180626,2052998808.7408192
20180627,1953754855.7660592
20180628,1967791483.1539807
20180629,1842711810.611149
20180630,1919491403.153512
20180701,1996836936.7504072
20180702,2021780081.5338182
20180703,2342119360.921787
20180704,2328099446.7940083
20180705,2621992023.452776
20180706,2627625224.2313876
20180707,2445445049.4173994
20180708,2508292352.788573
20180709,2537493564.421544
20180710,2376735186.2670245
20180711,2172667395.9734335
20180712,2200277814.269974
20180713,2072635355.01736
20180714,2149464289.7919335
20180715,2113827551.314481
20180716,2174737439.56639
20180717,2403744703.4136543
20180718,2549453600.346807
20180719,2437740341.0509043
20180720,2331522063.534952
20180721,2155786431.320388
20180722,2221618706.676273
20180723,2156306910.198873
20180724,2094618396.9836571
20180725,2208248030.759005
20180726,2213130100.852806
20180727,2155785246.1756516
20180728,2164302299.611431
20180729,2183811767.341404
20180730,2167788059.5592456
20180731,2088208914.7478127
20180801,1936310938.764783
20180802,1933551135.0576305
20180803,1832571724.5597785
20180804,1816011818.7078583
20180805,1735377954.6295855
20180806,1789459046.163958
20180807,1696809793.5302067
20180808,1632649193.4879763
20180809,1411687365.365524
20180810,1458929664.3363996
20180811,1286539357.0477948
20180812,1194618490.3032994
20180813,1196250341.0794485
20180814,1036341608.4769118
20180815,1032892953.9626949
20180816,1018979644.0474892
20180817,1036873761.6961789
20180818,1326321406.3638675
20180819,1211329417.396419
20180820,1267339744.7323327
20180821,1122704393.9835894
20180822,1157189806.791596
20180823,1071995847.4224396
20180824,1148709406.8673112
20180825,1158164085.4844723
20180826,1147631018.6302974
20180827,1138285026.6789236
20180828,1335261243.6264193
20180829,1387908424.8610177
20180830,1293346329.2465982
20180831,1267945023.0306644
20180901,1310207291.8728495
20180902,1469599601.1402278
20180903,1428459039.4490533
20180904,1489784576.4848318
20180905,1573370581.6863666
20180906,1273567472.4730854
20180907,1319057553.3041394
20180908,1266167472.5022206
20180909,1164230798.296926
20180910,1196819091.6432219
20180911,1200276403.060401
20180912,1147627158.4671953
20180913,1144613507.99825
20180914,1185723067.2549593
20180915,1161720261.7176871
20180916,1181648685.459238
20180917,1166381937.1155665
20180918,1076446825.5387561
20180919,1102302776.9962442
20180920,1109878673.501594
20180921,1188663508.5568671
20180922,1288337077.2279644
20180923,1229928273.1808572
20180924,1275214899.079
20180925,1199665202.5432158
20180926,1174045519.7117991
20180927,1157802250.3018055
20180928,1237162630.2887962
20180929,1253076313.7782357
20180930,1248626181.0505073
20181001,1228968013.1481726
20181002,1216726230.4942167
20181003,1200213158.516907
20181004,1169229902.1138015
20181005,1169314665.5969174
20181006,1181787384.9661055
20181007,1165094051.119715
20181008,1178288556.2068133
20181009,1204226762.0778584
20181010,1189204435.6625206
20181011,1184934510.7312193
20181012,1013828165.2272027
20181013,1021698859.8058703
20181014,1035981212.1428062
20181015,1026949278.4609201
20181016,1074291380.1405454
20181017,1082669752.2922437
20181018,1108332674.9475389
20181019,1085898508.7770839
20181020,1083479769.9545937
20181021,1094742175.6216035
20181022,1085641624.7113047
20181023,1100559842.1289947
20181024,1085805470.4144251
20181025,1090400983.3224347
20181026,1079880031.7350357
20181027,1056929730.3022672
20181028,1045325160.1129031
20181029,1053838010.7083147
20181030,999779812.508555
20181031,992341465.4590735
20181101,1004435801.3844992
20181102,1026710748.9999795
20181103,1058926547.4257911
20181104,1039968825.1845828
20181105,1071140197.7259412
20181106,1059135417.6365898
20181107,1104702366.5325344
20181108,1091630487.0023162
20181109,1067456891.3048092
20181110,1040588881.3180159
20181111,1039700683.8152499
20181112,1024418205.7368708
20181113,1026687094.1321605
20181114,1005716475.6118025
20181115,887798437.2219956
20181116,854783353.410003
20181117,830935242.5128801
20181118,813568995.3187882
20181119,818536693.4485136
20181120,668358333.5897208
20181121,578381769.3696187
20181122,603047364.1537498
20181123,549984126.9187697
20181124,563175873.7452006
20181125,491041550.7789194
20181126,507402395.6342854
20181127,470957111.56949925
20181128,475052595.4494511
20181129,547135400.8933042
20181130,547743959.2073008
20181201,500793397.5607467
20181202,531061122.6459507
20181203,513678796.7223782
20181204,479141833.32140064
20181205,492807609.3987749
20181206,456452622.80996805
20181207,394082188.78131896
20181208,393956592.1146422
20181209,385598628.11180323
20181210,409721030.18159217
20181211,391321760.7626438
20181212,376855336.7174646
20181213,386750187.5954926
20181214,369677658.8148509
20181215,366017509.3548391
20181216,364819451.5965679
20181217,369948231.30109936
20181218,422022461.7879585
20181219,437771455.08805823
20181220,428802660.2849453
20181221,463246284.77481747
20181222,444342551.0866014
20181223,454233046.14579105
20181224,490338772.83955497
20181225,545845794.430698
20181226,487797691.20058584
20181227,501804134.3712869
20181228,442906726.31719476
20181229,503644501.0446134
20181230,516375049.9463574
20181231,515657553.5193547
20190101,479474978.98487943
20190102,502046590.79305726
20190103,514978187.3770666
20190104,489353618.14036894
20190105,488360948.5059487
20190106,501098647.0178062
20190107,552501235.9152061
20190108,543801920.3793545
20190109,585744282.4933872
20190110,589037741.908455
20190111,508424943.18657947
20190112,503717159.59436274
20190113,492720388.18606085
20190114,456107188.5875321
20190115,504445243.07263404
20190116,481956656.50035644
20190117,493021704.8240985
20190118,498791007.3431338
20190119,488839544.2974764
20190120,514661114.3401487
20190121,484999678.70352435
20190122,482755707.6419415
20190123,493685036.3812821
20190124,484489953.28364086
20190125,495889452.43102986
20190126,488115479.1328258
20190127,483140058.36202735
20190128,478197754.1080391
20190129,448571610.09431595
20190130,453954457.57222503
20190131,458759989.5214517
20190201,446279873.6042979
20190202,453860239.0008138
20190203,462305091.2197873
20190204,454620569.7880418
20190205,459619219.35793567
20190206,454935160.9323602
20190207,446046795.9422418
20190208,449472894.81319916
20190209,488564356.6525745
20190210,496608501.7427357
20190211,516021452.6619638
20190212,527547479.5462134
20190213,533351304.5039387
20190214,536088042.2149118
20190215,512754386.39153105
20190216,525519721.3261289
20190217,512873479.12536556
20190218,544977357.159927
20190219,571542297.7669528
20190220,578284258.2086083
20190221,591169000.8409264
20190222,557653175.8158633
20190223,566292915.570698
20190224,654744351.8760307
20190225,593060289.96026
20190226,596908403.8435076
20190227,586713911.7316481
20190228,578486786.5422939
20190301,572559844.6054597
20190302,580842012.2244167
20190303,565292537.5564938
20190304,561048035.7654442
20190305,531600744.7381997
20190306,567617420.8518373
20190307,565368221.8429294
20190308,595159277.2622128
20190309,568771675.3945906
20190310,582198479.9680884
20190311,571783177.6643089
20190312,565463743.8136264
20190313,572647992.8026431
20190314,578826727.4218085
20190315,603286966.5994639
20190316,600149143.6621017
20190317,611445680.6137669
20190318,594912955.2533097
20190319,592563989.4233937
20190320,597003449.4596367
20190321,605191217.7108132
20190322,580274994.419446
20190323,594588364.3495162
20190324,608209949.7967889
20190325,592708196.5045127
20190326,578599394.817068
20190327,572385276.1252785
20190328,604732384.9896079
20190329,596856924.5075095
20190330,640968982.1805398
20190331,646559726.3907057
20190401,655640985.2255282
20190402,652939298.3991709
20190403,755016631.4466783
20190404,800195264.589541
20190405,829794395.5737859
20190406,873470659.3914379
20190407,848606594.7433282
20190408,837679690.2312365
20190409,823827031.3283153
20190410,788940510.4387234
20190411,809441786.2365198
20190412,731206545.1366358
20190413,734525493.3308026
20190414,719853136.3139675
20190415,733471817.9682926
20190416,696711556.48276
20190417,709469400.1641961
20190418,713302077.6873719
20190419,730660793.9507526
20190420,719755461.2019824
20190421,709674363.062028
20190422,686328979.4771026
20190423,703361155.2181246
20190424,673643988.4455293
20190425,639888403.8457643
20190426,622495337.2345918
20190427,612102130.492745
20190428,616861695.3068843
20190429,601752801.295706
20190430,613384264.2612028
20190501,628732548.5789917
20190502,628035264.5751194
20190503,638105617.7118738
20190504,641952022.7308905
20190505,610985183.4182906
20190506,598753970.8416531
20190507,594209040.7517172
20190508,585468244.7782174
20190509,583865751.7891597
20190510,560008650.3985162
20190511,569181365.2420124
20190512,659028044.4700621
20190513,602971944.4044099
20190514,632262967.3130513
20190515,717398473.8689919
20190516,836096787.7703799
20190517,782774606.19795
20190518,731333040.2755182
20190519,700233413.6434656
20190520,761237396.3601251
20190521,783823587.41482
20190522,792133211.8942742
20190523,730895924.2326365
20190524,739303707.1797695
20190525,745248741.0589806
20190526,742117663.736269
20190527,774239957.4619534
20190528,813446415.780949
20190529,822697082.8531513
20190530,884498522.4627168
20190531,890816764.6701536
20190601,956540234.0209235
20190602,965148851.8221102
20190603,994745950.5249887
20190604,888277619.9005898
20190605,802789907.708923
20190606,819149561.5076464
20190607,828056278.3051664
20190608,867709684.4081779
20190609,849095248.710791
20190610,812743370.0774338
20190611,867599287.3752167
20190612,867138014.7853101
20190613,905452532.0133171
20190614,917346149.2863005
20190615,949045814.2317686
20190616,982844376.106107
20190617,992600499.0195235
20190618,999940244.6851791
20190619,964457656.9585071
20190620,970791559.1570549
20190621,959521559.6094853
20190622,989527111.2620814
20190623,1233285426.6451824
20190624,1184328481.2815733
20190625,1263946988.949485
20190626,1369092753.8294904
20190627,1354321772.5476384
20190628,1206128501.2437837
20190629,1278952736.4271595
20190630,1310164356.8518689
20190701,1186082161.8575015
20190702,1199173535.5225573
20190703,1240021330.1124804
20190704,1263880721.5015934
20190705,1211416632.6785524
20190706,1192035634.0394995
20190707,1194241920.172805
20190708,1212158857.831847
20190709,1238666231.2630982
20190710,1215655867.5092764
20190711,1147484681.2600327
20190712,1026673265.8608468
20190713,1085491231.661802
20190714,1000803485.3780773
20190715,846966369.2941955
20190716,871625373.1535807
20190717,727137118.0696884
20190718,758730096.9566696
20190719,928856698.6449299
20190720,918685184.7867568
20190721,947947809.479535
20190722,913371140.1861724
20190723,851979279.4001392
20190724,797888341.1655446
20190725,835187847.6647267
20190726,843683477.7854972
20190727,845372190.8233509
20190728,797745647.8917311
20190729,797744851.7513714
20190730,793355336.1551608
20190731,791551090.0966831
20190801,826599295.9770299
20190802,830685016.4518555
20190803,824091801.6956958
20190804,845382908.5013435
20190805,840729243.3547462
20190806,847911256.5864719
20190807,799328285.0994735
20190808,798617378.9122697
20190809,768843938.9452932
20190810,732092197.7098559
20190811,746997474.594322
20190812,783002519.482911
20190813,753270619.4979908
20190814,740645640.3940717
20190815,660352364.2176749
20190816,698148098.4759357
20190817,691248146.8870378
20190818,680853538.6210492
20190819,694568450.3543364
20190820,715876789.6378562
20190821,697529464.4129665
20190822,665267721.9217834
20190823,692385726.6767806
20190824,697956198.9659907
20190825,713120626.7920986
20190826,680452412.3077129
20190827,692928523.0943459
20190828,675119096.0243111
20190829,645096018.6807387
20190830,618193738.4262283
20190831,617431725.9878312
20190901,620296086.973319
20190902,618319575.3431855
20190903,641509561.5761858
20190904,658752600.7224365
20190905,638427897.9072976
20190906,634663908.814424
20190907,615466934.5173882
20190908,639845284.8786348
20190909,653156148.677509
20190910,642910472.2044896
20190911,624706890.1103435
20190912,620362521.7535889
20190913,636033090.4547644
20190914,632122049.7562153
20190915,642958607.7956102
20190916,639889244.0069568
20190917,640847489.3149097
20190918,674603166.8027474
20190919,713653260.2661194
20190920,685384722.2029457
20190921,669111515.6371461
20190922,663549926.5322173
20190923,641197374.3523151
20190924,607844176.8106287
20190925,530105904.9082208
20190926,526438146.9432252
20190927,509395566.9897999
20190928,516261428.09539795
20190929,516200670.53922224
20190930,503559491.3770478
20191001,534754038.00203156
20191002,538349465.3561403
20191003,537676048.0838968
20191004,524554306.6993142
20191005,520677761.0919525
20191006,517870800.7038952
20191007,504177007.13283867
20191008,526282268.50815743
20191009,529156146.1884636
20191010,546500909.3223408
20191011,527302031.72658396
20191012,508731783.73730505
20191013,511613484.01657254
20191014,516762251.5697096
20191015,523088998.27883226
20191016,519266083.7028871
20191017,493583723.28666514
20191018,512268780.1644718
20191019,501630599.0862058
20191020,501570957.8604539
20191021,515018287.9293459
20191022,522199222.93999225
20191023,512476932.76716214
20191024,487661487.96753687
20191025,492662870.6193118
20191026,549316961.7362138
20191027,637382402.6718336
20191028,809553729.0258088
20191029,758112545.2952025
20191030,756287448.0933638
20191031,789818558.9291449
20191101,746354537.322285
20191102,748907263.5145545
20191103,774999533.0287092
20191104,778805212.528397
20191105,804522378.4869684
20191106,784705639.2320433
20191107,781439384.3450015
20191108,785486527.2206064
20191109,749554401.1771357
20191110,754488288.0037076
20191111,777629936.3659277
20191112,785759988.5190773
20191113,855115843.156361
20191114,930031082.3333702
20191115,887554922.6592313
20191116,848922057.1734115
20191117,873905170.4310269
20191118,851504311.9283521
20191119,800011204.5497394
20191120,821732560.7297052
20191121,810489620.6095163
20191122,779965960.7569572
20191123,682721778.6043422
20191124,706543546.0970876
20191125,641119698.0720732
20191126,643282421.8006196
20191127,654131325.5774044
20191128,667164830.8454691
20191129,655047679.5957314
20191130,685778047.8700581
20191201,657993883.6047814
20191202,652985160.1696448
20191203,632218765.005163
20191204,631500873.8728298
20191205,610946762.8366127
20191206,614499066.2288892
20191207,615613939.5427673
20191208,627845300.6977413
20191209,636368416.376547
20191210,614978649.5712222
20191211,603453689.487372
20191212,600284035.7176301
20191213,610544892.6294771
20191214,626581363.4214374
20191215,621793907.7405454
20191216,629175024.8779168
20191217,589917462.5622222
20191218,554584446.2453063
20191219,619086766.383784
20191220,605569835.1866184
20191221,606835936.4375486
20191222,599226339.3649925
20191223,626312574.8405104
20191224,604438044.8251319
20191225,612400515.5834471
20191226,607025378.8679336
20191227,602271558.2467365
20191228,615185933.035546
20191229,619087210.5795681
20191230,649867781.970281
20191231,630506935.4950731
20200101,612491051.2316469
20200102,624225417.8925722
20200103,597504624.694593
20200104,625060959.0643896
20200105,639032945.5267653
20200106,633315957.5946844
20200107,687752334.4968895
20200108,693247150.3473778
20200109,666918781.609295
20200110,659341310.5744587
20200111,690162942.5925688
20200112,687817099.9115796
20200113,722236121.1377331
20200114,707466766.3759443
20200115,788245401.8479402
20200116,804325250.4939115
20200117,790535244.8015782
20200118,837207936.8106626
20200119,840447647.7174213
20200120,789455439.0217417
20200121,786238286.6172978
20200122,790258888.7333932
20200123,789976653.3673967
20200124,742244893.4602152
20200125,740084080.5407107
20200126,732298270.4172522
20200127,757962677.1180993
20200128,778858386.9307681
20200129,802195076.8173622
20200130,793936619.8045495
20200131,825211121.951121
20200201,809860696.8299252
20200202,803957847.6407557
20200203,849884217.7177566
20200204,838219308.671076
20200205,853690511.3013121
20200206,893585691.3905301
20200207,906993092.6298133
20200208,902041400.6362256
20200209,893707436.2590941
20200210,986870598.0403957
20200211,958254617.4323381
20200212,974926811.5113289
20200213,1048880390.3284581
20200214,1064290200.7137986
20200215,1171818493.7181962
20200216,1060990180.9855597
20200217,1039230953.6159949
20200218,1057729567.2407938
20200219,1091641891.9939728
20200220,997116797.3793691
20200221,993860088.868235
20200222,989644835.1340412
20200223,968057830.1667782
20200224,1009118904.4282022
20200225,940041268.3899308
20200226,878866439.5730582
20200227,776070367.2009388
20200228,805938002.2278951
20200229,801365976.8794943
20200301,784678719.8650237
20200302,801223534.4192885
20200303,850569942.1584921
20200304,817825074.8657748
20200305,826796076.7336565
20200306,847766105.4086316
20200307,870061560.3530694
20200308,818102088.1628684
20200309,717165157.9954247
20200310,694274258.9472122
20200311,698293443.0530231
20200312,663948278.3647028
20200313,395731083.42132056
20200314,430790999.846088
20200315,404377746.2377973
20200316,426840079.8917772
20200317,379007772.49535745
20200318,405375392.317627
20200319,398572558.6453987
20200320,458411283.6145284
20200321,442136002.2494573
20200322,440495094.52588624
20200323,419036553.5029428
20200324,467853079.95047075
20200325,488540678.0456544
20200326,489301387.69370997
20200327,496334282.75533366
20200328,459958914.76891786
20200329,468195273.44972533
20200330,437436414.23461914
20200331,467038403.83995223
20200401,480657827.5950939
20200402,484290700.0165757
20200403,491969924.0678214
20200404,494221198.82704914
20200405,505479456.0959949
20200406,494613053.22103566
20200407,551545819.7218344
20200408,544338248.338286
20200409,563211958.3541704
20200410,566217334.1780877
20200411,512976220.8626022
20200412,515077737.20692927
20200413,528123874.38455516
20200414,514949695.97794396
20200415,512587126.0771087
20200416,493096436.5156361
20200417,534162824.7394936
20200418,529029854.2643678
20200419,555250305.9136353
20200420,536978217.8800534
20200421,510868785.6620966
20200422,509275523.16768783
20200423,530788301.1270413
20200424,549753819.664695
20200425,569259620.4302322
20200426,594586861.1695439
20200427,608319215.3182822
20200428,593735834.4910127
20200429,597042111.5807353
20200430,646612039.0414554
20200501,626489371.1813456
20200502,636112705.0540253
20200503,651231094.42207
20200504,639523602.0314018
20200505,633119093.9848202
20200506,639756080.1268876
20200507,654900950.8555591
20200508,699920465.5072005
20200509,800783432.6539007
20200510,776146545.7601889
20200511,687114056.9872751
20200512,681102991.9514686
20200513,703315959.4770879
20200514,725612895.1321934
20200515,718491777.2326087
20200516,705094443.783221
20200517,704321867.9261513
20200518,714890601.0288901
20200519,721687443.0092404
20200520,726411932.3235881
20200521,712917470.3598146
20200522,671386662.044144
20200523,720678743.0157652
20200524,718713643.2477295
20200525,681859458.6044749
20200526,697654678.2026594
20200527,699327263.9180347
20200528,705023778.8633658
20200529,733238264.1378212
20200530,723081220.5112263
20200531,782683242.4318756
20200601,766263563.019813
20200602,886712547.2324338
20200603,851647561.8165804
20200604,870384038.4229112
20200605,852749153.5239632
20200606,832532348.6398698
20200607,832462734.8275688
20200608,829415963.1582315
20200609,822660608.1022401
20200610,850531113.3766098
20200611,839884963.4512814
20200612,752243452.847646
20200613,769162515.2803744
20200614,780849404.1982895
20200615,750299518.8000154
20200616,735428024.532493
20200617,745841088.442818
20200618,747310810.7256005
20200619,735575694.0026625
20200620,721336778.4562386
20200621,725518177.8954092
20200622,726344171.7551352
20200623,762946095.0221435
20200624,769167526.2176291
20200625,740971986.920334
20200626,729698284.7354678
20200627,720449393.672802
20200628,685108589.2928675
20200629,708446500.8550514
20200630,720663770.3728648
20200701,708915730.3928891
20200702,715955095.3727995
20200703,702943955.377265
20200704,690768228.2366455
20200705,700489733.098458
20200706,701462178.895167
20200707,745697901.3925604
20200708,741438513.0828912
20200709,778952435.2893064
20200710,759435351.797834
20200711,740165385.3991791
20200712,759599781.4164121
20200713,758850714.9252367
20200714,753980864.1868813
20200715,766221666.918043
20200716,776340976.5727184
20200717,754414436.5002424
20200718,747562207.3856546
20200719,743615405.3538312
20200720,750519473.262522
20200721,734073815.3344494
20200722,787658281.003442
20200723,818798717.1333569
20200724,805812992.5181698
20200725,782319480.5231656
20200726,815995352.7731034
20200727,818232603.8939337
20200728,814712404.79829
20200729,826542938.965074
20200730,823675304.5243891
20200731,834850034.215256
20200801,852679001.6810433
20200802,946076800.2584726
20200803,859711586.1572338
20200804,871113662.5749315
20200805,885511249.2216986
20200806,907096526.4606429
20200807,914455062.041437
20200808,906724801.6087669
20200809,919179198.9242091
20200810,915305848.8090663
20200811,1027222926.2444868
20200812,970168683.4937985
20200813,1014951207.1430497
20200814,1022640704.2642363
20200815,1044311634.826282
20200816,1065199697.6067917
20200817,1092342048.0342922
20200818,1167245440.9976099
20200819,1139291023.2622573
20200820,1117454828.503359
20200821,1250821252.5006812
20200822,1175428417.6626945
20200823,1335646244.5571716
20200824,1283432789.589438
20200825,1277984910.9600942
20200826,1208299209.6818771
20200827,1223880661.3376584
20200828,1242662354.6190205
20200829,1292121419.2714798
20200830,1498651064.0929382
20200831,1452935444.0979986
20200901,1442092297.2431192
20200902,1541839161.9948962
20200903,1437379641.9185495
20200904,1256896438.7305
20200905,1337869124.2006478
20200906,1191756904.8229828
20200907,1213517822.55465
20200908,1277080522.3362834
20200909,1202642264.7463758
20200910,1220650425.4448447
20200911,1308679549.8146653
20200912,1437094020.8380785
20200913,1526177295.8687239
20200914,1415275208.399093
20200915,1551043387.8043232
20200916,1424966734.184992
20200917,1483801018.7039788
20200918,1670340434.35733
20200919,1766380052.005511
20200920,1734579430.2061887
20200921,1662949112.6161563
20200922,1426524822.9252443
20200923,1401601933.2168438
20200924,1387906493.2885396
20200925,1534280752.0460606
20200926,1502501944.8451018
20200927,1479646407.7264485
20200928,1490917303.0081773
20200929,1411334260.7244012
20200930,1392645250.7913437
20201001,1343786802.5678132
20201002,1317456559.9636092
20201003,1275735400.9964466
20201004,1258234193.6238081
20201005,1279008571.4048479
20201006,1247721141.9414167
20201007,1166430134.090705
20201008,1182720815.719352
20201009,1197844948.3830166
20201010,1229401175.5775414
20201011,1238656582.373247
20201012,1254013091.7316866
20201013,1274783495.1487517
20201014,1240097799.9599247
20201015,1200300405.0719929
20201016,1213362235.935992
20201017,1202595523.6643186
20201018,1213345102.4685152
20201019,1229783775.7021804
20201020,1239321081.0498323
20201021,1193351199.2955658
20201022,1287706683.6807473
20201023,1313868423.2189496
20201024,1277173856.3651536
20201025,1291009905.782613
20201026,1258759112.4572327
20201027,1206119679.597106
20201028,1201203059.9890175
20201029,1119178211.1677756
20201030,1076275434.7187266
20201031,1047151740.7171524
20201101,1036539769.750651
20201102,1048871604.7514769
20201103,1076028098.6179962
20201104,1032482893.6499395
20201105,991396870.8217881
20201106,1020137719.2380522
20201107,1107535944.1245713
20201108,1045395421.2679042
20201109,1092908744.3332672
20201110,1082590089.247876
20201111,1098439735.410345
20201112,1087488080.362249
20201113,1092053318.981247
20201114,1123689281.2204452
20201115,1107936135.9161525
20201116,1081014587.6839206
20201117,1108744376.036585
20201118,1138235558.7957063
20201119,1110819583.0070977
20201120,1130913724.8289204
20201121,1157337577.940335
20201122,1287016702.7878683
20201123,1218841657.0509567
20201124,1335289621.6967633
20201125,1442721688.8507972
20201126,1377387337.6284752
20201127,1207083919.5102515
20201128,1199490401.555511
20201129,1237770135.0340154
20201130,1245809886.1283963
20201201,1307858476.3184195
20201202,1240729087.8308506
20201203,1275660136.2981691
20201204,1327700787.571771
20201205,1225319188.3481686
20201206,1265711242.7165449
20201207,1260778522.3496182
20201208,1233657941.5344481
20201209,1165799214.6688561
20201210,1192293131.6574368
20201211,1149828380.2315311
20201212,1127392531.0969384
20201213,1162625680.9018557
20201214,1217086365.0974717
20201215,1222300831.4166076
20201216,1207772357.4982057
20201217,1263037985.429752
20201218,1246542794.3785748
20201219,1262241412.1368575
20201220,1256890851.788131
20201221,1237583825.0006585
20201222,1172285275.2129776
20201223,1169698658.5721016
20201224,967548675.6668069
20201225,1073372342.7930179
20201226,1067473891.1598558
20201227,1055947726.8778179
20201228,1071017650.347921
20201229,1105267539.8377702
20201230,1062315630.193766
20201231,1037595555.6113366
20210101,1004515432.6595224
20210102,1019481529.4978182
20210103,1018144035.9926206
20210104,1144183068.8629236
20210105,1124688009.011636
20210106,1185625348.7769704
20210107,1386815022.6823907
20210108,1461533528.0789921
20210109,1388930059.8751805
20210110,1513552880.944158
20210111,1780122024.7342868
20210112,1685724533.5768344
20210113,1547534804.99461
20210114,1640963108.8447237
20210115,1624126471.442639
20210116,1667322346.0571845
20210117,1672124367.721472
20210118,1712262386.6700017
20210119,1923930864.085142
20210120,1876229512.3260639
20210121,1830187545.27398
20210122,1563542750.633441
20210123,1648743580.6205232
20210124,1719449899.767302
20210125,1722783121.8683126
20210126,1648950319.480207
20210127,1636967775.1013565
20210128,1481063604.0394187
20210129,1583094659.5584328
20210130,1600120977.7662978
20210131,1605824606.3043468
20210201,1574433450.6816866
20210202,1625830445.9699373
20210203,1679421041.5771797
20210204,1735615410.4091313
20210205,1686774981.5069816
20210206,1843113260.4601207
20210207,1743786913.8937197
20210208,1732333098.3477476
20210209,1913596388.3621314
20210210,2184929322.1750717
20210211,2386184576.1887336
20210212,2544970983.6906757
20210213,2672149989.5511284
20210214,2984304948.032953
20210215,3127165115.838607
20210216,2919354672.7315993
20210217,2896628986.923645
20210218,3001572248.807349
20210219,3104661383.0449886
20210220,3385468370.933006
20210221,3114245549.9944263
20210222,3862629996.7511067
20210223,3361062956.037148
20210224,2702101215.65704
20210225,2880978017.2126765
20210226,2699222717.700085
20210227,2663902979.9537373
20210228,2649140150.624776
20210301,2493395944.240885
20210302,2693436652.689604
20210303,2659231185.2627363
20210304,2811661003.0494347
20210305,2689640566.202361
20210306,2640601972.2113185
20210307,2697434456.5204606
20210308,2769497950.2916718
20210309,2813222241.527566
20210310,3019766842.1828074
20210311,2891511012.0848007
20210312,2946992050.103289
20210313,2811370550.6676784
20210314,2985736402.442538
20210315,2828914452.765562
20210316,2754970099.893197
20210317,2880569521.1363273
20210318,3221045860.1378613
20210319,3083926026.497143
20210320,3122082556.9983273
20210321,3052142295.0091243
20210322,3000390180.327805
20210323,2903529399.9091263
20210324,2889879331.531881
20210325,2821088056.9315357
20210326,2719775337.6320477
20210327,2933355463.996811
20210328,2911729949.042355
20210329,3147443257.8229036
20210330,3198802267.712679
20210331,3164391918.9916315
20210401,3583895878.4259667
20210402,3699956601.7950325
20210403,3748226294.6433516
20210404,3596544930.9877124
20210405,3828303280.879301
20210406,4117436055.7724643
20210407,4451409640.162139
20210408,4265942684.9228725
20210409,4430159740.380809
20210410,4307772141.569155
20210411,4348126995.30302
20210412,4502195197.357664
20210413,4560152412.794787
20210414,4720547779.381634
20210415,4881465293.940843
20210416,5263225480.668737
20210417,6152360794.623937
20210418,6665376751.041741
20210419,8351104877.378246
20210420,7736803550.473382
20210421,7600878988.126247
20210422,6877125045.99511
20210423,6508840966.615724
20210424,6057434516.850939
20210425,5647504348.506745
20210426,5584070611.920522
20210427,6316114904.143714
20210428,6638628510.576332
20210429,6450985533.9888935
20210430,6317687737.987352
20210501,6863595652.603818
20210502,7213545949.351154
20210503,7512474449.767595
20210504,7574916458.647802
20210505,6892378015.673691
20210506,8064092534.28836
20210507,8600677880.696266
20210508,8263817452.8435755
20210509,8203674722.352835
20210510,8343412228.700565
20210511,7465481072.060438
20210512,8197247837.764097
20210513,7091061005.360152
20210514,6755124780.525521
20210515,7099100453.334354
20210516,6511999798.485646
20210517,6572848248.656842
20210518,6055564389.183995
20210519,6132504015.305791
20210520,3981600597.329217
20210521,4856762124.893412
20210522,4044666263.091659
20210523,3643149795.0195107
20210524,3050783822.390452
20210525,3774113801.322771
20210526,3980488699.0103316
20210527,4382961151.788989
20210528,4425866400.555455
20210529,3844653026.369809
20210530,3603042715.9185195
20210531,3630551948.079208
20210601,3913261327.2708435
20210602,3817944042.4000645
20210603,4094332987.582169
20210604,4363353154.154067
20210605,3986950678.7971635
20210606,3901394714.782043
20210607,3981354841.0549045
20210608,3629631217.084934
20210609,3466698750.494997
20210610,3612542915.674019
20210611,3582788852.604612
20210612,3328422992.4610147
20210613,3295943857.9261274
20210614,3458333860.36488
20210615,3579542772.1400585
20210616,3548841879.0356464
20210617,3411886308.803985
20210618,3416524706.1702037
20210619,3208868834.5179753
20210620,3145290038.1875014
20210621,3160428162.59402
20210622,2322622194.0399437
20210623,2096115013.0333443
20210624,2332210977.4857664
20210625,2465766262.7381215
20210626,2240169337.827809
20210627,2168771674.8208623
20210628,2238189485.048126
20210629,2347590064.7042775
20210630,2476942813.7274404
20210701,2591110458.657384
20210702,2424399546.8803563
20210703,2488768291.549043
20210704,2551618448.684719
20210705,2660896636.953588
20210706,2552052427.7887297
20210707,2593546715.0118203
20210708,2603023837.37526
20210709,2403535298.039649
20210710,2457694683.6694627
20210711,2411816144.4170394
20210712,2414222032.0118575
20210713,2387240214.194747
20210714,2344564264.1768274
20210715,2316915625.4722443
20210716,2204145210.280225
20210717,2090444450.8539963
20210718,2090881527.025629
20210719,2102850253.7288272
20210720,1979712990.0953717
20210721,1832623419.4954913
20210722,1974232331.0069184
20210723,2044543577.1711504
20210724,2081022407.2821841
20210725,2172661711.482007
20210726,2176439158.5145903
20210727,2296101439.8408685
20210728,2380654712.967983
20210729,2427679835.852437
20210730,2496031172.4857454
20210731,2961083558.354951
20210801,3290985074.137589
20210802,2969396578.542362
20210803,3092577259.9235177
20210804,2932175704.3449607
20210805,3079189744.944863
20210806,3101310252.998067
20210807,3134647161.1006274
20210808,3316348256.2597084
20210809,3181871051.3935857
20210810,3240972510.474712
20210811,3291980772.940444
20210812,3438868400.801734
20210813,3421110131.526007
20210814,3898924654.803418
20210815,3936182281.6490307
20210816,4150656888.3620977
20210817,4043474991.7642612
20210818,3681443498.5504527
20210819,3700548228.4209566
20210820,3683771064.295468
20210821,3958876405.184127
20210822,3925855848.5347624
20210823,3902556567.9758735
20210824,4297319101.198016
20210825,3960094939.9767866
20210826,3982524382.3336887
20210827,3698772247.5849957
20210828,3904415558.367581
20210829,3844000308.8584538
20210830,3851553104.615188
20210831,3635871635.428373
20210901,3688676882.744847
20210902,3890672562.1571956
20210903,3911758475.3171363
20210904,4029215656.98597
20210905,4108614422.8191676
20210906,4594046604.895259
20210907,4509499070.36526
20210908,3517383470.3372035
20210909,3478302588.2065005
20210910,3573074275.1264315
20210911,3371226706.7481513
20210912,3433364321.704823
20210913,3643698801.1285257
20210914,3422201028.8359776
20210915,3657275867.3170395
20210916,3700398560.5628686
20210917,3568760952.269431
20210918,3441313031.196372
20210919,3500962897.483463
20210920,3406698940.623078
20210921,2914756990.4646797
20210922,2600160640.243999
20210923,3008999942.8605337
20210924,3092056489.3128147
20210925,2846194413.8052907
20210926,2774461415.449542
20210927,2791140913.1970086
20210928,2649219235.5748587
20210929,2548263194.7801824
20210930,2610802664.8480415
20211001,2760347689.8141513
20211002,2982238476.8609924
20211003,2994832054.1175184
20211004,3145644990.928586
20211005,3049189055.582066
20211006,3311434806.705752
20211007,3266258687.809889
20211008,3233120603.779412
20211009,3283421112.365196
20211010,3386470874.5813355
20211011,3204438023.0402617
20211012,3166818711.3353677
20211013,3117179956.1269503
20211014,3154327332.056296
20211015,3155816669.57502
20211016,3154220333.8649254
20211017,3142178914.2545877
20211018,3038859931.263949
20211019,3019460885.470377
20211020,3029107333.652948
20211021,3207513652.178584
20211022,3180340008.367992
20211023,3148133439.3874063
20211024,3167478317.160061
20211025,3092558020.3935285
20211026,3140723191.5579104
20211027,3135831756.339469
20211028,2784040539.553463
20211029,2917584001.4607654
20211030,3041535044.823365
20211031,2984837834.8562174
20211101,3154727897.817471
20211102,3186473121.3028955
20211103,3268663167.283004
20211104,3323669705.041447
20211105,3232447622.8978763
20211106,3192472518.7954116
20211107,3163356354.162952
20211108,3253741133.300383
20211109,3572262233.961629
20211110,3691401245.642955
20211111,3372052162.8836355
20211112,3437718798.9760537
20211113,3344402530.865344
20211114,3470553876.874853
20211115,3422623255.6290946
20211116,3333054265.6387124
20211117,3046193691.0378556
20211118,3060047960.033133
20211119,2801990003.2815175
20211120,2926314129.5043035
20211121,2980806075.867981
20211122,2980176502.8807397
20211123,2836749764.7719994
20211124,2840613004.4299097
20211125,2759799274.4744577
20211126,2902154618.101523
20211127,2608252283.6913924
20211128,2620880020.420546
20211129,2671446205.143868
20211130,2713258923.5589194
20211201,2651256356.9182677
20211202,2634168469.0557985
20211203,2575883562.5696335
20211204,2483394335.82449
20211205,2081050471.64202
20211206,1987150905.9376602
20211207,2070717672.9825041
20211208,2093187062.7259488
20211209,2190372675.8557673
20211210,1993109797.6398733
20211211,1910188676.0161915
20211212,1976207809.3789566
20211213,1986878119.9512064
20211214,1790550136.4430022
20211215,1850713189.8611276
20211216,1910280850.7491617
20211217,1862762892.0350914
20211218,1796893630.1576614
20211219,1824828200.534295
20211220,1793533519.367961
20211221,1821054203.116485
20211222,1870852488.4851527
20211223,1932443840.4567933
20211224,2097518402.5418446
20211225,2047761836.7113192
20211226,2084454752.244936
20211227,2086797100.8730416
20211228,2096847045.1179519
20211229,1923853249.281245
20211230,1830102046.3711283
20211231,1843226895.3181534
20220101,1821857716.2155128
20220102,1863137008.5942466
20220103,1913967380.085307
20220104,1880599065.4723053
20220105,1859845712.5063078
20220106,1742696095.6818469
20220107,1751426140.123058
20220108,1672411579.4258358
20220109,1639615657.3849938
20220110,1665997417.6141012
20220111,1607086258.6458557
20220112,1686936872.4764671
20220113,1746708576.3426576
20220114,1670225790.4083188
20220115,1752404571.6978784
20220116,1795542485.5004323
20220117,1777634877.5725152
20220118,1693628126.0069444
20220119,1794182430.25706
20220120,1694516079.7152755
20220121,1617602585.926652
20220122,1389067572.7973647
20220123,1257548086.76364
20220124,1312617354.4429994
20220125,1281364084.624247
20220126,1288096215.2273076
20220127,1290386685.3178272
20220128,1275652168.4481506
20220129,1345217253.3768096
20220130,1363472245.42367
20220131,1384995005.0500553
20220201,1390907299.7268403
20220202,1409471170.2405648
20220203,1435914482.3522882
20220204,1414109807.2315502
20220205,1582217239.825837
20220206,1570345114.115812
20220207,1593854476.0207562
20220208,1681713651.4297805
20220209,1627651852.4666991
20220210,1701780235.186601
20220211,1692764460.1536818
20220212,1573487253.6364644
20220213,1510624911.562405
20220214,1537568916.496208
20220215,1508816896.8154724
20220216,1605607520.632443
20220217,1831997456.763022
20220218,1676533835.6705396
20220219,1866147024.664945
20220220,1780625061.4276726
20220221,1659205923.8766236
20220222,1434521545.5482795
20220223,1455717277.3142884
20220224,1385198644.7793777
20220225,1482589045.0969396
20220226,1525750285.4320269
20220227,1474864742.8283617
20220228,1405523236.857576
20220301,1598269175.1917877
20220302,1705150041.4011137
20220303,1688136333.081484
20220304,1670136121.9431589
20220305,1512592054.6733565
20220306,1537907715.630296
20220307,1445823461.0195105
20220308,1437341053.2016137
20220309,1445021364.8911679
20220310,1502524946.8516285
20220311,1453689841.3813715
20220312,1419756323.879316
20220313,1421813319.8452528
20220314,1346883475.9491549
20220315,1379406721.0317316
20220316,1375717592.6707153
20220317,1440444227.663595
20220318,1461688189.1542516
20220319,1488778619.656863
20220320,1543642255.5017395
20220321,1601121793.6171277
20220322,1589000464.3532393
20220323,1678145005.978188
20220324,1714814922.9328473
20220325,1715749079.8352342
20220326,1702557105.7547581
20220327,1736573083.005632
20220328,1826933576.3711612
20220329,1809283891.2121372
20220330,1893007677.7836294
20220331,1999868320.2914567
20220401,1899351779.3409762
20220402,1973217660.513283
20220403,1942813124.3633287
20220404,1974978897.618557
20220405,1916362721.5709429
20220406,1837143897.0192106
20220407,1594751605.5946126
20220408,1644950155.5938644
20220409,1538701852.4453208
20220410,1590763309.4833176
20220411,1540448499.2222078
20220412,1395581829.1536171
20220413,1438496004.1043518
20220414,1504544574.7930472
20220415,1456247422.5716922
20220416,1495159457.616505
20220417,1525352902.9933875
20220418,1450121064.1626308
20220419,1503902236.6793292
20220420,1554646150.1321912
20220421,1515515225.7620943
20220422,1468961925.303316
20220423,1489122192.1377676
20220424,1482951796.8798633
20220425,1430957264.6985016
20220426,1412439388.2908914
20220427,1309175947.5387366
20220428,1339623170.3309302
20220429,1323388449.6158018
20220430,1266655467.4057486
20220501,1188395486.6212862
20220502,1248511871.5234864
20220503,1241595453.666266
20220504,1240062547.52264
20220505,1366130744.925233
20220506,1215320582.5655806
20220506,1196786319.5338542