20151027,0
20151028,0
20151029,0
20151030,0
20151031,0
20151104,0.0
20151105,0.0
20151106,0.0
20151107,0.0
20151108,0.0
20151109,0.0
20151110,0.0
20151111,0.0
20151112,0.0
20151113,0.0
20151114,0.0
20151115,0.0
20151116,0.0
20151117,0.0
20151118,0.0
20151119,0.0
20151120,0.0
20151121,0.0
20151122,0.0
20151123,0.0
20151124,0.0
20151125,0.0
20151126,0.0
20151127,0.0
20151128,0.0
20151129,0.0
20151130,0.0
20151201,0.0
20151202,0.0
20151203,0.0
20151204,0.0
20151205,0.0
20151206,0.0
20151207,0.0
20151208,0.0
20151209,0.0
20151210,0.0
20151211,0.0
20151212,0.0
20151213,0.0
20151214,0.0
20151215,0.0
20151216,0.0
20151217,0.0
20151218,0.0
20151219,0.0
20151220,0.0
20151221,0.0
20151222,0.0
20151223,0.0
20151224,0.0
20151225,0.0
20151226,0.0
20151227,0.0
20151228,0.0
20151229,0.0
20151230,0.0
20151231,0.0
20160101,0.0
20160102,0.0
20160103,0.0
20160104,0.0
20160105,0.0
20160106,0.0
20160107,0.0
20160108,0.0
20160109,0.0
20160110,0.0
20160111,0.0
20160112,0.0
20160113,0.0
20160114,0.0
20160115,0.0
20160116,0.0
20160117,0.0
20160118,0.0
20160119,0.0
20160120,0.0
20160121,0.0
20160122,0.0
20160123,0.0
20160124,0.0
20160125,0.0
20160126,0.0
20160127,0.0
20160128,0.0
20160129,0.0
20160130,0.0
20160131,0.0
20160201,0.0
20160202,0.0
20160203,0.0
20160204,0.0
20160205,0.0
20160206,0.0
20160207,0.0
20160208,0.0
20160209,0.0
20160210,0.0
20160211,0.0
20160212,0.0
20160213,0.0
20160214,0.0
20160215,0.0
20160216,0.0
20160217,0.0
20160218,0.0
20160219,0.0
20160220,0.0
20160221,0.0
20160222,0.0
20160223,0.0
20160224,0.0
20160225,0.0
20160226,0.0
20160227,0.0
20160228,0.0
20160229,0.0
20160301,0.0
20160302,0.0
20160303,0.0
20160304,0.0
20160305,0.0
20160306,0.0
20160307,0.0
20160308,0.0
20160309,0.0
20160310,0.0
20160311,0.0
20160312,0.0
20160313,0.0
20160314,0.0
20160315,0.0
20160316,0.0
20160317,0.0
20160318,0.0
20160319,0.0
20160320,0.0
20160321,0.0
20160322,0.0
20160323,0.0
20160324,0.0
20160325,0.0
20160326,0.0
20160327,0.0
20160328,0.0
20160329,0.0
20160330,0.0
20160331,0.0
20160401,0.0
20160402,0.0
20160403,0.0
20160404,0.0
20160405,0.0
20160406,0.0
20160407,0.0
20160408,0.0
20160409,0.0
20160410,0.0
20160411,0.0
20160412,0.0
20160413,0.0
20160414,0.0
20160415,0.0
20160416,0.0
20160417,0.0
20160418,0.0
20160419,0.0
20160420,0.0
20160421,0.0
20160422,0.0
20160423,0.0
20160424,0.0
20160425,0.0
20160426,0.0
20160427,0.0
20160428,0.0
20160429,0.0
20160430,0.0
20160501,0.0
20160502,0.0
20160503,0.0
20160504,0.0
20160505,0.0
20160506,0.0
20160507,0.0
20160508,0.0
20160509,0.0
20160510,0.0
20160511,0.0
20160512,0.0
20160513,0.0
20161005,98230000.0
20161006,79530000.00000001
20161007,73480000.0
20161008,75130000.0
20161009,77990000.0
20161010,75350000.0
20161011,63140000.0
20161012,64130000.0
20161013,67320000.0
20161014,65450000.0
20161015,63360000.0
20161016,63030000.0
20161017,55440000.0
20161018,59620000.0
20161019,58299999.999999985
20161020,56320000.0
20161021,59840000.000000015
20161022,58629999.999999985
20161023,57860000.0
20161024,56870000.0
20161025,50930000.0
20161026,52359999.999999985
20161027,55219999.99999999
20161028,54780000.000000015
20161029,45979999.99999999
20161030,49060000.0
20161031,50270000.000000015
20161101,44110000.0
20161102,48840000.000000015
20161103,48950000.00000001
20161104,48400000.00000001
20161105,59729999.99999999
20161106,54669999.99999999
20161107,53570000.0
20161108,52690000.0
20161109,48950000.00000001
20161110,53900000.000000015
20161111,53240000.0
20161112,53350000.0
20161113,51480000.0
20161114,49060000.0
20161115,50380000.0
20161116,50050000.0
20161117,49280000.000000015
20161118,45320000.0
20161119,50270000.0
20161120,49280000.000000015
20161121,48730000.0
20161122,49500000.0
20161123,48290000.0
20161124,45870000.0
20161125,46420000.0
20161126,45760000.0
20161127,46969999.99999999
20161128,40700000.0
20161129,40260000.0
20161130,40480000.0
20161201,39380000.0
20161202,36630000.0
20161203,38170000.00000001
20161204,36850000.0
20161205,31240000.0
20161206,33330000.0
20161207,35750000.0
20161208,35200000.0
20161209,37400000.0
20161210,33880000.0
20161211,35090000.0
20161212,34540000.0
20161213,34100000.0
20161214,34210000.0
20161215,32780000.0
20161216,32230000.0
20161217,30800000.0
20161218,33990000.0
20161219,32450000.0
20161220,31900000.0
20161221,31570000.0
20161222,30140000.0
20161223,27829999.999999993
20161224,30470000.0
20161225,30250000.0
20161226,36300000.0
20161227,37950000.0
20161228,35750000.0
20161229,38390000.0
20161230,41030000.0
20161231,41580000.0
20170101,43340000.0
20170102,46090000.0
20170103,47409999.99999999
20170104,55219999.999999985
20170105,53900000.0
20170106,54890000.0
20170107,51150000.000000015
20170108,49940000.0
20170109,45540000.0
20170110,46090000.0
20170111,41360000.0
20170112,45210000.0
20170113,47300000.0
20170114,47300000.0
20170115,45320000.0
20170116,44330000.0
20170117,47960000.0
20170118,48400000.0
20170119,49390000.0
20170120,48510000.0
20170121,50380000.0
20170122,51040000.0
20170123,50600000.0
20170124,48180000.0
20170125,47410000.0
20170126,46200000.0
20170127,47960000.0
20170128,46860000.0
20170129,47300000.0
20170130,46419999.99999999
20170131,47080000.00000001
20170201,46420000.0
20170202,45320000.0
20170203,45210000.000000015
20170204,46420000.0
20170205,46419999.99999999
20170206,46640000.0
20170207,47410000.0
20170208,50270000.0
20170209,47190000.0
20170210,46310000.0
20170211,47409999.99999999
20170212,48840000.0
20170213,47630000.0
20170214,52469999.99999999
20170215,53130000.0
20170216,54560000.0
20170217,54450000.0
20170218,55660000.0
20170219,57090000.0
20170220,56100000.0
20170221,56100000.0
20170222,56100000.0
20170223,56100000.0
20170224,52140000.000000015
20170225,52580000.0
20170226,54010000.0
20170227,52800000.0
20170228,50160000.0
20170301,55659999.999999985
20170302,63580000.0
20170303,66220000.0
20170304,62150000.0
20170305,67100000.0
20170306,65780000.0
20170307,63580000.0
20170308,58520000.0
20170309,59400000.0
20170310,64020000.0
20170311,66549999.999999985
20170312,79090000.00000001
20170313,86570000.0
20170314,89870000.0
20170315,108900000.0
20170316,110000000.0
20170317,89650000.0
20170318,74470000.0
20170319,95370000.0
20170320,90860000.0
20170321,91410000.0
20170322,102300000.00000001
20170323,102630000.0
20170324,102300000.00000001
20170325,97569999.99999999
20170326,95590000.0
20170327,97569999.99999999
20170328,100540000.00000001
20170329,102520000.00000001
20170330,110000000.0
20170331,135960000.0
20170401,137830000.0
20170402,126280000.0
20170403,120010000.0
20170404,121220000.0
20170405,116270000.00000001
20170406,114620000.0
20170407,105490000.0
20170408,110000000.0
20170409,113629999.99999997
20170410,111320000.0
20170411,110770000.0
20170412,116270000.0
20170413,116710000.0
20170414,118470000.0
20170415,124080000.0
20170416,128370000.0
20170417,132110000.0
20170418,136950000.0
20170419,135080000.0
20170420,124740000.0
20170421,121550000.0
20170422,132440000.0
20170423,127930000.0
20170424,148940000.0
20170425,145090000.0
20170426,140580000.0
20170427,152350000.0
20170428,161920000.0
20170429,182270000.0
20170430,185680000.0
20170501,178860000.0
20170502,180620000.0
20170503,182050000.0
20170504,190740000.0
20170505,188210000.0
20170506,194370000.0
20170507,190850000.0
20170508,190630000.0
20170509,183700000.0
20170510,186120000.0
20170511,195250000.0
20170512,184580000.0
20170513,179520000.0
20170514,186340000.0
20170515,175450000.0
20170516,166650000.0
20170517,168960000.0
20170518,175560000.0
20170519,181060000.0
20170520,192390000.0
20170521,189090000.0
20170522,214280000.0
20170523,284240000.0
20170524,339460000.0
20170525,267850000.0
20170526,243320000.0
20170527,222750000.0
20170528,222750000.0
20170529,231220000.0
20170530,223630000.0
20170531,241560000.0
20170601,260260000.0
20170602,271040000.0
20170603,286330000.0
20170604,313280000.0
20170605,314050000.0
20170606,371800000.0
20170607,373560000.0
20170608,389730000.0
20170609,376310000.0
20170610,371690000.0
20170611,368940000.0
20170612,348040000.0
20170613,364760000.0
20170614,334180000.0
20170615,307230000.0
20170616,314050000.0
20170617,342100000.0
20170618,328570000.0
20170619,359040000.0
20170620,330220000.0
20170621,318010000.0
20170622,331980000.0
20170623,343200000.0
20170624,319550000.0
20170625,304700000.0
20170626,270050000.0
20170627,281270000.0
20170628,310640000.0
20170629,296890000.0
20170630,308770000.0
20170701,274670000.0
20170702,289960000.0
20170703,315040000.0
20170704,303930000.0
20170705,295900000.0
20170706,302610000.0
20170707,244200000.0
20170708,255750000.0
20170709,245520000.0
20170710,179080000.0
20170711,183150000.0
20170712,233420000.0
20170713,225720000.0
20170714,213510000.0
20170715,203720000.0
20170716,174680000.0
20170717,199540000.0
20170718,216150000.0
20170719,185790000.0
20170720,213510000.0
20170721,221320000.0
20170722,236060000.0
20170723,229460000.0
20170724,237490000.0
20170725,197450000.0
20170726,199320000.0
20170727,199980000.0
20170728,189200000.0
20170729,192390000.0
20170730,191290000.0
20170731,183810000.0
20170801,198880000.0
20170802,193160000.0
20170803,190080000.0
20170804,191840000.0
20170805,209550000.0
20170806,208450000.0
20170807,207790000.0
20170808,231880000.0
20170809,248490000.0
20170810,249260000.0
20170811,247060000.0
20170812,250250000.0
20170813,227040000.0
20170814,217580000.0
20170815,232650000.0
20170816,235070000.0
20170817,235510000.0
20170818,209330000.0
20170819,216150000.0
20170820,227700000.0
20170821,241450000.0
20170822,234630000.0
20170823,242220000.0
20170824,252450000.0
20170825,279070000.0
20170826,325930000.0
20170827,306680000.0
20170828,288530000.0
20170829,277200000.0
20170830,279070000.0
20170831,288750000.0
20170901,313170000.0
20170902,264000000.0
20170903,273680000.0
20170904,240790000.0
20170905,255420000.0
20170906,259490000.0
20170907,263120000.0
20170908,243870000.0
20170909,244530000.0
20170910,237050000.0
20170911,229790000.0
20170912,232430000.0
20170913,225720000.0
20170914,176220000.0
20170915,200750000.0
20170916,194018000.0
20170917,193388800.0
20170918,208816300.0
20170919,199678600.0
20170920,203572600.0
20170921,188848000.0
20170922,187140800.0
20170923,197228900.0
20170924,196632700.0
20170925,207658000.0
20170926,205995900.0
20170927,231327800.0
20170928,242944900.0
20170929,227290800.0
20170930,233889700.0
20171001,227016900.0
20171002,212248300.0
20171003,214212900.0
20171004,209080300.0
20171005,209110000.0
20171006,211459600.0
20171007,222412300.0
20171008,210210000.0
20171009,196009000.0
20171010,206610800.0
20171011,204564800.0
20171012,202068900.0
20171013,202474800.0
20171014,207915400.0
20171015,204307400.0
20171016,210190200.0
20171017,206160900.0
20171018,202043600.0
20171019,199508100.0
20171020,192647400.0
20171021,184935300.0
20171022,184877000.0
20171023,180272400.0
20171024,193532900.0
20171025,198641300.0
20171026,194695600.0
20171027,191747600.0
20171028,190065700.0
20171029,195639400.0
20171030,186980200.0
20171031,192544000.0
20171101,188615900.0
20171102,180364800.0
20171103,193196300.0
20171104,192291000.0
20171105,182312900.0
20171106,186437900.0
20171107,186854800.0
20171108,201171300.0
20171109,208611700.0
20171110,194463500.0
20171111,196731700.0
20171112,187323400.0
20171113,200633400.0
20171114,207957200.0
20171115,212487000.0
20171116,216645000.0
20171117,212488100.0
20171118,217525000.0
20171119,222421100.0
20171120,232048300.0
20171121,232219900.0
20171122,275543400.0
20171123,287130800.0
20171124,315373300.0
20171125,312213000.0
20171126,301802600.0
20171127,319388300.0
20171128,313272300.0
20171129,268026000.0
20171130,287247400.0
20171201,290482500.0
20171202,315924400.0
20171203,388426500.0
20171204,400941200.0
20171205,393325900.0
20171206,355903900.0
20171207,301057900.0
20171208,328952800.0
20171209,318948300.0
20171210,310581700.0
20171211,333595900.0
20171212,376137300.0
20171213,383955000.0
20171214,401189800.0
20171215,399978700.0
20171216,457397600.0
20171217,472992300.0
20171218,604681000.0
20171219,1150897000.0
20171220,982615700.0
20171221,916429800.0
20171222,697283400.0
20171223,820408600.0
20171224,760047200.0
20171225,774965400.0
20171226,942125800.0
20171227,884741000.0
20171228,805526700.0
20171229,850987500.0
20171230,721158900.0
20171231,775724400.0
20180101,828885200.0
20180102,868004500.0
20180103,850933600.0
20180104,811132300.0
20180105,795286800.0
20180106,849541000.0
20180107,883022800.0
20180108,1042500800.0
20180109,1001790900.0
20180110,1122440000.0
20180111,1127500000.0
20180112,1167991000.0
20180113,1163536000.0
20180114,1046404700.0
20180115,1004030500.0
20180116,731706800.0
20180117,720685900.0
20180118,709286600.0
20180119,854074100.0
20180120,1067375100.0
20180121,972024900.0
20180122,907894900.0
20180123,973523100.0
20180124,985494400.0
20180125,967227800.0
20180126,911400600.0
20180127,928991800.0
20180128,930799100.0
20180129,874190900.0
20180130,864508700.0
20180131,753223900.0
20180201,747894400.0
20180202,703695300.0
20180203,652810400.0
20180204,663197700.0
20180205,551195700.0
20180206,483265200.0
20180207,515518300.0
20180208,525551400.0
20180209,569708700.0
20180210,627155100.0
20180211,608071200.0
20180212,545018100.0
20180213,598918100.0
20180214,555141400.0
20180215,575856600.0
20180216,597844500.0
20180217,594924000.0
20180218,607127400.0
20180219,600974000.0
20180220,595805100.0
20180221,566044600.0
20180222,479395400.0
20180223,481466700.0
20180224,488659600.0
20180225,473874500.0
20180226,484646800.0
20180227,512323900.0
20180228,538265200.0
20180301,504147600.0
20180302,519498100.0
20180303,500915800.0
20180304,520223000.0
20180305,506871200.0
20180306,510838900.0
20180307,477340600.0
20180308,432900600.0
20180309,424310700.0
20180310,400736600.0
20180311,369311800.0
20180312,398651000.0
20180313,385304700.0
20180314,420766500.0
20180315,345657400.0
20180316,353108800.0
20180317,370803400.0
20180318,340430200.0
20180319,324190900.0
20180320,364786400.0
20180321,389598000.0
20180322,397378300.0
20180323,386515800.0
20180324,384725000.0
20180325,384178300.0
20180326,376989800.0
20180327,380231500.0
20180328,361640400.0
20180329,364349700.0
20180330,293616400.0
20180331,282946400.0
20180401,286513700.0
20180402,268776200.0
20180403,280812400.0
20180404,299412300.0
20180405,263800900.0
20180406,292880500.0
20180407,264801900.0
20180408,270451500.0
20180409,276288100.0
20180410,266202200.0
20180411,271767100.0
20180412,278820300.0
20180413,305589920.59035176
20180414,319363363.1975606
20180415,316801199.0337659
20180416,333048081.2035934
20180417,316026663.6065597
20180418,318706189.55781347
20180419,355516623.55520034
20180420,421626794.73752123
20180421,433748850.8638604
20180422,422742945.32873195
20180423,439740777.1445454
20180424,462505716.6581645
20180425,502159490.2592092
20180426,442383895.17986184
20180427,472199365.9383289
20180428,444444219.7886971
20180429,456020004.43326473
20180430,443603051.2873695
20180501,442796571.1081049
20180502,428244442.2937729
20180503,429669012.36349165
20180504,485059462.0813192
20180505,471542689.71471184
20180506,479602197.053693
20180507,469424606.4709029
20180508,454551946.7291997
20180509,493559492.6725493
20180510,545555443.7999744
20180511,484520745.47007364
20180512,611505965.8913327
20180513,570981616.2366588
20180514,581156057.4962856
20180515,595486512.101901
20180516,594235519.3718055
20180517,554013614.2181635
20180518,623410040.723458
20180519,605626773.9309715
20180520,589555961.5394484
20180521,595920944.7786925
20180522,569222220.7873282
20180523,502962070.71189195
20180524,467090200.6986328
20180525,461292674.68736047
20180526,438050723.14931595
20180527,432876027.4523735
20180528,422510562.21827084
20180529,364445677.5497116
20180530,414459054.8667104
20180531,400700374.50689787
20180601,417211607.9864972
20180602,428537035.7250683
20180603,442257288.0484284
20180604,440895781.7449625
20180605,412737940.2249033
20180606,416816278.9034509
20180607,418082687.13510334
20180608,424428722.9164367
20180609,419892811.2131818
20180610,404543216.5350496
20180611,362509536.3493921
20180612,368582444.5312943
20180613,343286852.65462095
20180614,338881883.0370599
20180615,378786182.8107619
20180616,359835039.00372356
20180617,366312750.6714143
20180618,369018012.42260146
20180619,376863622.47376364
20180620,398065796.915214
20180621,390151090.3862793
20180622,380215138.2829048
20180623,338298129.2989656
20180624,336866336.1045536
20180625,336027772.0614847
20180626,352193390.3564281
20180627,331805304.3713207
20180628,328498448.27064013
20180629,334005418.7468686
20180630,357922247.7339501
20180701,388514025.9560885
20180702,378127436.60841197
20180703,401956508.4156711
20180704,385918360.3872298
20180705,391850551.0487584
20180706,397777742.6673067
20180707,426406712.1129547
20180708,391693803.8294312
20180709,435741520.0622796
20180710,407657120.5923667
20180711,339993657.15127754
20180712,349958290.8399669
20180713,330542628.9714426
20180714,308161859.32322335
20180715,313530841.7946497
20180716,313710656.8117919
20180717,354954633.17888415
20180718,378680647.2360063
20180719,371602477.7546207
20180720,333726546.8856069
20180721,313091155.4612742
20180722,327782713.65989757
20180723,390889906.3089725
20180724,354642395.98678976
20180725,335431046.15504587
20180726,329668339.92882395
20180727,328978752.20394045
20180728,335820058.68641347
20180729,331477496.3737882
20180730,333957493.9745161
20180731,344493017.6631397
20180801,331366363.0686313
20180802,330755629.8047024
20180803,324084593.61715025
20180804,324294277.05758
20180805,307348136.73631537
20180806,313207821.38915825
20180807,308339262.6677675
20180808,294109696.39890075
20180809,246758957.90459555
20180810,283910618.9355143
20180811,255111696.64085335
20180812,227720105.72759518
20180813,230751489.08797437
20180814,209575164.0483107
20180815,179072975.12065488
20180816,182334993.436299
20180817,184788872.92421788
20180818,213255052.3737194
20180819,199239568.81519428
20180820,205195506.98735672
20180821,194781397.90674335
20180822,212658575.4139053
20180823,203942117.5471526
20180824,209949090.36818773
20180825,208448070.31194466
20180826,210432958.73455417
20180827,212074204.5169959
20180828,220340441.10676026
20180829,231282333.1639908
20180830,227081793.81934267
20180831,219246253.7460635
20180901,215468941.837039
20180902,224326148.81572467
20180903,222034549.6751944
20180904,225895702.91256067
20180905,228505797.84650826
20180906,193821436.3097826
20180907,182040759.93379638
20180908,169467668.25031626
20180909,155695080.70669696
20180910,160689850.18210554
20180911,156446611.2130306
20180912,153780920.90175
20180913,145694594.1548252
20180914,151487823.7643617
20180915,149239006.25393838
20180916,145628621.85805604
20180917,148447255.76024145
20180918,133754323.97198817
20180919,140190830.4322383
20180920,136921514.18066758
20180921,144567667.12112582
20180922,157497730.34629613
20180923,150751790.95451322
20180924,149656291.57937095
20180925,145358514.66367692
20180926,143554837.0628283
20180927,140932855.71531937
20180928,148321969.59164828
20180929,145198994.14919326
20180930,148737203.37508273
20181001,147406857.7073817
20181002,145650833.23957473
20181003,145083655.39024138
20181004,142394330.39131686
20181005,142072111.06351504
20181006,140586447.92611033
20181007,139110554.88128877
20181008,140800035.97991067
20181009,145178604.77135333
20181010,144582840.6394865
20181011,146389707.15573645
20181012,129449732.83119868
20181013,130384940.77598242
20181014,138282816.6403155
20181015,134315232.17547315
20181016,136420679.3786926
20181017,140684502.81393278
20181018,142607133.91702843
20181019,139419461.98111856
20181020,136626154.57576624
20181021,140065378.44678435
20181022,145117637.4318396
20181023,146708758.23393273
20181024,150137424.76843253
20181025,157453384.56719047
20181026,151170440.19690812
20181027,151351197.35179344
20181028,153765578.86911067
20181029,163514077.98229527
20181030,156691136.76026767
20181031,160191823.7820815
20181101,158535439.51062652
20181102,158196317.17700845
20181103,160341699.81882492
20181104,169210285.82034907
20181105,159657568.6048948
20181106,159761097.46795836
20181107,161811656.35296124
20181108,163626524.82666656
20181109,163631646.1669714
20181110,161987147.7199734
20181111,162163059.4498631
20181112,152712850.50782168
20181113,147852443.00594184
20181114,145266948.34995905
20181115,124601085.69520931
20181116,123357620.24759635
20181117,123737817.41453649
20181118,120480841.5055663
20181119,122297177.37347968
20181120,98272150.41466413
20181121,90784678.48341624
20181122,99388681.46281534
20181123,110552070.71489406
20181124,102941853.9079812
20181125,91545486.59970409
20181126,87819282.50541371
20181127,85420243.99922048
20181128,85958337.06175032
20181129,94800349.09018224
20181130,95757408.00048816
20181201,90463828.30803695
20181202,95931644.30362576
20181203,92334124.06813686
20181204,86588468.93990988
20181205,89732611.37983148
20181206,81876817.64121187
20181207,75105280.2147399
20181208,69868343.42265187
20181209,67795912.77328071
20181210,69895129.57195216
20181211,64760736.64400146
20181212,70065407.33026683
20181213,75124219.75364792
20181214,67825027.61661862
20181215,63076974.34867124
20181216,61183584.04583518
20181217,62011443.43722111
20181218,68299568.72195548
20181219,70444929.33859602
20181220,75024041.057519
20181221,80767818.08439854
20181222,77515685.85320702
20181223,81097854.32143031
20181224,91941542.57344083
20181225,96422886.80766715
20181226,84945170.46869929
20181227,87776428.85759597
20181228,79227092.80998914
20181229,87933957.78568159
20181230,89997737.41635025
20181231,88842842.58401601
20190101,84478202.02239497
20190102,89300370.40614216
20190103,96211603.30894731
20190104,93551717.26170868
20190105,100718653.36838523
20190106,101343435.51765552
20190107,103331181.00356077
20190108,102327562.7587376
20190109,109132537.96581602
20190110,107840219.44279063
20190111,99208526.89063527
20190112,101906978.06294781
20190113,98297241.97958878
20190114,88968405.95957612
20190115,110498685.36976324
20190116,105672139.0774322
20190117,151176030.7157584
20190118,164049420.76206508
20190119,165914702.3336033
20190120,189685446.11501387
20190121,197783315.1028605
20190122,183012533.3057097
20190123,166549923.49648005
20190124,158973929.63559482
20190125,162141085.6285416
20190126,153753280.52846158
20190127,149355015.57697502
20190128,141759358.9498901
20190129,123553859.21140559
20190130,131787010.6787839
20190131,131141852.11391021
20190201,137915651.731097
20190202,138944716.2881876
20190203,159094069.2543202
20190204,157612094.47708187
20190205,149334333.4375563
20190206,147548343.15846032
20190207,142922295.19546166
20190208,143975181.5280976
20190209,150689637.8814804
20190210,151615932.85766938
20190211,148052797.25997168
20190212,146692130.53010163
20190213,149025380.40909111
20190214,147733298.51910147
20190215,147600885.47613013
20190216,147740862.1448849
20190217,148247226.63025868
20190218,149955879.3484159
20190219,156312316.18916023
20190220,153783667.3316141
20190221,154844802.96755767
20190222,150516835.9263932
20190223,151966789.3824024
20190224,154459065.91862747
20190225,138388634.728322
20190226,142499059.68660802
20190227,141015405.26055357
20190228,140338860.23973188
20190301,137237866.83258256
20190302,139370395.00086418
20190303,137825238.65303698
20190304,140072881.11692512
20190305,133612141.18442915
20190306,139554039.71801007
20190307,137700958.84302834
20190308,140761069.90736264
20190309,138520955.96197277
20190310,143478971.91384956
20190311,149351001.07502222
20190312,159882641.4228188
20190313,152743560.10541475
20190314,153079343.42344236
20190315,155845399.65628612
20190316,159214285.36477837
20190317,157149632.865036
20190318,160229795.54630223
20190319,163337189.35922763
20190320,160365114.5485731
20190321,164001065.02504823
20190322,156974373.01451895
20190323,157313428.06874672
20190324,158888277.21454093
20190325,158009095.90129608
20190326,155854416.2147412
20190327,155317608.3595092
20190328,160810026.1816871
20190329,159781395.92960203
20190330,161411288.8587507
20190331,172628815.07723323
20190401,170092645.81668404
20190402,173632236.79271635
20190403,195391443.15722615
20190404,217764885.1196565
20190405,211781381.9615054
20190406,215809210.2365254
20190407,234377658.13793352
20190408,243668857.54347852
20190409,243695725.13880903
20190410,225744040.63601345
20190411,219296211.48616445
20190412,201069649.96822506
20190413,213578040.1674963
20190414,207004160.53905457
20190415,221813361.789075
20190416,205974099.54361933
20190417,209487073.89271992
20190418,220232538.73745915
20190419,233929724.3456601
20190420,242826209.81282553
20190421,238031837.0283238
20190422,229439899.45492384
20190423,251621578.9072184
20190424,238428436.31879073
20190425,238732127.3367458
20190426,235547374.89899516
20190427,245004599.91438958
20190428,240268953.3962674
20190429,235281439.8658911
20190430,226209289.590141
20190501,232204214.61657465
20190502,224060174.1884309
20190503,225096891.35439077
20190504,227732230.88151744
20190505,225045684.68385267
20190506,222260319.39041832
20190507,228285713.00316375
20190508,222957070.7999974
20190509,219422281.3401937
20190510,211452654.27171293
20190511,218098654.55433506
20190512,234977555.46860662
20190513,220502253.17587116
20190514,223867723.1277507
20190515,233199066.31176177
20190516,264159392.71654844
20190517,254491459.38280416
20190518,233732095.3984621
20190519,240911601.6581924
20190520,251049614.5981529
20190521,233990461.53043562
20190522,224920661.3239608
20190523,214855926.80521685
20190524,215183676.5499301
20190525,212268749.63570848
20190526,213669740.2812182
20190527,220239995.94045085
20190528,223491095.0618601
20190529,225840677.32386568
20190530,227742854.9284582
20190531,213816033.69075927
20190601,216853110.79002735
20190602,215275250.289924
20190603,216943948.01291695
20190604,203925946.10306656
20190605,187622388.60043734
20190606,197689621.18840528
20190607,193555708.7475286
20190608,203732500.7634301
20190609,211203185.70677304
20190610,195545419.2171603
20190611,209053483.28038967
20190612,205969422.13251117
20190613,204302544.92592946
20190614,202781503.38155293
20190615,201252861.43129244
20190616,206071598.01725453
20190617,205652319.66420272
20190618,204865727.2514534
20190619,199233169.489396
20190620,201869577.3280065
20190621,199006107.3925135
20190622,201186949.43436915
20190623,204455207.91455165
20190624,200426215.44027358
20190625,201384282.0973346
20190626,197889480.01693463
20190627,198149803.32621935
20190628,186975377.66760117
20190629,186875435.71324474
20190630,187394297.0950655
20190701,178627657.5343657
20190702,167203735.54150465
20190703,163584879.79754326
20190704,165867865.30922136
20190705,158316215.14701024
20190706,154833547.63380933
20190707,159785089.8051618
20190708,164226667.0214303
20190709,161353302.29702717
20190710,180497612.69861618
20190711,169364764.92415765
20190712,157106719.90085578
20190713,169806888.0381061
20190714,163040192.3872149
20190715,147377660.951798
20190716,144358342.84172213
20190717,118425871.03673074
20190718,123251270.9303524
20190719,134743367.00071335
20190720,137160444.4836528
20190721,141688057.65588287
20190722,139503653.7933722
20190723,132996899.69882184
20190724,129227682.76347841
20190725,129545006.573984
20190726,126537653.52731185
20190727,127451191.01030833
20190728,121988845.45888568
20190729,122880696.59071504
20190730,123472748.23162697
20190731,128393270.0168239
20190801,126776401.76696308
20190802,121825838.67129269
20190803,122328180.67654327
20190804,122345942.65355055
20190805,119786618.28115697
20190806,131110092.81624287
20190807,120851797.3830949
20190808,121858704.94557947
20190809,122855043.75431506
20190810,120098876.3671114
20190811,119600854.40179129
20190812,120921316.10774589
20190813,119926404.80890982
20190814,116667460.48242284
20190815,106295768.81095612
20190816,110349027.38652782
20190817,106647273.81853005
20190818,104992258.49983037
20190819,106311607.62308171
20190820,112753867.6328075
20190821,111430950.43669654
20190822,108535007.4155729
20190823,109808979.07051429
20190824,107590726.47814657
20190825,108033230.97891577
20190826,105078957.42888547
20190827,105807167.57859461
20190828,103527750.04479069
20190829,91751654.69434722
20190830,88769331.0985398
20190831,89572077.4757509
20190901,87425208.52993424
20190902,88475665.15312302
20190903,89826762.18778624
20190904,90812421.56596877
20190905,92481261.26990429
20190906,101020662.01731364
20190907,123331676.71499598
20190908,118966035.90871857
20190909,120130286.91973485
20190910,116931968.16546102
20190911,113042324.02505526
20190912,112873892.6187862
20190913,116013401.87445305
20190914,115094189.23802987
20190915,117150070.21357277
20190916,114875424.20100164
20190917,115104662.91098092
20190918,117627076.92221211
20190919,116827463.37848729
20190920,118099856.01578483
20190921,119120156.26289207
20190922,118690503.36852103
20190923,116501492.36245696
20190924,115528182.5172629
20190925,99350358.10533258
20190926,94599834.23343275
20190927,88149472.58446237
20190928,91652668.23848157
20190929,91635630.60432181
20190930,89749452.90290345
20191001,91906649.85907255
20191002,91109571.73070614
20191003,91109571.73070614
20191004,89866308.1169651
20191005,89250071.46691674
20191006,89318961.32277323
20191007,88073344.34932685
20191008,91489295.62582776
20191009,92387831.40021072
20191010,94721351.05078642
20191011,92844472.50293458
20191012,89507323.69103323
20191013,89757785.08232746
20191014,91080974.55382134
20191015,90965224.26074883
20191016,89628840.32694261
20191017,88742992.23757294
20191018,90674818.37440549
20191019,91164416.17642774
20191020,88534220.19571817
20191021,89739033.80216625
20191022,90360723.68544231
20191023,87425198.50346361
20191024,80622177.23989637
20191025,82940616.01421794
20191026,87860191.96956506
20191027,90492115.71425693
20191028,92620096.15087327
20191029,99426604.9794976
20191030,101295884.41070203
20191031,98202442.84519358
20191101,98609604.95605063
20191102,99691500.4296657
20191103,109181488.37904209
20191104,111254912.76026744
20191105,133758431.45577078
20191106,133426185.05282561
20191107,125430690.23463473
20191108,123592369.21838091
20191109,124185693.81909417
20191110,131046666.3141812
20191111,133855661.7091253
20191112,129752916.81327866
20191113,128584139.0677646
20191114,126725378.82036065
20191115,122572487.51774499
20191116,118837596.16961199
20191117,122320008.05090968
20191118,125635562.98263311
20191119,120523009.77501422
20191120,113996837.54357503
20191121,130691797.71659374
20191122,125587783.99060729
20191123,118880538.48215039
20191124,123389673.6436199
20191125,113312991.74962337
20191126,114998538.45938799
20191127,119141730.58063991
20191128,118889608.28965858
20191129,117670013.99937685
20191130,119849497.50628877
20191201,119021892.587037
20191202,116937971.28626162
20191203,112187094.25330032
20191204,111888195.06214426
20191205,109732233.46397634
20191206,117153096.70366511
20191207,114612176.59305623
20191208,113619117.39330108
20191209,114585573.21645512
20191210,111508255.99800391
20191211,113404602.79100534
20191212,111930145.89776327
20191213,110917461.49673694
20191214,111773871.38424309
20191215,108565679.501833
20191216,109898627.19435562
20191217,105241163.50896859
20191218,95351337.52044706
20191219,109584183.79759791
20191220,104604572.51835746
20191221,107711795.6497095
20191222,107334473.1447889
20191223,107775224.32733731
20191224,107492538.59418958
20191225,106290496.93980166
20191226,103185448.44487046
20191227,101610621.5180047
20191228,102034730.5742923
20191229,100060420.7226614
20191230,100773450.07906714
20191231,99515384.14407231
20200101,96685126.61302245
20200102,95332502.58923016
20200103,93452430.6575636
20200104,97085680.6370826
20200105,99502279.747703
20200106,102231387.21628705
20200107,106241030.5201431
20200108,104929220.37333155
20200109,104737223.77544446
20200110,101983466.61354758
20200111,101369665.1268813
20200112,103597024.2658851
20200113,105142261.87816912
20200114,104152064.6708124
20200115,111701361.71067676
20200116,166677027.66463605
20200117,175401991.16159356
20200118,165076395.44869694
20200119,154796972.09367326
20200120,148133945.89348367
20200121,155053895.83200824
20200122,154468355.54003778
20200123,153324537.298097
20200124,149208090.77716047
20200125,163084083.80281138
20200126,160732284.30919868
20200127,158358287.94360387
20200128,160726009.94657987
20200129,160419706.8130514
20200130,155174378.4711363
20200131,161649259.07044366
20200201,156292826.38110602
20200202,155916718.7121281
20200203,157765178.1051611
20200204,164711369.76151627
20200205,168263456.34517935
20200206,171874870.04600078
20200207,172108345.93830943
20200208,173710700.59389672
20200209,178346301.71521416
20200210,179655673.31794512
20200211,178266161.21160474
20200212,184558634.61017632
20200213,190124525.16419902
20200214,178425501.48677352
20200215,180888547.85960585
20200216,164892391.55598143
20200217,159229276.03645283
20200218,152685253.77653956
20200219,156464123.00319064
20200220,149165584.69143584
20200221,151776242.6295995
20200222,148729957.3070201
20200223,143772433.81669256
20200224,151074817.5717672
20200225,144654703.9557685
20200226,139716914.96566144
20200227,124311865.01008825
20200228,126908153.6525132
20200229,125732753.91180174
20200301,122209648.92886618
20200302,136586967.04436564
20200303,138520627.27127767
20200304,134977146.59284657
20200305,139343353.308709
20200306,137832464.69907683
20200307,139815991.89235634
20200308,138367180.0432492
20200309,121494377.10400958
20200310,130287418.09905954
20200311,127985872.65285976
20200312,125576159.17624865
20200313,72613121.94395143
20200314,86870188.22021522
20200315,81414065.91576271
20200316,83594288.15384482
20200317,74041560.6848474
20200318,81130572.57365237
20200319,87856757.01321937
20200320,97178812.2897858
20200321,89469472.73193939
20200322,94434844.32375276
20200323,85966215.95838653
20200324,93035600.06103687
20200325,94867762.08380486
20200326,100831178.26027782
20200327,112954656.72619271
20200328,112334303.48816566
20200329,110890216.31648137
20200330,104790428.0141882
20200331,110048819.45787026
20200401,111665206.02443261
20200402,111480689.00281247
20200403,110372747.50180481
20200404,108667045.46175486
20200405,108258825.71890078
20200406,106858317.25139835
20200407,111251997.32379942
20200408,111693259.60175878
20200409,113852629.94843002
20200410,115512982.91547531
20200411,107859239.8814729
20200412,108861980.38498122
20200413,108155973.0651433
20200414,109412088.1164483
20200415,109264886.48219167
20200416,105458426.17009395
20200417,110484611.2227846
20200418,109116453.2394444
20200419,112549124.48797831
20200420,109632292.43440646
20200421,105011420.68758078
20200422,105970284.99981038
20200423,108982177.81645133
20200424,109769572.20036353
20200425,111630995.26735915
20200426,112131666.05413333
20200427,114338964.46175984
20200428,114926499.4006261
20200429,115971749.59954177
20200430,120668901.1727814
20200501,116004553.58992885
20200502,120630090.32838786
20200503,123764608.62294728
20200504,118783709.36977501
20200505,119208377.6626093
20200506,121911230.64931174
20200507,120237381.76118965
20200508,123822399.53456494
20200509,154272849.54418635
20200510,141100080.41969752
20200511,130533643.46642092
20200512,151649187.8392108
20200513,143621396.48775083
20200514,144370732.8375929
20200515,141890589.31054118
20200516,138180860.0099709
20200517,140119145.8167073
20200518,141199579.04599196
20200519,141809952.86551204
20200520,141411771.03898823
20200521,142236918.25378078
20200522,135298095.10439542
20200523,136799122.7475039
20200524,138957493.05315703
20200525,132425495.93039612
20200526,136554896.81386653
20200527,137654932.6832044
20200528,140254570.67072463
20200529,141102158.62114295
20200530,140345995.44805762
20200531,146534359.93173856
20200601,140144889.37021616
20200602,149956489.31458998
20200603,147830204.52376705
20200604,157015598.51570627
20200605,158510502.84834227
20200606,154977891.86750552
20200607,157201026.23388195
20200608,160546019.14152616
20200609,162283619.07316932
20200610,162711906.2132795
20200611,172930410.61312422
20200612,154310669.3049834
20200613,164014751.3249398
20200614,184897265.94172087
20200615,170413666.88069603
20200616,168058995.83500928
20200617,172265196.487375
20200618,176310723.4184967
20200619,177660136.35897407
20200620,204039796.90207663
20200621,193424473.81084585
20200622,196066051.68193275
20200623,199650643.7784485
20200624,192885452.54984444
20200625,184565260.42793268
20200626,177955761.9637468
20200627,190708086.2350038
20200628,175035125.60764495
20200629,174547691.2929466
20200630,185675825.9339885
20200701,179939919.73388705
20200702,184944315.5995512
20200703,185133683.4333096
20200704,200187278.4284417
20200705,208506500.11154073
20200706,200358562.9469777
20200707,208035776.61709976
20200708,217525883.70191172
20200709,222864043.25232762
20200710,212214919.28679767
20200711,211170688.4978393
20200712,212719641.9057106
20200713,213532467.42593712
20200714,203869942.02014396
20200715,219751752.25639096
20200716,214411276.70381838
20200717,210988069.38377607
20200718,210426373.0755933
20200719,212891133.81769276
20200720,209673301.9627334
20200721,213015728.80411395
20200722,255711413.59333956
20200723,260186573.03519067
20200724,248466987.9747879
20200725,254516928.76143423
20200726,253024098.17410243
20200727,246146186.28469145
20200728,225965601.8052687
20200729,239203099.7224726
20200730,221693772.185217
20200731,223528847.83082083
20200801,218541112.00551796
20200802,225852387.37628457
20200803,24151203.022077654
20200804,26111886.845922433
20200805,52498333.081781305
20200806,54962152.15868005
20200807,64081547.88611853
20200808,62507478.77098055
20200809,64476467.879161984
20200810,71907229.76463993
20200811,69831792.55712725
20200812,68438869.32766095
20200813,73478004.95993699
20200814,76115385.53779773
20200815,79416257.47906414
20200816,82681485.58523624
20200817,82940033.15708941
20200818,81982758.50593959
20200819,83090009.84598774
20200820,79987041.38068312
20200821,83374786.75739644
20200822,110167023.05191228
20200823,100428090.20768815
20200824,96738855.37079628
20200825,99897245.90716742
20200826,92903885.40508662
20200827,96018368.56148037
20200828,90969377.52772872
20200829,95494602.3479602
20200830,96314320.29381381
20200831,94959929.27166174
20200901,93818176.63790163
20200902,94004698.4095656
20200903,88485169.72295135
20200904,69378532.27614093
20200905,72085851.06275572
20200906,66933479.28321828
20200907,69418113.8709729
20200908,68907791.55903427
20200909,66118408.30614808
20200910,70351190.19347982
20200911,74161432.53928941
20200912,79715845.95675813
20200913,78317429.31374063
20200914,73425444.42744385
20200915,72212748.63486284
20200916,71203448.31788376
20200917,71761192.27420172
20200918,69302939.12614205
20200919,68075613.70650797
20200920,72609094.528608
20200921,70692369.61865011
20200922,65616707.98540486
20200923,68072465.24455817
20200924,63398706.83821632
20200925,72117209.49974574
20200926,70903578.93810047
20200927,72910869.51836112
20200928,71223273.5696912
20200929,71986638.23412928
20200930,71197005.28715113
20201001,72139354.02559179
20201002,70781400.7661303
20201003,67725385.98518191
20201004,70040835.82208852
20201005,70510838.17656815
20201006,71277305.26787938
20201007,66999596.67161518
20201008,67046407.10503565
20201009,68879159.19977361
20201010,72712072.68178579
20201011,73456074.01846394
20201012,73200335.31941815
20201013,73779921.49195549
20201014,72662400.75855167
20201015,72296222.71122584
20201016,70855709.46213086
20201017,69996078.9269705
20201018,69729256.96062559
20201019,70027150.16790874
20201020,70382292.94783992
20201021,67541436.91185175
20201022,69531193.61087714
20201023,70521186.42710117
20201024,70506462.25813138
20201025,70239761.10417013
20201026,69302323.77326775
20201027,67891688.68732996
20201028,68430000.88283451
20201029,64743288.18300198
20201030,65230648.769249685
20201031,64568339.53634636
20201101,65408831.97953141
20201102,66766420.09963178
20201103,65413751.17098598
20201104,69818383.99779582
20201105,68643791.49580291
20201106,69032277.4027551
20201107,72262280.92985123
20201108,69675307.08267383
20201109,71440714.78459953
20201110,71445836.51163544
20201111,73773553.97531433
20201112,76037495.4597546
20201113,73314869.10084586
20201114,75118998.65141906
20201115,73362262.45385908
20201116,73908289.56183709
20201117,74166151.03327505
20201118,77891859.57361162
20201119,79039603.80070004
20201120,75298320.86093988
20201121,75498837.24488997
20201122,80909533.82330991
20201123,81872795.2083771
20201124,83290013.71789962
20201125,94327565.28660019
20201126,89599214.16040774
20201127,79653320.05383578
20201128,80851576.04699199
20201129,84056332.86471593
20201130,83957366.76334582
20201201,85485257.74634925
20201202,83464719.50307362
20201203,87970414.79268512
20201204,90068346.0957155
20201205,81883643.42131834
20201206,92582560.38018996
20201207,93251337.77013178
20201208,91170823.21335405
20201209,84298900.8407961
20201210,85635256.65314692
20201211,84811841.08125849
20201212,80041571.9339484
20201213,85707256.47234605
20201214,85722213.61180435
20201215,87892445.87590384
20201216,89018271.62661318
20201217,90134377.24963681
20201218,89167309.47962251
20201219,111432201.3198444
20201220,110289164.09240848
20201221,99487405.5941568
20201222,100361927.63554975
20201223,97936246.65862027
20201224,81673542.28394617
20201225,88804833.37858006
20201226,94138365.19364846
20201227,89368433.4277466
20201228,89608983.34746544
20201229,91637033.71694025
20201230,99060347.42973113
20201231,95139984.91529511
20210101,93696749.02260289
20210102,95055264.45844854
20210103,94740058.91287194
20210104,98463577.8338264
20210105,92994053.96075216
20210106,96956590.61827184
20210107,106742851.67464235
20210108,110810862.24452132
20210109,103610190.4665491
20210110,114988983.10861112
20210111,120482668.02234356
20210112,104000787.56894928
20210113,102030566.10798134
20210114,109375391.16047569
20210115,111521083.14156982
20210116,110321031.56443173
20210117,115443226.68011151
20210118,122612820.17946999
20210119,124430592.72595161
20210120,125719981.39224672
20210121,126212435.59781118
20210122,105532845.88053647
20210123,109951017.7769136
20210124,113754596.33220981
20210125,114694168.53082319
20210126,111960319.6515899
20210127,111328247.87993608
20210128,102370263.91112663
20210129,111283089.7032768
20210130,110742567.59612194
20210131,108342828.57033233
20210201,106202863.10795471
20210202,107526695.11670408
20210203,111641817.88134812
20210204,122424003.06425297
20210205,125195086.58656617
20210206,134787391.53313142
20210207,128592291.9390319
20210208,123532493.30110356
20210209,130282252.6954567
20210210,139465391.8283063
20210211,147722475.09612927
20210212,159344709.29182136
20210213,174508606.79705295
20210214,189428045.5575474
20210215,198635984.285964
20210216,192186195.18944117
20210217,183475287.76565686
20210218,185447070.35913044
20210219,201957128.92269492
20210220,209653209.80980676
20210221,205689851.71528575
20210222,212921048.33158958
20210223,186018646.87856922
20210224,144226465.50834212
20210225,151712271.42210665
20210226,150782957.85886896
20210227,152549306.63711098
20210228,160412035.72758323
20210301,147566684.72325024
20210302,179117239.57729375
20210303,175430291.47454873
20210304,179443418.7230726
20210305,174395693.07419223
20210306,178913563.02152506
20210307,179303309.27265826
20210308,183102306.35790417
20210309,183722573.46992698
20210310,195517194.60624635
20210311,201895867.44239485
20210312,197423577.37914515
20210313,188707537.46910265
20210314,196674742.3983163
20210315,186129453.44416073
20210316,173923621.60183227
20210317,180500606.19066897
20210318,184662146.89058223
20210319,189860776.28039718
20210320,194747144.1955916
20210321,187329295.72824398
20210322,180994957.78856137
20210323,218651312.50471753
20210324,222961787.55547607
20210325,191055292.86378753
20210326,183719696.74954942
20210327,200330151.91589418
20210328,200639455.29554033
20210329,215646791.2546833
20210330,234085405.18228996
20210331,248891953.94872344
20210401,244767427.89266863
20210402,239332651.29328525
20210403,247485923.44136363
20210404,228210527.16160983
20210405,248405029.00205868
20210406,260846938.35693327
20210407,268821782.56721234
20210408,303541088.63327396
20210409,320814239.3307138
20210410,361489571.6284374
20210411,330824343.4355928
20210412,309668379.5527288
20210413,300328640.0057417
20210414,315783912.7810161
20210415,310465869.32608116
20210416,322700518.7815074
20210417,336490482.424269
20210418,323258413.92968494
20210419,283624714.40866953
20210420,247885832.0558097
20210421,248743788.81368816
20210422,236587177.35928172
20210423,206777725.41483694
20210424,201135202.9429521
20210425,186685257.17748857
20210426,187067500.94171262
20210427,229651295.19486657
20210428,242948282.69916028
20210429,240649175.53746533
20210430,230621558.70655936
20210501,257356952.88035032
20210502,268470475.0602566
20210503,259538350.4340956
20210504,275170555.91788703
20210505,248418199.96603885
20210506,297616901.22093934
20210507,311901836.0672183
20210508,306057734.8092134
20210509,302415364.3068734
20210510,291408686.09494334
20210511,252951294.2830378
20210512,277953348.799559
20210513,243607331.45573646
20210514,231312172.27247977
20210515,246010208.267255
20210516,221333590.4951239
20210517,216930072.4099881
20210518,203732556.78376895
20210519,209552472.3339715
20210520,139081779.7362974
20210521,197315414.8240741
20210522,167644711.19752452
20210523,157678666.6655712
20210524,121505011.74483028
20210525,168416724.16330403
20210526,169462242.02647755
20210527,179539095.42196646
20210528,175120709.0758115
20210529,157274137.14909506
20210530,150077737.81458035
20210531,149517480.99187022
20210601,157877383.2266602
20210602,151607786.57074767
20210603,162652865.5555993
20210604,171589951.22330377
20210605,155428550.5238109
20210606,151828663.19973758
20210607,159335509.0662305
20210608,147528049.88009906
20210609,137105857.55997518
20210610,144716410.4369816
20210611,140836719.38397282
20210612,128921485.34974949
20210613,120431259.62447082
20210614,124223193.78854747
20210615,128276803.44679727
20210616,129278674.10955624
20210617,120469599.88363037
20210618,117339092.96745831
20210619,110163234.91373469
20210620,107211270.69941734
20210621,105207813.8748731
20210622,79931805.11037214
20210623,70913587.06323422
20210624,74934924.23854811
20210625,83509738.69615732
20210626,77398351.8339073
20210627,74931473.48744711
20210628,80358321.8719214
20210629,87196042.95221
20210630,98007866.6573575
20210701,104421796.46762198
20210702,102255670.1946404
20210703,101319029.75084977
20210704,104808680.70763093
20210705,108887652.36153774
20210706,104754665.81990728
20210707,105715681.18071194
20210708,110633873.88124456
20210709,101462484.59813538
20210710,100492797.82647508
20210711,97257258.48808867
20210712,99594074.3607382
20210713,101473681.88916144
20210714,97918635.75326976
20210715,118985225.6592388
20210716,117018111.05196168
20210717,140204015.66595218
20210718,124128452.09551296
20210719,117053558.53393202
20210720,107769966.67609115
20210721,99069378.62004487
20210722,103683336.46124664
20210723,108975788.95547831
20210724,110424098.39421104
20210725,177771913.3548774
20210726,211932607.34420967
20210727,176862332.15391356
20210728,178027253.86088857
20210729,179968167.15521348
20210730,172927049.44172546
20210731,173265499.68611807
20210801,174132207.12368998
20210802,158186006.65508288
20210803,169791039.11529666
20210804,160740160.69513237
20210805,172480379.3580513
20210806,171199670.093091
20210807,171837837.52425128
20210808,174682349.54585654
20210809,167577978.80016986
20210810,173492386.75574917
20210811,182873615.42177844
20210812,187151558.02991426
20210813,177402887.774202
20210814,184760910.30257294
20210815,187140991.23025557
20210816,185012595.39398405
20210817,180043484.99693117
20210818,178447342.9297645
20210819,173269520.56360638
20210820,174857964.88058335
20210821,184206952.4957013
20210822,188153637.8385427
20210823,196409073.93341422
20210824,199856737.95080253
20210825,185427356.63570762
20210826,188761921.91243902
20210827,176428004.0336223
20210828,182995633.24385813
20210829,186913887.0904092
20210830,190862117.01054677
20210831,180220627.326788
20210901,186033212.4591202
20210902,190283822.08425322
20210903,190176490.21533298
20210904,195038100.18955353
20210905,219685490.04108432
20210906,218472791.51266482
20210907,215781231.8295815
20210908,169176391.6180578
20210909,170698801.8877664
20210910,176288284.29652464
20210911,164870271.58944222
20210912,168570690.75385553
20210913,177287934.72593027
20210914,165588438.23696426
20210915,171087395.20191613
20210916,175908338.32426113
20210917,175018878.20266348
20210918,172220353.51805365
20210919,174101166.37474266
20210920,166797895.25202212
20210921,142861800.88237995
20210922,128725041.04697458
20210923,143839666.09897003
20210924,146596363.5567381
20210925,136528749.44176695
20210926,150344711.82776475
20210927,138606383.016078
20210928,132499382.94076328
20210929,123376929.21129762
20210930,122402381.86606339
20211001,134110547.15548189
20211002,154846775.20487234
20211003,158409751.0320645
20211004,156542668.3643045
20211005,159570388.5370368
20211006,167553725.08070195
20211007,168214254.26113847
20211008,169168803.60493886
20211009,177672147.60051093
20211010,170852277.27930897
20211011,166793464.56911573
20211012,170719251.96726897
20211013,165203006.56029314
20211014,171423610.78918275
20211015,174312067.64506274
20211016,166989062.71993512
20211017,165323896.68102157
20211018,164391798.89112192
20211019,158356946.9673539
20211020,158776430.36517712
20211021,166730544.47675645
20211022,160437981.98265675
20211023,164711454.76875278
20211024,171298510.75961408
20211025,164830014.01276132
20211026,167103888.34325874
20211027,164715883.60478327
20211028,147835683.33514407
20211029,157137311.56508186
20211030,161406746.95393738
20211031,164990054.57431802
20211101,172396856.03938043
20211102,170509147.55058882
20211103,175444682.9774311
20211104,176747771.990239
20211105,172233817.13606578
20211106,170942554.19938725
20211107,169063218.53776664
20211108,169570451.94213864
20211109,176780762.7717454
20211110,181193184.3103585
20211111,168676930.22524855
20211112,166747943.3029306
20211113,163652651.9857979
20211114,164405767.49634382
20211115,164291080.4344364
20211116,167392505.06375885
20211117,157117509.55405185
20211118,165604498.7617792
20211119,150294223.00849542
20211120,156140401.94900838
20211121,158719728.59833977
20211122,158650826.47156864
20211123,163692807.76871935
20211124,159209712.87368083
20211125,152473903.60910687
20211126,156680017.5494515
20211127,147319471.9913895
20211128,148123287.530688
20211129,148696553.20194975
20211130,153195062.01677436
20211201,151425989.6844976
20211202,150896084.8923491
20211203,152110255.4296924
20211204,144889470.8773528
20211205,122435355.59640206
20211206,116197755.72367717
20211207,122348166.30621111
20211208,124200478.31109214
20211209,126742036.17689726
20211210,129161884.42571731
20211211,117733537.52359512
20211212,120814538.34776303
20211213,119645583.76640202
20211214,109452943.95800741
20211215,113445955.24098352
20211216,115662846.31046315
20211217,114299853.94643508
20211218,115962980.7164755
20211219,116487326.71809973
20211220,113964659.60091713
20211221,112178072.57022518
20211222,117527191.00077057
20211223,120459556.20065695
20211224,126707203.69848341
20211225,124408955.56157905
20211226,137693955.12482333
20211227,133647799.48583786
20211228,132568118.47448364
20211229,123999872.05988047
20211230,119209350.9284568
20211231,120544064.69387165
20220101,127171226.85247384
20220102,132940237.0863381
20220103,132967818.42041145
20220104,128538699.83843452
20220105,125069051.09881863
20220106,117081378.3931291
20220107,114271940.27063605
20220108,117560582.47095631
20220109,112568353.18753883
20220110,113118954.40439798
20220111,107657825.0362231
20220112,114964930.66694675
20220113,119065466.09386168
20220114,114884706.01165316
20220115,116660078.09255129
20220116,117897642.98747084
20220117,117009035.49235329
20220118,115097960.0742637
20220119,112365564.90688539
20220120,109235840.87956111
20220121,106403305.63093463
20220122,94743094.48000266
20220123,85302815.84727715
20220124,89993809.47509107
20220125,84733479.74513057
20220126,84481543.44804278
20220127,87348971.4855685
20220128,87124879.8661452
20220129,89701887.59317142
20220130,90121903.62146862
20220131,91014188.84050377
20220201,90395794.79031077
20220202,91247377.65012686
20220203,105804764.0213513
20220204,101449797.46908513
20220205,107561790.76555952
20220206,109184475.82613763
20220207,108392988.85703896
20220208,110697816.85554838
20220209,106787338.94364026
20220210,108301125.7038223
20220211,104990051.80212969
20220212,101680813.9122663
20220213,99446275.73734687
20220214,98163554.60441324
20220215,99237714.3569527
20220216,104728077.27091497
20220217,103558742.14647645
20220218,97189361.56240003
20220219,98496273.93728606
20220220,102102925.02805696
20220221,98771425.11407825
20220222,95474740.97866952
20220223,99491501.52760021
20220224,100458987.29761577
20220225,95962551.19366318
20220226,100697138.153355
20220227,101539327.27213949
20220228,96564616.1581885
20220301,103130667.56999063
20220302,105563017.8524551
20220303,108651003.926542
20220304,104714531.821097
20220305,97430493.90334803
20220306,98089787.3657814
20220307,94953182.30147289
20220308,93126711.30857804
20220309,94874075.14519966
20220310,98352295.19730738
20220311,95869998.89668866
20220312,94135364.88547291
20220313,94302408.75705053
20220314,91683344.39285657
20220315,92311529.02754262
20220316,91302905.95038295
20220317,93213519.59684281
20220318,94782951.10886
20220319,96176878.83016922
20220320,97888028.15261322
20220321,97065208.44737312
20220322,97227157.26629354
20220323,99608721.95850746
20220324,100291684.58407891
20220325,101716770.28917961
20220326,101487791.06504473
20220327,105675715.67476775
20220328,109052923.88079089
20220329,111692038.58666039
20220330,112532942.84834985
20220331,115163416.44941892
20220401,113383229.8712301
20220402,116770888.17945057
20220403,119494509.24658673
20220404,117164207.21265322
20220405,112865655.24437635
20220406,110774915.66855219
20220407,100549887.25632572
20220408,103265302.96168387
20220409,99198303.50021593
20220410,100818654.57252744
20220411,100145930.06896001
20220412,91849041.61330031
20220413,95224167.61006343
20220414,98649074.9972638
20220415,95099475.01815309
20220416,96054470.82253745
20220417,96135236.55188024
20220418,94393602.91873622
20220419,94657083.92597358
20220420,97505449.40529923
20220421,97042444.18885878
20220422,97837459.531339
20220423,101211231.06222005
20220424,97859909.63470085
20220425,96572456.2854896
20220426,96273395.24533352
20220427,89511498.98312218
20220428,91647109.10239653
20220429,93140826.20019318
20220430,89560759.47640964
20220501,82564859.24397072
20220502,83584089.38244951
20220503,82552485.35646248
20220504,80263162.2282173
20220505,87314414.46406983
20220506,80583221.3090692
20220507,78536469.06467786
20220508,76204671.77535495
20220509,73188113.8169434
20220509,68517411.76793423