20170420,0
20170421,21471202
20170422,25026552
20170423,20239430
20170424,20660485
20170425,22212656
20170426,22731847
20170427,37612790
20170428,37269435
20170429,42337322
20170430,49803310
20170501,44869392
20170502,47077547
20170503,57787142
20170504,59554977
20170505,55481867
20170506,52227486
20170507,48667524.736083455
20170508,43936294.61382508
20170509,39868946.62821109
20170510,43255391.67105787
20170511,41208555.59487143
20170512,39844545.06513283
20170513,39344460.60292335
20170514,37926178.25278111
20170515,37242713.63349557
20170516,39595298.52588811
20170517,37792814.21620697
20170518,34572481.573853046
20170519,34547115.86414627
20170520,38600547.278523505
20170521,33207375.415144995
20170522,35195431.3941798
20170523,39530491.98326444
20170524,49814490.65320884
20170525,46331089.67676247
20170526,43118091.73029688
20170527,39158949.86639513
20170528,37406799.47218298
20170529,38840113.2080697
20170530,41590591.973800115
20170531,44894702.36226706
20170601,53719694.02985852
20170602,68487257.25161137
20170603,68892172.28602986
20170604,87962824.3254083
20170605,91313837.59801327
20170606,96317368.24370818
20170607,91911196.80121149
20170608,85290141.63534798
20170609,73286228.84572896
20170610,64442823.04596631
20170611,62165577.849353224
20170612,60147252.22017725
20170613,57615451.201704115
20170614,50295416.244146146
20170615,51408421.57909913
20170616,62164808.75764874
20170617,60383872.51780864
20170618,55559382.01596266
20170619,54207213.98211711
20170620,59223626.6079408
20170621,58072993.89603761
20170622,70211244.38254297
20170623,63612601.62535818
20170624,60256338.20798101
20170625,54706632.956253104
20170626,49746468.560729384
20170627,52326992.12975089
20170628,51051251.0572005
20170629,47289818.53047167
20170630,45100148.542439885
20170701,43959862.00312187
20170702,43248598.99958971
20170703,46481863.811946936
20170704,45045494.302762404
20170705,44986072.17964246
20170706,38250692.05969732
20170707,28162126.45302403
20170708,32991099.400175817
20170709,31895106.99891586
20170710,27164600.24086011
20170711,29240991.23604126
20170712,30490787.630468003
20170713,27318087.816482984
20170714,25865257.28264755
20170715,22386179.327833887
20170716,22134504.76293972
20170717,26556485.340159576
20170718,31109084.028902147
20170719,26700700.752190694
20170720,33274038.37780857
20170721,33763232.44043492
20170722,36194562.27688408
20170723,33485767.70832452
20170724,41232531.93731738
20170725,32234672.373537444
20170726,32017698.373028133
20170727,31953420.890653286
20170728,29812852.0726704
20170729,30066479.47909743
20170730,28816703.72267867
20170731,29462724.60123172
20170801,30084814.094388977
20170802,32263576.14121987
20170803,34445227.45944499
20170804,32403809.027583804
20170805,33074032.181696948
20170806,36761486.50136157
20170807,40076507.2548852
20170808,41952240.090249255
20170809,40139635.13197263
20170810,35897508.25024608
20170811,48735261.01999359
20170812,62882126.95182168
20170813,55687446.49115243
20170814,48090462.88883331
20170815,55372547.7242115
20170816,53064928.88142621
20170817,52860601.46427859
20170818,53707971.77181978
20170819,58574697.885195106
20170820,55008095.90727157
20170821,55196459.551272735
20170822,48884717.7652937
20170823,50529080.84076153
20170824,51006227.12558154
20170825,50326447.344022386
20170826,50247620.341560386
20170827,48907022.51204444
20170828,49253064.83671604
20170829,50401389.350637205
20170830,50884963.91808589
20170831,49939043.0560324
20170901,55023139.18930022
20170902,54912258.79298834
20170903,54353882.90915035
20170904,47255574.79532816
20170905,48189370.1937248
20170906,47813188.82457159
20170907,45147262.13375474
20170908,42000363.20138505
20170909,42402700.564064756
20170910,38135450.07004442
20170911,39672984.90318107
20170912,45082523.423438035
20170913,40581682.59825092
20170914,30638002.77517188
20170915,36010102.0985642
20170916,35554276.52192457
20170917,35260998.34467254
20170918,43360628.86030449
20170919,40596440.75606289
20170920,43275528.64317242
20170921,39693678.527230136
20170922,38430894.95197829
20170923,40737536.68500496
20170924,39948632.48336948
20170925,42971492.055209145
20170926,42554238.708898775
20170927,44980226.735969596
20170928,41486914.7312295
20170929,41844529.87618261
20170930,41216630.64266297
20171001,41232395.39233729
20171002,38756700.11383701
20171003,41652775.08770973
20171004,39039224.43798821
20171005,45909616.518764265
20171006,43747731.4903805
20171007,41920602.17292612
20171008,39181913.14992598
20171009,38427525.26204553
20171010,39042060.35118555
20171011,41373617.01207272
20171012,55684362.36483374
20171013,40294511.1715385
20171014,39107052.77352587
20171015,38854275.50288903
20171016,241077001.28979754
20171017,42405167.812210895
20171018,37193781.871129714
20171019,38565330.65316833
20171020,38692309.40595047
20171021,37069278.42857577
20171022,36976632.54302751
20171023,36787705.62216956
20171024,43704920.83243612
20171025,44135874.63295053
20171026,47968554.099443175
20171027,47850062.97934687
20171028,48581223.93635364
20171029,53442578.985520676
20171030,55486910.91397096
20171031,54548070.991286516
20171101,48119518.258759744
20171102,55005223.090405695
20171103,47019861.260504134
20171104,46287037.71024373
20171105,44404733.580866374
20171106,43356454.61668723
20171107,42080927.197747216
20171108,44799592.0377571
20171109,52117311.722860575
20171110,44801882.90988237
20171111,40912564.50535045
20171112,38275051.38194112
20171113,46819903.54066899
20171114,44635671.6555365
20171115,47677982.1628398
20171116,47200947.5332705
20171117,41308207.3515754
20171118,42416411.5407094
20171119,44449498.4503699
20171120,43150328.2329241
20171121,44507611.7273539
20171122,46604580.8549414
20171123,45115220.3657945
20171124,48409687.8913975
20171125,50667866.6302514
20171126,49270310.3792491
20171127,49709625.866857
20171128,50082504.9115011
20171129,39962961.1600092
20171130,43482223.3606652
20171201,44054915.1928515
20171202,42470316.2524002
20171203,42040588.7802712
20171204,49390600.3707044
20171205,55916868.7874195
20171206,56646643.8108126
20171207,45862115.1981864
20171208,45999041.2160029
20171209,43443791.8712414
20171210,40620279.2369319
20171211,47067602.5864386
20171212,49680042.773971
20171213,60172777.1042401
20171214,66098929.4091213
20171215,59971003.91741
20171216,63459991.267665
20171217,68383707.9565106
20171218,89938538.6848802
20171219,81797491.4208085
20171220,80103183.0075317
20171221,89430438.2794989
20171222,69781660.7377801
20171223,77800209.6522248
20171224,78141065.4928317
20171225,97010462.7083424
20171226,94104512.2377831
20171227,103920608.772853
20171228,96196888.4677737
20171229,104036027.10776
20171230,94450631.6759308
20171231,116873128.977698
20180101,144907614.434978
20180102,170873162.807194
20180103,156750023.58237776
20180104,200198448.19833365
20180105,206970198.33062232
20180106,205366709.66521847
20180107,216113522.1903503
20180108,199940460.81262976
20180109,191131583.56617048
20180110,185431963.1391417
20180111,167152813.41148806
20180112,320515424.27737635
20180113,294892876.99265605
20180114,308207087.90138245
20180115,252543501.77937636
20180116,168367167.12425184
20180117,159604707.19040594
20180118,175261535.94360012
20180119,208418115.83438686
20180120,244844074.62856442
20180121,193553346.34876284
20180122,178651124.77607793
20180123,202277126.4080562
20180124,221612529.62995657
20180125,228350521.94423413
20180126,207288255.26153794
20180127,213973988.6554248
20180128,213568628.0785224
20180129,205302234.01529226
20180130,203682680.63844702
20180131,164764822.96874478
20180201,162899203.24138212
20180202,131347329.7198062
20180203,135315349.9895779
20180204,141624964.22155768
20180205,117356890.88306183
20180206,85127604.59410329
20180207,96601755.50473021
20180208,102913647.21145278
20180209,96440081.55784826
20180210,118297297.96380918
20180211,112346227.57098329
20180212,102878060.54025318
20180213,111692735.06001659
20180214,111018206.25940503
20180215,112356809.10448098
20180216,108480433.70563696
20180217,112706486.41425389
20180218,116058393.833782
20180219,119970883.15046145
20180220,118141914.2816745
20180221,110286225.77462576
20180222,86393542.8616865
20180223,86966605.3254423
20180224,91616743.12000315
20180225,85966945.38869667
20180226,98328584.16564503
20180227,109962003.42276837
20180228,127277406.07220918
20180301,112918296.90490511
20180302,114046399.90459482
20180303,114918037.1682733
20180304,110030643.73478279
20180305,114661578.34418088
20180306,108698143.76284526
20180307,96645013.75790656
20180308,121786020.53567387
20180309,107522076.12334049
20180310,102990505.62770182
20180311,99287358.18821253
20180312,101860977.45473514
20180313,95358821.86227436
20180314,93607257.57959837
20180315,83097743.73913601
20180316,86221071.96537212
20180317,89063362.99578942
20180318,79326911.26744069
20180319,80990789.86315061
20180320,81177016.38433723
20180321,85077382.92489612
20180322,87834569.98437066
20180323,86490493.82881407
20180324,85398617.0456598
20180325,85722072.39024968
20180326,89236584.84585533
20180327,82998263.3439769
20180328,79606420.77694839
20180329,79934148.22588974
20180330,68179581.25534046
20180331,66340329.4895773
20180401,67792301.43711796
20180402,65661771.8687929
20180403,67196116.25656188
20180404,74551249.06291121
20180405,66324456.36460114
20180406,65713794.613667205
20180407,63677514.43971067
20180408,65500165.03787802
20180409,66925483.6198951
20180410,67467706.19459462
20180411,70083441.41040288
20180412,74907100.72265619
20180413,80820844.96719027
20180414,83014663.41258626
20180415,85198756.84926687
20180416,91859292.93308432
20180417,96798034.45502132
20180418,90362766.98632021
20180419,101733454.58005115
20180420,114271692.05578867
20180421,116161757.57903723
20180422,112964484.73144321
20180423,118918711.797084
20180424,117928517.54812421
20180425,126760449.71426086
20180426,110884630.30989209
20180427,119558253.28078845
20180428,115044717.96910979
20180429,126835058.46619642
20180430,132166440.38345116
20180501,129032646.46122625
20180502,125414948.40045275
20180503,132676372.00944875
20180504,138008853.2283099
20180505,131961972.62008898
20180506,134825201.47203708
20180507,129899733.25178893
20180508,126974460.7578236
20180509,124943809.21803446
20180510,133850436.53985737
20180511,132786548.48387818
20180512,117405661.37579411
20180513,133323416.96489744
20180514,140790221.69400948
20180515,149473282.94429493
20180516,143785417.52289852
20180517,176649098.45280942
20180518,153620261.0151603
20180519,166738441.72028995
20180520,171600566.20788932
20180521,165409799.49733746
20180522,160966321.24420938
20180523,150668473.4381389
20180524,138321673.31051144
20180525,140197887.4883694
20180526,143256519.18604654
20180527,160837786.1637758
20180528,170914430.14909938
20180529,140991236.68915468
20180530,144151757.7880399
20180531,134481783.98179996
20180601,136591381.72913992
20180602,130587386.91627514
20180603,134244256.19543117
20180604,131257382.69956355
20180605,125174805.18131112
20180606,132602937.66409902
20180607,125552776.0388794
20180608,117095362.40119438
20180609,111419365.88127725
20180610,105233491.09569979
20180611,98580775.41735359
20180612,95587696.0647127
20180613,90052078.84419684
20180614,77714596.39895967
20180615,86789571.47771263
20180616,85907323.46794936
20180617,83638307.72709356
20180618,82298877.97559994
20180619,81143517.3305301
20180620,78841750.86059046
20180621,74520510.96915628
20180622,69680808.14069201
20180623,65572507.8529199
20180624,69592234.06795318
20180625,58629160.56570723
20180626,60738603.52049415
20180627,55865221.914345086
20180628,55980426.67785479
20180629,51292017.84278412
20180630,52522029.40223144
20180701,57053738.69830148
20180702,58274025.846044555
20180703,65642408.67507268
20180704,63218036.34388088
20180705,66367069.110400654
20180706,62573727.2898463
20180707,61792653.59677451
20180708,67106606.433782965
20180709,63801088.62390653
20180710,63817270.286300346
20180711,56503311.47378926
20180712,59455843.99355637
20180713,53100833.97332896
20180714,54129886.97533705
20180715,54119227.34926962
20180716,55657386.35246844
20180717,61733779.1248235
20180718,64902957.366115116
20180719,64954694.58297445
20180720,63860683.611397296
20180721,57125388.508554965
20180722,57232667.65573885
20180723,57004898.202393636
20180724,54421108.8712798
20180725,52500579.30287069
20180726,52209517.67063316
20180727,48896864.252994575
20180728,49676798.49511928
20180729,50978865.172906846
20180730,51267211.789437726
20180731,53485161.28550181
20180801,47402846.385074094
20180802,42519723.32921726
20180803,38276062.158063084
20180804,36703465.61566749
20180805,33156336.899762865
20180806,35539288.57284516
20180807,34304880.38781407
20180808,33096039.011826895
20180809,29334049.408753797
20180810,30746295.832263928
20180811,30518916.596080814
20180812,30097190.490356743
20180813,30969148.749067258
20180814,28725543.300826132
20180815,25454939.56718323
20180816,26122251.367658768
20180817,26245027.860808406
20180818,30636539.846436393
20180819,28560333.674304724
20180820,30323893.447503746
20180821,22472417.684589613
20180822,23834116.83090767
20180823,24937936.30671533
20180824,27778118.119234275
20180825,33932916.19495284
20180826,32851488.423824515
20180827,30851886.943954404
20180828,30832154.02314665
20180829,29980764.578135114
20180830,28654412.065939933
20180831,29065583.20916078
20180901,29796594.63386348
20180902,31039325.793012146
20180903,29465784.367032047
20180904,29733342.1111665
20180905,29967067.849395156
20180906,24833240.22454641
20180907,26057289.043270927
20180908,25875478.510448914
20180909,23671584.23512929
20180910,23977957.05874163
20180911,23804786.173778612
20180912,23728495.80490957
20180913,22708055.87488004
20180914,24077799.274757456
20180915,24977261.176750667
20180916,24979369.770350676
20180917,25707836.44967901
20180918,23749761.678477913
20180919,25170786.916393157
20180920,25426052.643941678
20180921,26072666.042143602
20180922,28570571.246711694
20180923,27386504.30901971
20180924,27707337.694041606
20180925,25857946.67474041
20180926,24623163.83441636
20180927,25687452.203812778
20180928,26882488.011538766
20180929,27496917.469430108
20180930,27448765.434750363
20181001,27739648.993645366
20181002,27848936.900451202
20181003,28227867.776238196
20181004,27581089.87956499
20181005,27942639.643958792
20181006,27282448.725700147
20181007,28170126.34400029
20181008,27927558.651093453
20181009,29823407.856430214
20181010,29860255.022604514
20181011,30237901.168504573
20181012,24870196.819681045
20181013,26683912.739987027
20181014,29294047.890236866
20181015,27408503.755258895
20181016,29222585.64199065
20181017,29788025.160009187
20181018,31155946.940655947
20181019,30376471.269313704
20181020,30545664.622910433
20181021,32420119.189914398
20181022,33336502.86681292
20181023,32766258.64400776
20181024,35749247.56640037
20181025,34696350.730572395
20181026,35767955.88541763
20181027,34380765.099120826
20181028,31278229.160433747
20181029,32512342.666928705
20181030,29434242.08618064
20181031,30797790.7981549
20181101,31234483.495177153
20181102,33973230.43302407
20181103,32819380.724151473
20181104,31457135.890820768
20181105,30324648.001989055
20181106,29549858.46792726
20181107,30623903.00059903
20181108,31173302.41038973
20181109,30228349.147219207
20181110,29032789.0310379
20181111,28974338.10566218
20181112,28384120.21157986
20181113,29583282.411401894
20181114,28292019.490413114
20181115,23779788.050608646
20181116,24506077.14750466
20181117,25429297.802364867
20181118,24989437.59522661
20181119,25092121.82267197
20181120,19823937.873367853
20181121,18053218.778325588
20181122,19311828.614854172
20181123,17349960.55688871
20181124,17004008.082669944
20181125,14606886.167469753
20181126,14362026.177581275
20181127,13189960.401909182
20181128,16554442.205482826
20181129,18061225.232292607
20181130,17415752.27243313
20181201,15626547.842420643
20181202,16816598.48512504
20181203,16093728.061869377
20181204,14843902.460515767
20181205,15540637.813563412
20181206,14090118.113886135
20181207,12830762.74734537
20181208,12569285.221182842
20181209,12305563.464710945
20181210,13085412.052847207
20181211,12172101.787782215
20181212,11944668.085206138
20181213,12233106.036014011
20181214,11674761.821063172
20181215,10759452.461696547
20181216,11221569.275579384
20181217,10942568.607342927
20181218,12242431.78711901
20181219,12568935.660542559
20181220,12879161.59036144
20181221,13983405.00373599
20181222,12961799.417424357
20181223,13803966.67989593
20181224,13980125.340307266
20181225,15056996.600522107
20181226,13145811.875247125
20181227,13418530.91775701
20181228,11995024.368161155
20181229,13880766.133183474
20181230,13492064.369270533
20181231,13390451.144272016
20190101,12642339.812910173
20190102,13210172.343623316
20190103,13802978.86519646
20190104,13199498.876598181
20190105,13342682.610309716
20190106,13518551.214310141
20190107,14559219.303931372
20190108,14879173.439610202
20190109,14384937.113019878
20190110,14550067.653960934
20190111,12605317.507387184
20190112,12725953.933056
20190113,12836020.278305467
20190114,12418374.019142501
20190115,13092710.296803363
20190116,13793704.208703915
20190117,15109000.464218538
20190118,14405591.531618144
20190119,13873407.601673186
20190120,14158527.37138208
20190121,13478035.823408782
20190122,14392894.302011179
20190123,14030230.25911991
20190124,14121216.22020094
20190125,15712610.710767044
20190126,17013822.894617166
20190127,17248612.747744534
20190128,18122811.945161562
20190129,16453232.372196479
20190130,16797145.63059011
20190131,19872838.503622707
20190201,17062108.93567006
20190202,17379954.714467738
20190203,17495768.927412204
20190204,17738748.7626212
20190205,17393924.85955018
20190206,16650244.965984324
20190207,15772534.410267591
20190208,15720572.527955953
20190209,17355723.025331806
20190210,18264750.91493929
20190211,17317952.574015923
20190212,17202772.276908282
20190213,17094192.76281583
20190214,16968593.43074205
20190215,16845636.89109404
20190216,16813736.779742256
20190217,17105941.14992487
20190218,17709236.416525535
20190219,18242608.795603715
20190220,18475261.505514253
20190221,19798386.630208075
20190222,18960255.12017932
20190223,20467950.482623033
20190224,21655086.59058299
20190225,19055235.83123874
20190226,22669027.241037693
20190227,21859307.354861394
20190228,22492436.50024691
20190301,23374794.529365953
20190302,23111833.30931995
20190303,22666352.67178349
20190304,23361448.746437535
20190305,23607645.487716664
20190306,24188908.730849754
20190307,24104362.288092572
20190308,22770098.665360413
20190309,22282861.277759653
20190310,23031450.057298258
20190311,23877265.319425143
20190312,21976590.58304364
20190313,30626601.580408074
20190314,29124407.105028413
20190315,27516944.778045785
20190316,29583501.518274173
20190317,28847643.159450483
20190318,28935497.298905164
20190319,28875644.510811172
20190320,27906720.47935361
20190321,27213463.106877763
20190322,26784588.12272671
20190323,27841695.294125304
20190324,27483948.648941394
20190325,27253855.01706195
20190326,27262377.402480308
20190327,28743825.023656216
20190328,29823286.63605377
20190329,30548938.038940284
20190330,30396085.60641035
20190331,30388589.60070073
20190401,33660570.51251852
20190402,33525272.136892628
20190403,36995678.360522225
20190404,33949143.87241965
20190405,36260456.67116543
20190406,38235718.293518886
20190407,38830524.3373556
20190408,37891772.33809909
20190409,37039308.98492748
20190410,36207051.45017503
20190411,36513959.10552344
20190412,33075187.869317364
20190413,34659103.27227414
20190414,33417887.71000849
20190415,34197234.71649732
20190416,34451242.33803953
20190417,34274546.47691673
20190418,35653438.742057614
20190419,36374717.42285867
20190420,36518527.99546491
20190421,38395559.308121935
20190422,37944307.51408577
20190423,39240122.65164711
20190424,37010292.41012364
20190425,33476554.69592691
20190426,32624539.177725863
20190427,31801302.65893637
20190428,32844476.199552055
20190429,31124032.617812037
20190430,29722086.845241804
20190501,32945570.328944843
20190502,33768083.06915689
20190503,36338834.00927819
20190504,38504826.02833715
20190505,38050877.570106424
20190506,39476999.578603804
20190507,40900561.824270405
20190508,43420381.94613566
20190509,44420707.816647656
20190510,46331520.70685325
20190511,44405419.12778686
20190512,44634420.54548977
20190513,45200112.509543985
20190514,49369492.89527878
20190515,52279766.78303914
20190516,50652261.78396105
20190517,46721224.56771288
20190518,41905045.69081373
20190519,39045472.016591966
20190520,38946029.42738676
20190521,37058273.23445069
20190522,37546708.08611052
20190523,36270193.79649436
20190524,36901000.14450857
20190525,36345300.80910815
20190526,35629068.16824019
20190527,33582198.034055024
20190528,34382683.3332269
20190529,33884859.9319196
20190530,31210100.809066273
20190531,29799934.127689302
20190601,31015834.995474346
20190602,30042350.27225743
20190603,32848318.651044384
20190604,30682381.75985717
20190605,28851788.948802307
20190606,28868657.155231345
20190607,29017212.949371874
20190608,29932565.093763743
20190609,30238424.55653688
20190610,29302946.985907406
20190611,32432719.5117607
20190612,32292634.502028275
20190613,32147579.362497278
20190614,31194477.976479344
20190615,29381992.391859606
20190616,28435852.151590865
20190617,27951167.58521491
20190618,27414954.38129979
20190619,27208510.493794862
20190620,27208864.07630435
20190621,24908091.800575513
20190622,23432133.949864868
20190623,23734553.34702731
20190624,23581910.650376815
20190625,23355533.45554417
20190626,22114221.131175324
20190627,29382962.870315958
20190628,25067778.665146817
20190629,27197134.60089269
20190630,27656322.1522083
20190701,26426179.71402807
20190702,27401297.60180539
20190703,24552547.21070429
20190704,24456137.9405837
20190705,24719925.45513123
20190706,24196237.707889
20190707,25412954.158169016
20190708,24897112.32292172
20190709,23544840.34015509
20190710,22864824.843749363
20190711,21039493.828829255
20190712,19087383.220355537
20190713,20771519.701835018
20190714,21327502.607372794
20190715,19819566.1384931
20190716,20321092.00197333
20190717,18164177.18980437
20190718,18453017.825689234
20190719,19324591.395425703
20190720,19169119.97641991
20190721,19831795.47174206
20190722,19299938.242228564
20190723,19244754.84314405
20190724,18106515.23675172
20190725,18796710.44766748
20190726,20863685.672550667
20190727,20567705.56232301
20190728,19660770.17960252
20190729,19762862.172710977
20190730,20960936.90198177
20190731,19578874.665877588
20190801,18717485.4347544
20190802,20997754.30960259
20190803,20632196.941477347
20190804,21278317.41451504
20190805,21178726.389945585
20190806,20592598.154721215
20190807,20806195.281264987
20190808,20590022.039754666
20190809,19675631.905562207
20190810,18109872.789865892
20190811,18082814.410482787
20190812,17996165.384058345
20190813,18091833.92206484
20190814,17830604.595990013
20190815,15784742.820646727
20190816,15431285.296108207
20190817,15273452.155729871
20190818,15816580.313482951
20190819,16230857.988400022
20190820,16058309.719110848
20190821,15591739.99783837
20190822,15192345.768531062
20190823,15817482.291262934
20190824,15513579.852716547
20190825,17132529.706903014
20190826,15778607.50473608
20190827,16136598.205688756
20190828,15834984.05080295
20190829,14737532.145404961
20190830,14237037.635594854
20190831,13998236.711747948
20190901,14331964.02882773
20190902,13936322.722772412
20190903,13938015.121241251
20190904,13551411.593487551
20190905,13364428.088939393
20190906,12774020.411949953
20190907,12166712.75448854
20190908,13031357.139295895
20190909,13211042.997321986
20190910,13207196.42971182
20190911,13166030.734872833
20190912,13013183.814258618
20190913,14333578.364037491
20190914,14929346.905040959
20190915,14702163.089470696
20190916,15146580.50785189
20190917,15216220.37274291
20190918,15534253.922053037
20190919,17111189.712974638
20190920,17141912.140658278
20190921,17129406.337356497
20190922,16503060.046733297
20190923,15692816.905248916
20190924,14437437.370319694
20190925,12899163.896125251
20190926,13463257.63509858
20190927,13775622.878133278
20190928,13918904.204831129
20190929,14218997.140488815
20190930,14378141.382663975
20191001,15350092.213965816
20191002,15498072.992115144
20191003,15498072.992115144
20191004,17651135.79934707
20191005,17514303.84464078
20191006,16526615.63333358
20191007,15818950.724304764
20191008,17456960.62580685
20191009,19678210.167264342
20191010,19967924.019249175
20191011,20466744.796949483
20191012,18313357.364276957
20191013,20683571.55295049
20191014,23141663.82913873
20191015,21782814.30667898
20191016,23550996.904478014
20191017,24844067.123991083
20191018,24813010.533533312
20191019,22662678.697657004
20191020,21384439.905067492
20191021,22607181.65352475
20191022,22536517.178731073
20191023,23220202.85351713
20191024,23771151.857669447
20191025,26796507.372579906
20191026,31699319.049840964
20191027,33308308.423994225
20191028,35933319.88095647
20191029,38274052.67158723
20191030,45962304.4522771
20191031,43615596.38347127
20191101,41947187.70901433
20191102,42902182.17484643
20191103,48388018.394409455
20191104,47417578.26654586
20191105,44862200.01397505
20191106,45564620.528878495
20191107,46215757.36935922
20191108,46634963.34525778
20191109,42824123.18214861
20191110,43805400.85378334
20191111,49762990.17844525
20191112,49345730.36673646
20191113,50670109.972639695
20191114,52634936.86834308
20191115,50187939.23395294
20191116,49063456.97591413
20191117,52612319.55921743
20191118,57581961.93908244
20191119,53899829.823940955
20191120,51043498.58328833
20191121,51455238.77398687
20191122,45958857.89223511
20191123,45257935.76366874
20191124,53012544.3290361
20191125,47550058.19422254
20191126,46320343.08476227
20191127,45901972.267560385
20191128,44900430.47244579
20191129,46949896.06712442
20191130,49492301.94858612
20191201,47423776.641051255
20191202,43335041.84821944
20191203,40092230.29431989
20191204,37716053.78437967
20191205,36792116.35683643
20191206,37930230.88033403
20191207,38399468.46265387
20191208,38070359.97058353
20191209,43117404.403565854
20191210,39464986.47098543
20191211,37452431.575221315
20191212,38430680.99911743
20191213,42216422.20610587
20191214,36882458.530435406
20191215,32973317.29086458
20191216,32154402.79733265
20191217,29084439.531778943
20191218,25857460.56440767
20191219,29671459.75622234
20191220,30451607.277358
20191221,30295313.24432687
20191222,28544819.7169259
20191223,27400450.619291674
20191224,26952982.388545297
20191225,27245138.112667628
20191226,26323424.06487724
20191227,25550209.670464024
20191228,27777718.65638077
20191229,25782265.144894827
20191230,27116221.72298072
20191231,26112202.912505176
20200101,28839393.07242187
20200102,29127769.214029457
20200103,26515700.364648473
20200104,28464079.512633648
20200105,28092110.388670698
20200106,28310707.69803465
20200107,27707281.17745481
20200108,30362344.828930356
20200109,30577715.200873915
20200110,29012187.98855362
20200111,29917355.863661002
20200112,29588207.33826905
20200113,31885779.754999433
20200114,33487932.8824839
20200115,35059433.54381067
20200116,36714007.719609715
20200117,40011138.06979242
20200118,38826502.693400085
20200119,37348012.98097801
20200120,34708536.16095042
20200121,34503054.624437064
20200122,34543932.31687066
20200123,35135967.33159947
20200124,34492091.04432632
20200125,36390686.82990266
20200126,34940678.98163596
20200127,36592049.16321011
20200128,35852237.79852414
20200129,39511318.86352946
20200130,40845110.046264626
20200131,47676983.3348756
20200201,46940352.48786719
20200202,48024095.354326874
20200203,46168228.25550102
20200204,49517603.386822835
20200205,50117845.054435655
20200206,49292836.149199165
20200207,54198399.31411578
20200208,54676004.10171308
20200209,51632240.369996235
20200210,50416396.37096688
20200211,51150191.21090294
20200212,54258311.981630795
20200213,52233162.65197712
20200214,50871637.06798743
20200215,51382155.062512614
20200216,48443876.639595896
20200217,45418622.19971079
20200218,43584094.026239365
20200219,48206755.581829436
20200220,43566484.44813966
20200221,42046476.65015166
20200222,50730742.042563014
20200223,46522565.1039365
20200224,47631461.61812673
20200225,44731322.10297964
20200226,41504315.85129453
20200227,37020252.85779239
20200228,36795429.840278216
20200229,36794045.90338103
20200301,36984488.908109814
20200302,36041699.52720858
20200303,39260549.63593876
20200304,40885724.856582895
20200305,43003196.42937009
20200306,43116698.72385136
20200307,42506035.993377365
20200308,39304989.65362982
20200309,36128579.31574935
20200310,33206681.433376335
20200311,33668022.497652404
20200312,32345725.038300905
20200313,14833786.73107804
20200314,18475223.74468773
20200315,17565726.980061665
20200316,17641259.46605423
20200317,14849866.519488728
20200318,17230933.808295704
20200319,17713597.821877792
20200320,19545989.985354207
20200321,19546499.688020423
20200322,19095368.165030602
20200323,17378694.101717636
20200324,20106375.29097332
20200325,20793146.577355865
20200326,20431902.391131546
20200327,20561290.637126334
20200328,21722394.75647318
20200329,20855176.197711714
20200330,18537266.60384263
20200331,21009741.494659524
20200401,21265229.337497935
20200402,20842570.689264096
20200403,21723570.26724681
20200404,22687839.019594956
20200405,22219680.425600305
20200406,22784494.858871747
20200407,24398396.002857883
20200408,24343548.02000983
20200409,25251053.4632983
20200410,25014394.4897477
20200411,22477600.60667385
20200412,22415798.82559121
20200413,22964650.730224885
20200414,21863017.48061647
20200415,21622374.783360466
20200416,20507582.011023644
20200417,22131397.187964223
20200418,21372039.91576781
20200419,22388009.720542587
20200420,21565965.636777673
20200421,19798073.124105424
20200422,19954220.042705316
20200423,20785260.4963291
20200424,22675253.900921065
20200425,22287988.16935319
20200426,23900255.221357644
20200427,23629116.873666532
20200428,22988400.83775639
20200429,24889090.574933298
20200430,25342554.936650828
20200501,23908270.32586406
20200502,24186097.356120136
20200503,24119061.984478045
20200504,22701390.271096364
20200505,22883421.86350083
20200506,22451096.365155216
20200507,21873341.08967622
20200508,21866671.25137704
20200509,22869433.85998904
20200510,27551680.731723174
20200511,23290364.112046216
20200512,22626493.65009494
20200513,25780432.180486634
20200514,28024342.454963736
20200515,25703581.949553367
20200516,26180368.332657482
20200517,25828829.646152753
20200518,25365869.740685374
20200519,25039634.15008672
20200520,24961945.291725326
20200521,24629647.674914956
20200522,23885741.648996133
20200523,24420144.107546426
20200524,25150722.070960432
20200525,23880921.83292644
20200526,25123756.723097034
20200527,27167846.816711772
20200528,26676011.57618321
20200529,26249654.704505723
20200530,27632725.43057066
20200531,27733859.46971885
20200601,26432233.811717916
20200602,27604598.94922989
20200603,26627152.711271077
20200604,30413976.410156965
20200605,34105396.78318658
20200606,34289830.31807653
20200607,34118073.595670745
20200608,37031830.275036566
20200609,37600657.214139454
20200610,38219915.12537563
20200611,35647695.17432703
20200612,32616119.41101844
20200613,35136424.8931038
20200614,34758912.14503904
20200615,33787764.70783249
20200616,32975577.498961862
20200617,34321989.08493081
20200618,39602531.21830876
20200619,43798720.12657352
20200620,45341592.175367415
20200621,43545003.010087885
20200622,41640237.51443875
20200623,44273328.98013681
20200624,46015103.10402047
20200625,44398953.742062606
20200626,47263628.99230028
20200627,45391245.59436012
20200628,40246303.63160666
20200629,40220805.99160737
20200630,43533244.97504174
20200701,43106084.54124353
20200702,42992587.3177077
20200703,41576776.336683005
20200704,46905169.131881095
20200705,52850549.55110309
20200706,51616135.2290545
20200707,55143058.528681815
20200708,59163655.805707574
20200709,66040230.4235633
20200710,66734854.782006264
20200711,61818594.051311776
20200712,63348896.5707919
20200713,74855318.02248995
20200714,71561015.43561167
20200715,75444694.74892311
20200716,82724653.27971731
20200717,84752006.73602656
20200718,131469382.95150372
20200719,122725485.10600121
20200720,106818549.11925505
20200721,96994392.32165477
20200722,103620308.25651139
20200723,90329155.06739998
20200724,87394111.67690732
20200725,78954162.65487391
20200726,81005291.28463885
20200727,81224901.54476175
20200728,68946825.32869256
20200729,83523798.97724435
20200730,77048246.49316438
20200731,81804047.66410038
20200801,82610734.53714812
20200802,79942335.21215606
20200803,76102247.41310787
20200804,75174332.12208037
20200805,85225283.34971547
20200806,82359617.11390468
20200807,94369621.55186526
20200808,90221247.78084636
20200809,105944450.33530779
20200810,120041851.44047621
20200811,111041173.04145716
20200812,102124306.24449624
20200813,127186673.77128763
20200814,131637530.14863746
20200815,129756681.48733884
20200816,130244744.23848088
20200817,131361318.71272758
20200818,120631526.89225067
20200819,110305926.19692902
20200820,105536699.62063873
20200821,118400877.59945937
20200822,99574553.31261079
20200823,106617541.89392303
20200824,109578506.2885296
20200825,113933895.65118426
20200826,104210290.43083183
20200827,111192161.17457683
20200828,102061790.01101609
20200829,103215069.56783365
20200830,110648189.51408383
20200831,114492448.36191238
20200901,114637823.14991063
20200902,105584343.34042177
20200903,98114600.97862051
20200904,73046620.39467879
20200905,76282409.68073468
20200906,64730950.74744149
20200907,70337359.48252268
20200908,68337711.41182078
20200909,63835763.456270285
20200910,72019889.86908539
20200911,72645419.9511172
20200912,79909078.86004731
20200913,83379437.4913135
20200914,79441670.41602986
20200915,77303019.643409
20200916,68914590.88964215
20200917,84472355.5501276
20200918,87919033.81455323
20200919,76985295.1180496
20200920,73875865.62112093
20200921,69543576.38251759
20200922,63247274.126279615
20200923,65767331.37401842
20200924,57681229.460759416
20200925,62239291.011388235
20200926,65109618.50614501
20200927,68561690.13322012
20200928,67076431.55275472
20200929,62488634.64869495
20200930,65845212.787847795
20201001,63657997.19354134
20201002,63682581.64990865
20201003,61085624.38216082
20201004,58694332.45912604
20201005,60772111.835256405
20201006,62961209.89851035
20201007,54210512.215367086
20201008,55546716.73311663
20201009,55092849.20972003
20201010,58474966.52652184
20201011,64167770.81658244
20201012,64827273.324693136
20201013,65858923.12832378
20201014,72893648.76738359
20201015,67917832.98555253
20201016,62577105.19702359
20201017,58628161.040951215
20201018,61016870.62297471
20201019,63520971.30259001
20201020,59994211.36053742
20201021,55210518.03076475
20201022,60114783.43640934
20201023,62089847.830413125
20201024,62249496.96312693
20201025,64941165.56315254
20201026,63604343.4187885
20201027,62106390.105444334
20201028,60411746.65518259
20201029,56285054.06735965
20201030,52952532.86954955
20201031,54282136.16493708
20201101,51098759.40836341
20201102,52776446.61924682
20201103,51247871.54052798
20201104,49577373.45035975
20201105,47143456.71494807
20201106,48200855.272076555
20201107,55272220.36794188
20201108,51597142.77686703
20201109,62608051.14078478
20201110,61857169.967913054
20201111,70491567.05253904
20201112,65464598.69271819
20201113,64773411.34136575
20201114,68941469.9318681
20201115,70163603.38682756
20201116,71098506.69205795
20201117,71434986.28998147
20201118,73026902.96719658
20201119,68632560.32268263
20201120,67619981.70252115
20201121,68438450.95186543
20201122,72721255.92115071
20201123,71915176.43508019
20201124,80865087.0183001
20201125,84489692.7136802
20201126,76626770.87330973
20201127,65692588.28918262
20201128,64642139.737741
20201129,69806846.34199524
20201130,68116496.05744436
20201201,71922998.68893343
20201202,65905369.069823965
20201203,70229094.1503527
20201204,73589010.92364885
20201205,65752499.581982516
20201206,68731703.48346713
20201207,68235077.40107374
20201208,68419091.95038679
20201209,65409442.66843209
20201210,64976662.87296258
20201211,61047856.06607313
20201212,58859806.20307439
20201213,61300785.50710599
20201214,62669762.07396868
20201215,64586581.05647538
20201216,67315932.68117893
20201217,66072453.101225846
20201218,71045739.31568985
20201219,70593474.3735357
20201220,69739834.02476919
20201221,65029939.55306891
20201222,63078505.43125712
20201223,62434768.175822906
20201224,52256854.246964425
20201225,57072349.277942546
20201226,54918515.48312002
20201227,54213500.81562884
20201228,56878095.27075388
20201229,56865668.39697917
20201230,53967611.604437985
20201231,52823467.55255591
20210101,51143571.82763159
20210102,52614457.072552264
20210103,50143928.7253487
20210104,56415047.37083475
20210105,56474022.705760114
20210106,59684058.526439786
20210107,73155259.1139047
20210108,76234170.56146608
20210109,82606072.18093376
20210110,96150598.1937832
20210111,82830778.21766675
20210112,67467730.41565344
20210113,65339364.98287964
20210114,71775491.04744312
20210115,72424283.69476491
20210116,75079954.618674
20210117,80044743.14965324
20210118,85050448.28285825
20210119,88623395.80545555
20210120,80895255.72924156
20210121,96025691.40262546
20210122,79211542.04010978
20210123,82144465.05465996
20210124,93330668.28026746
20210125,90310084.67796324
20210126,96638245.99518763
20210127,94621336.83086252
20210128,81591005.28142999
20210129,84344424.19789776
20210130,84142033.46541353
20210131,87859318.36849432
20210201,84452537.24080615
20210202,88085407.14708567
20210203,92354306.95660457
20210204,96230647.66724043
20210205,104917394.41501817
20210206,109123343.3718502
20210207,105886276.45706162
20210208,104250466.55968672
20210209,108808925.84895201
20210210,119462996.77987003
20210211,128887415.30863357
20210212,130253470.9958124
20210213,144358956.30298176
20210214,152142527.44010577
20210215,163021659.73165154
20210216,146230568.39676014
20210217,139469071.1983898
20210218,149371297.1213237
20210219,149974335.09406707
20210220,151269195.24005368
20210221,139878180.8449781
20210222,156911115.9287413
20210223,131076278.29185471
20210224,99743811.15929486
20210225,101920602.20810933
20210226,96882989.63336688
20210227,95648359.76681669
20210228,101339164.2096888
20210301,93046167.81095786
20210302,99364043.4909309
20210303,97136897.25682165
20210304,113360506.52872957
20210305,113023421.6528711
20210306,115753081.99547623
20210307,122617586.03318334
20210308,134751195.38095456
20210309,147258281.71349418
20210310,140441334.56086698
20210311,153607479.41686937
20210312,172518677.7458662
20210313,164822965.5684194
20210314,170402853.68797532
20210315,161195404.15668488
20210316,165488290.90567455
20210317,192544167.02427655
20210318,174263332.74302956
20210319,162539238.26674983
20210320,163849030.6612601
20210321,157243714.88071585
20210322,153274507.04691377
20210323,148548994.63846236
20210324,141676348.8843572
20210325,135944278.20805636
20210326,126525519.20287365
20210327,149230652.4253953
20210328,156513949.9433579
20210329,165670262.28649718
20210330,169916718.4970721
20210331,175935766.4361906
20210401,188729425.58971578
20210402,184548729.84581938
20210403,196231799.99797994
20210404,180429973.2596439
20210405,215806748.06045273
20210406,209649737.74407127
20210407,211906924.43613982
20210408,193822649.9328332
20210409,201757391.7759001
20210410,205506838.07503742
20210411,193670926.9852788
20210412,194148957.69828343
20210413,188003416.42162195
20210414,184781282.31020308
20210415,179827578.20911306
20210416,192540552.42986655
20210417,202871194.68457794
20210418,195964839.94350785
20210419,167474829.2692918
20210420,184967325.4807269
20210421,199211402.7446645
20210422,182849289.61456138
20210423,158577415.44977283
20210424,141683362.39823282
20210425,133607768.42640965
20210426,150660779.82587567
20210427,204142904.36333725
20210428,211252817.8290925
20210429,192604343.8643378
20210430,193740471.89533424
20210501,212038490.62767452
20210502,216802442.44327086
20210503,242682718.0758033
20210504,233497200.691577
20210505,311775412.3621056
20210506,299899704.9134722
20210507,312725903.9670073
20210508,300652716.29642045
20210509,341512811.15139896
20210510,924429114.4600233
20210511,820716086.2227443
20210512,705244565.3890594
20210513,508550251.5239915
20210514,492082538.3176468
20210515,672161079.044157
20210516,586051998.491019
20210517,564109830.0151281
20210518,524762418.048356
20210519,514507777.3383071
20210520,334432523.81729704
20210521,499365798.569238
20210522,449667573.55080646
20210523,425076626.5856056
20210524,386850144.2175406
20210525,416313041.0064144
20210526,396928729.21629065
20210527,414412863.90020597
20210528,385412525.8722715
20210529,340974219.56664145
20210530,325364784.07064897
20210531,328351626.66807985
20210601,347324563.0654579
20210602,379944812.3722184
20210603,376659823.042528
20210604,383053555.5842694
20210605,336860224.01772416
20210606,321703503.7014264
20210607,335406740.2994408
20210608,304342273.47314245
20210609,293062462.6540726
20210610,295221111.76869726
20210611,266559219.17932785
20210612,240866951.21249285
20210613,231303001.33374593
20210614,242459265.3331142
20210615,262065718.51405665
20210616,295065127.5371245
20210617,268316787.0401751
20210618,257603410.11662945
20210619,242902499.77969858
20210620,239251812.10885194
20210621,246212761.90044153
20210622,195778367.66257215
20210623,182737378.97565067
20210624,200515554.28630316
20210625,201610418.86123213
20210626,184803893.38621032
20210627,191789313.72731486
20210628,205249538.23305938
20210629,204403614.61297828
20210630,219600447.9093126
20210701,210301831.25514182
20210702,198504892.682552
20210703,198076221.44048026
20210704,211742425.745899
20210705,213807202.7977792
20210706,197264400.65259504
20210707,201597621.40805304
20210708,263904027.53427067
20210709,214978221.33570215
20210710,217276390.23222616
20210711,214801943.90764716
20210712,216315207.07343635
20210713,207835314.47412333
20210714,197593592.83880723
20210715,196623226.83886012
20210716,186522053.97073263
20210717,177190272.63316134
20210718,175634359.2999335
20210719,175129659.71592382
20210720,165740501.26804912
20210721,153156980.17561173
20210722,166982793.01963913
20210723,168927970.05337653
20210724,172376022.3847673
20210725,177827260.92189264
20210726,181753816.61998612
20210727,182242682.7852408
20210728,188350699.18161654
20210729,188737252.9278924
20210730,197968010.5754645
20210731,244146579.69647855
20210801,238505062.62227932
20210802,237125886.38728884
20210803,244712647.47350147
20210804,234703477.84923467
20210805,240059985.6737483
20210806,240673938.81430313
20210807,243400675.99233925
20210808,265007036.00026926
20210809,244328236.54880318
20210810,261044120.30439147
20210811,261460101.0326699
20210812,274485687.8136723
20210813,270649471.89713204
20210814,296524073.3361922
20210815,295239518.9709892
20210816,292777330.01366615
20210817,300183467.32193744
20210818,299546758.5344259
20210819,299650346.2209097
20210820,309875411.73438054
20210821,329957913.06791383
20210822,322089025.6932731
20210823,369448199.46347547
20210824,382009723.5305771
20210825,350403263.63721144
20210826,361693370.4843691
20210827,328410876.4208095
20210828,334279879.22883886
20210829,320065380.41194665
20210830,318020410.9761105
20210831,328093792.65663236
20210901,320621623.4957405
20210902,346064575.19069374
20210903,371565802.5381075
20210904,382138592.5312334
20210905,380689553.2964076
20210906,380736028.57324
20210907,372627956.079081
20210908,295636909.2231875
20210909,288579033.46539533
20210910,292995738.32337874
20210911,276594816.7771994
20210912,279188831.7186916
20210913,296423964.9179498
20210914,275704750.8535552
20210915,287184672.9698194
20210916,302115027.2448112
20210917,287317509.5105763
20210918,274570466.3707941
20210919,280144083.6759574
20210920,273344285.9109571
20210921,229331278.4186507
20210922,213200085.77152115
20210923,240728144.98273665
20210924,248179017.35106078
20210925,227753237.02580616
20210926,246381827.58971235
20210927,236660008.57396713
20210928,239869245.67360285
20210929,226990095.7351456
20210930,233014691.75528333
20211001,246699358.99337554
20211002,267994442.4116278
20211003,276190063.44055873
20211004,279562906.19001544
20211005,268931307.54242903
20211006,290299044.06149995
20211007,285965295.1126393
20211008,274906897.37053347
20211009,270321882.4274905
20211010,274142543.65911525
20211011,255512637.24327087
20211012,266833820.68161404
20211013,282066123.9309616
20211014,315337209.64976114
20211015,305136356.49946195
20211016,325573671.90434664
20211017,325380430.52364516
20211018,333866861.78932256
20211019,325043620.49854004
20211020,308702114.7950351
20211021,314896690.6267077
20211022,298983738.88670087
20211023,294410353.31354886
20211024,298005584.2686381
20211025,289016121.046713
20211026,304827431.9701786
20211027,301483300.34535456
20211028,271555213.37182575
20211029,284934487.0622238
20211030,292240076.61040694
20211031,293513053.5480826
20211101,312634821.5201737
20211102,307206438.66331327
20211103,382503396.6512761
20211104,357368515.7727571
20211105,352501082.43442506
20211106,353417715.2142246
20211107,342313780.40675217
20211108,341491507.5083129
20211109,354549755.32319546
20211110,348769928.41063076
20211111,319298347.935853
20211112,325391612.4967848
20211113,311653228.26027036
20211114,321436367.8852001
20211115,314925106.5755201
20211116,318780312.84098107
20211117,293397962.20770544
20211118,294597628.4883862
20211119,273770015.778083
20211120,282735289.1298268
20211121,303139061.57281685
20211122,303541487.87865645
20211123,280551007.2874859
20211124,286988436.7408998
20211125,280818572.7679462
20211126,301245111.83051276
20211127,263018340.96490696
20211128,283527523.74449396
20211129,287364621.7260194
20211130,290518814.82489043
20211201,287829010.7608677
20211202,293747302.846869
20211203,295448949.29329085
20211204,307586085.5537014
20211205,260010420.1413019
20211206,240380968.68914804
20211207,241110360.49451178
20211208,235019364.58376765
20211209,238166398.69848016
20211210,217909942.3957142
20211211,204469831.13584375
20211212,212133876.1399368
20211213,215097385.9351941
20211214,193647363.62190145
20211215,196747444.1270729
20211216,197435916.52669692
20211217,202741753.7498025
20211218,197075154.81052104
20211219,199634386.03538692
20211220,195113097.47573403
20211221,197495808.26192215
20211222,210954178.27716166
20211223,220080286.3865985
20211224,234424339.55675766
20211225,220041807.22553968
20211226,224747510.52351117
20211227,220360029.53681397
20211228,242712695.9020269
20211229,218293472.28455612
20211230,215804101.26624578
20211231,220087114.57596707
20220101,210610952.53112227
20220102,219093326.67759007
20220103,229830040.136244
20220104,231732541.301093
20220105,246503127.3156401
20220106,223673569.08547226
20220107,216373026.77143627
20220108,201775138.90097514
20220109,198076585.31709644
20220110,203918242.07872784
20220111,194962262.83397886
20220112,200053911.29661924
20220113,206768806.78546873
20220114,195990063.84281623
20220115,196044373.71528602
20220116,197159344.6180924
20220117,193302914.8259923
20220118,186027222.90136147
20220119,182302389.73145673
20220120,177179623.53908002
20220121,168419642.1109037
20220122,142391662.17016786
20220123,125783648.20596239
20220124,129793236.53600302
20220125,125752647.83394569
20220126,126725109.34002885
20220127,124505653.14119905
20220128,125550049.3662371
20220129,130306369.57115291
20220130,136010188.7089061
20220131,136407402.91599914
20220201,139244556.9329929
20220202,142182807.9111808
20220203,133224361.24118525
20220204,133237476.54456419
20220205,148408998.14307272
20220206,154905639.2351737
20220207,154955303.6754177
20220208,162175546.90972945
20220209,156963859.0449741
20220210,163629142.37997115
20220211,154701742.6795599
20220212,147256426.12587813
20220213,143868165.47672802
20220214,143398807.7391408
20220215,138649318.02186078
20220216,153088699.6524743
20220217,153153178.8711487
20220218,136087245.6929657
20220219,130571369.00487044
20220220,129905146.54937619
20220221,125226239.6794149
20220222,112613548.57097599
20220223,120958095.99663734
20220224,114038133.32893573
20220225,110774491.1365144
20220226,118128858.41959737
20220227,118532700.41026899
20220228,114399043.16090445
20220301,131722472.09346735
20220302,140357840.4822865
20220303,137237652.5416763
20220304,132174545.66738401
20220305,122731917.05066787
20220306,130189606.53104816
20220307,122274055.6390372
20220308,121609788.53124143
20220309,120422773.99218573
20220310,127937300.239431
20220311,119729353.54338524
20220312,117668409.10250904
20220313,116912405.43030776
20220314,114478049.40810189
20220315,121152427.7612531
20220316,122661424.30531824
20220317,131565646.45546958
20220318,129313230.42240958
20220319,132208411.25940587
20220320,138430732.64479595
20220321,134320091.1475725
20220322,135715016.1250887
20220323,138610951.001484
20220324,150055655.20688447
20220325,152009997.53750032
20220326,148590042.84658962
20220327,154623177.74475205
20220328,163656124.8194222
20220329,160009678.1512255
20220330,164650089.9955469
20220331,173110175.60150266
20220401,160263610.35061556
20220402,181753227.86434132
20220403,174444944.33713165
20220404,182304709.10441393
20220405,175763825.08014807
20220406,168418479.95343888
20220407,143172154.59256274
20220408,151487452.36009434
20220409,140741737.6906532
20220410,147664277.8854533
20220411,142030916.59053296
20220412,130281067.31866144
20220413,142173933.3033834
20220414,148330336.2467683
20220415,148982231.9161285
20220416,149831917.90774465
20220417,147727058.95209786
20220418,138933373.74709475
20220419,141876334.60246223
20220420,147847236.942018
20220421,145593960.40371987
20220422,140388213.15380234
20220423,143061358.97895178
20220424,138999567.18321863
20220425,136508886.65706307
20220426,136822036.41797224
20220427,124396149.1365353
20220428,127807655.04484108
20220429,127116206.29266791
20220430,117609883.70700528
20220501,105136408.02017108
20220502,110607116.95623443
20220503,108511302.15117164
20220504,106049969.20595582
20220505,117317090.04116932
20220506,105703509.35895485
20220507,108086754.70825048
20220508,98353664.23624694
20220509,96065689.70251852
20220509,85520718.32914874