20160418,2607835
20160419,3863410
20160420,5533316
20160421,4922369
20160422,5371998
20160423,6131263
20160424,6255984
20160425,4832437
20160426,5297082
20160427,5715245
20160428,6454027
20160429,6274204
20160430,6522144
20160501,7462364
20160502,7496792
20160503,8093011
20160504,8100592
20160505,8366508
20160506,7879173.385916166
20160507,7210211.87921852
20160508,6891496.877041497
20160509,5755186.083394376
20160510,6140496.816503766
20160511,6371684.589560008
20160512,7056888.497585565
20160513,8806166.779024828
20160514,10596991.005670713
20160515,10536409.079796713
20160516,10173508.672526177
20160517,10379272.65550607
20160518,10665478.7848528
20160519,11359060.579851458
20160520,14081602.695695998
20160521,14485807.607471
20160522,14727650.820017137
20160523,16030180.423499998
20160524,18100736.428697996
20160525,21601526.94081774
20160526,27992521.9076724
20160527,18429949.719148714
20160528,19336786.73618738
20160529,18122949.525174547
20160530,20270835.714001924
20160531,18583438.14765285
20160601,17577386.927333184
20160602,18401638.74615602
20160603,16646112.088304566
20160604,20084510.10771931
20160605,17465502.42676052
20160606,17574081.952883787
20160607,16877656.646912638
20160608,18436866.89628294
20160609,20047458.96562495
20160610,19166941.814934377
20160611,19978677.258879747
20160612,20305402.090207543
20160613,21148730.072265122
20160614,21289803.767232
20160615,21895373.573939748
20160616,22794937.93843811
20160617,18047227.925410207
20160618,17832316.648648
20160619,19938607.44192533
20160620,18255540.85783104
20160621,12275866.802826004
20160622,11213169.407057641
20160623,17748664.704445496
20160624,15413238.98554599
20160625,14627256.53346169
20160626,12862095.369429545
20160627,13640352.324480003
20160628,15855862.985879084
20160629,15013173.5325206
20160630,16016422.11433989
20160701,16670142.169064999
20160702,15440407.320465986
20160703,17235446.953362387
20160704,16894749.40248068
20160705,18582925.795076378
20160706,19024709.755118802
20160707,22432843.130232584
20160708,27118114.119421914
20160709,42272801.41519529
20160710,44880935.199953295
20160711,77169794.74794869
20160712,225012045.60685796
20160713,338709242.67845607
20160714,307433931.50521255
20160715,313633567.45197815
20160716,283187616.5785666
20160717,282709434.8494995
20160718,221774847.9534899
20160719,373503372.08495
20160720,386775632.9943168
20160721,315169302.92317605
20160722,310537059.3762722
20160723,316550158.07738686
20160724,332764265.0258039
20160725,313238122.6550867
20160726,271061676.25001305
20160727,268935228.274671
20160728,259606233.44253558
20160729,212488160.53530654
20160730,241565885.28363177
20160731,233072626.94833446
20160801,210659380.38174123
20160802,213202570.09912366
20160803,219344818.99100336
20160804,215862944.71050617
20160805,215352779.81169337
20160806,217324664.40190277
20160807,227841464.60839364
20160808,215949576.6723234
20160809,193477241.96049866
20160810,169274635.4873438
20160811,181439633.11635634
20160812,182592546.39305347
20160813,175061656.9908656
20160814,167623086.84861043
20160815,169090809.5837676
20160816,158732798.66514978
20160817,177744924.21054178
20160818,173820526.32088017
20160819,175009501.47563788
20160820,171789127.76715258
20160821,170507489.57127872
20160822,161250534.0539806
20160823,139015488.14162683
20160824,138588589.13817134
20160825,120809612.10763331
20160826,116563514.98071449
20160827,110411772.6750319
20160828,100071530.46408018
20160829,133627304.14799054
20160830,120758270.96786329
20160831,117663517.66013603
20160901,104937865.72586896
20160902,107111530.51989244
20160903,110043527.86882766
20160904,110209334.30456363
20160905,108172333.36232136
20160906,103837656.06510079
20160907,103463016.89443707
20160908,88990026.01832357
20160909,88452749.41635497
20160910,100343948.59241867
20160911,90491394.61624548
20160912,88838188.50514056
20160913,82820392.3549794
20160914,81282422.32172756
20160915,72998657.23637766
20160916,75380593.38302207
20160917,77642024.77790041
20160918,77045444.56549886
20160919,70898032.30690807
20160920,67397843.01469381
20160921,62266849.25747586
20160922,73468838.17157489
20160923,75165390.23562424
20160924,93526191.87252188
20160925,93432799.1292203
20160926,86990692.21664861
20160927,85944349.88987508
20160928,78919515.47518227
20160929,80830571.26531585
20160930,78060567.42906427
20161001,71269389.24593598
20161002,71723110.63949533
20161003,72940704.65683118
20161004,66359359.10051242
20161005,69023730.35778193
20161006,66563780.18811936
20161007,62445564.57402889
20161008,64956799.59772671
20161009,57308265.512960196
20161010,52629711.20148177
20161011,44546455.90348487
20161012,49054609.38590892
20161013,52202025.55007832
20161014,47590677.1393205
20161015,45726885.49760012
20161016,46125401.77331312
20161017,44698659.150486566
20161018,42970408.8069843
20161019,42593129.83434425
20161020,43284446.00292479
20161021,42449842.32466405
20161022,41632469.97579992
20161023,36744677.83933279
20161024,35757898.20562712
20161025,32916595.910731357
20161026,29670546.49882192
20161027,26818176.370881476
20161028,27116897.134688143
20161029,25609879.907380737
20161030,26552735.55294116
20161031,25945303.740879387
20161101,24243221.443221647
20161102,21846935.71215243
20161103,19350325.903730754
20161104,26842426.769244976
20161105,44532732.5469704
20161106,42549386.58385184
20161107,31451739.40657442
20161108,27378321.92519671
20161109,30507545.015033055
20161110,31543560.57869381
20161111,26282362.277827706
20161112,25414299.15465598
20161113,24818355.409066286
20161114,24226742.169936854
20161115,24061419.70745165
20161116,22780403.391985327
20161117,22296699.294130903
20161118,24374146.207603738
20161119,27833966.34339442
20161120,25259438.567904398
20161121,24783384.906546
20161122,24491879.92730188
20161123,24476102.074249927
20161124,27559152.349064387
20161125,30831873.486357484
20161126,33464284.83327756
20161127,40153623.66019714
20161128,37078250.69379176
20161129,36651652.96248193
20161130,33386075.210308786
20161201,33584909.16854562
20161202,38417136.14325135
20161203,44946839.598476514
20161204,47306851.061033525
20161205,54252430.73877134
20161206,50136737.92625048
20161207,48388995.33878282
20161208,54667328.25336861
20161209,53136010.35829912
20161210,47553604.385407895
20161211,42129475.25959874
20161212,43917008.92175426
20161213,37483410.21971952
20161214,38920800.049879774
20161215,39933200.9632961
20161216,38654051.10488345
20161217,37294781.95013461
20161218,38679216.2238491
20161219,34824371.38735969
20161220,31766088.869695283
20161221,31066412.81636655
20161222,30400718.662631437
20161223,32308351.287543025
20161224,31319061.818613492
20161225,31175366.67013865
20161226,34958847.02215734
20161227,34735425.967657514
20161228,35722536.17852595
20161229,37948702.05411353
20161230,38189068.441952445
20161231,40018594.41110877
20170101,37153850.514584325
20170102,35321297.22891051
20170103,35776247.40120215
20170104,39663865.59098167
20170105,36115371.852485076
20170106,35656450.81301865
20170107,34832112.372510776
20170108,35084478.021072865
20170109,33483522.64281928
20170110,34462822.74187375
20170111,30935853.28385622
20170112,31379066.871387403
20170113,31683805.825263284
20170114,31746645.23241555
20170115,32407377.515663162
20170116,41941662.13198049
20170117,39011094.67342856
20170118,37398814.96385397
20170119,37221293.20441987
20170120,36705109.87962782
20170121,38427778.59445746
20170122,37347225.61822829
20170123,36591509.28054392
20170124,34691622.2670027
20170125,35024074.39460243
20170126,34407839.76204223
20170127,35109484.51441076
20170128,39084921.73753479
20170129,37596295.45963512
20170130,39028723.330934
20170131,37361258.49590875
20170201,37737704.75455796
20170202,38230454.65246186
20170203,37270363.75907751
20170204,37887782.31659068
20170205,37323685.32972226
20170206,36942338.74072265
20170207,36886733.75188356
20170208,34605844.90643139
20170209,32918419.641050838
20170210,33921117.09719254
20170211,34268447.978130385
20170212,33213680.632317923
20170213,31961607.410830047
20170214,31468669.048711684
20170215,31578537.18386982
20170216,32272826.636689346
20170217,31687413.664319932
20170218,28949989.525966972
20170219,27698225.6655962
20170220,28289057.85804143
20170221,24010513.357843064
20170222,25907769.6157043
20170223,28082269.562150165
20170224,25953097.390298035
20170225,27692276.00631697
20170226,26228710.84200217
20170227,26955116.49539969
20170228,25684260.18631021
20170301,23479791.186483
20170302,22704310.470046233
20170303,21811810.662007317
20170304,22924986.228653062
20170305,23672046.681369442
20170306,23366686.612960678
20170307,21818077.155780356
20170308,19567323.401976
20170309,19684187.20940305
20170310,17638291.554165766
20170311,17368252.009744003
20170312,17627651.521092314
20170313,21504184.206813037
20170314,20556385.55711892
20170315,19869348.265279185
20170316,18145538.243127197
20170317,30746545.686759084
20170318,44544398.29388755
20170319,46215968.571969375
20170320,44728369.44638771
20170321,40247710.66508177
20170322,38854817.471039854
20170323,37432509.221535176
20170324,35716551.48430511
20170325,40141124.58040306
20170326,39313768.644234076
20170327,36763796.79146956
20170328,39925362.61976589
20170329,37992957.92196141
20170330,39893009.93169983
20170331,40437203.19584843
20170401,41181403.68805103
20170402,None
20170403,40937189.25621825
20170404,39758070.382626206
20170405,39837501.83718742
20170406,39131638.06337481
20170407,36009388.7167879
20170408,38230429.61395957
20170409,39157380.48241528
20170410,37806590.91127574
20170411,37491046.38617436
20170412,39274223.169770986
20170413,38129536.92129883
20170414,39017876.38459137
20170415,47308848.332491204
20170416,50890346.93841473
20170417,59481484.93317828
20170418,56139227.45397133
20170419,57563934.50557221
20170420,53289870.8002328
20170421,56327079.28969085
20170422,53382920.833476074
20170423,55499701.59811015
20170424,54037548.43438896
20170425,52873692.084599525
20170426,55123409.36021606
20170427,57350020.15504673
20170428,61374603.5933831
20170429,68835826.20578544
20170430,65405572.31489739
20170501,61703463.99288871
20170502,63767705.450455755
20170503,64936373.70074576
20170504,66539785.02948611
20170505,74672203.26218186
20170506,92885341.0091056
20170507,128989455.58478859
20170508,233480109.84053037
20170509,199725099.06995547
20170510,197213606.43769908
20170511,177027033.04969844
20170512,184135066.80346084
20170513,167557241.63517022
20170514,173509218.85682714
20170515,206205436.35992143
20170516,186120448.53811538
20170517,195018931.08749235
20170518,223387942.31570613
20170519,252379914.28464437
20170520,277121919.044915
20170521,304286872.53367686
20170522,260422346.6215662
20170523,294257669.47576827
20170524,286053709.78204775
20170525,263980582.41858152
20170526,226593726.3016946
20170527,194152000.91335583
20170528,229602874.14455318
20170529,228558460.53062686
20170530,215351243.11410737
20170531,226644344.62768644
20170601,238487299.00324166
20170602,309686765.28039694
20170603,305782926.86672086
20170604,312360621.36267096
20170605,405369733.12946385
20170606,623892669.7733074
20170607,492269491.6916154
20170608,558821561.8486971
20170609,589847698.6078243
20170610,532862205.99702734
20170611,565996852.3878323
20170612,498854414.2896549
20170613,556970600.3287641
20170614,469347894.143368
20170615,480400143.84595335
20170616,491647609.5991545
20170617,514193468.22464216
20170618,482212393.59913105
20170619,525616514.55396897
20170620,530046610.5459567
20170621,499811759.3247647
20170622,511425584.7402879
20170623,517703601.0245026
20170624,498464607.31282187
20170625,459243127.74566364
20170626,430365084.1958277
20170627,419263911.60508883
20170628,456304715.76102483
20170629,424400652.4028983
20170630,396608652.88766605
20170701,381232296.5706074
20170702,390496693.5809308
20170703,391499267.4593134
20170704,442363594.9684462
20170705,424803904.1677586
20170706,440739778.7562297
20170707,362086231.1559409
20170708,400741574.8367931
20170709,365721714.667499
20170710,297503509.25366527
20170711,278233611.6737782
20170712,321938587.8656866
20170713,276230038.1807929
20170714,254585050.74045748
20170715,230814296.06797868
20170716,214122552.53168276
20170717,265414264.9138382
20170718,301961473.54810286
20170719,270788199.1504461
20170720,318731782.3576549
20170721,335938387.63855386
20170722,421648921.41086465
20170723,377033556.9909457
20170724,363456684.42077565
20170725,301472289.7667809
20170726,284636644.973563
20170727,321253168.18490493
20170728,298343961.93075365
20170729,308639194.05756366
20170730,286512126.87375253
20170731,287830228.41912615
20170801,301750331.3539679
20170802,297135557.64040256
20170803,300832257.9306873
20170804,305339018.07643175
20170805,324759113.7986457
20170806,324688515.20349336
20170807,310575300.38889444
20170808,320711608.4327129
20170809,312811814.4766703
20170810,285903078.8267712
20170811,269275999.37827116
20170812,319677816.5436135
20170813,295876313.7129401
20170814,279770949.8364605
20170815,275853013.0225738
20170816,271603059.64646405
20170817,275123224.71886605
20170818,251975661.17098644
20170819,251439787.92412302
20170820,345956286.0232532
20170821,273933738.70735234
20170822,280738353.7354075
20170823,292359355.26801014
20170824,294720818.3692865
20170825,313928240.46088827
20170826,345003677.9202668
20170827,324477824.2214894
20170828,336207680.6791942
20170829,327223048.71616393
20170830,343984522.2850261
20170831,351762085.5268077
20170901,353858353.59014034
20170902,310974445.1612641
20170903,320336758.9193564
20170904,269968716.8679508
20170905,300405812.45498633
20170906,347883117.7294816
20170907,348272049.6176769
20170908,312709524.9451026
20170909,317600972.6265587
20170910,288568859.7858154
20170911,280261319.8407063
20170912,278469822.9049378
20170913,286037821.10632265
20170914,206241295.9834272
20170915,247697924.2715415
20170916,250519714.3906892
20170917,243847381.71312344
20170918,271043528.91431916
20170919,260207776.45057553
20170920,271086261.90533715
20170921,243818970.60612372
20170922,243677832.72151667
20170923,259616012.14149457
20170924,258908909.52658844
20170925,263868828.6930398
20170926,260107287.94355628
20170927,288634521.6305164
20170928,326735284.23555946
20170929,393269281.83962035
20170930,353037563.0816029
20171001,339644011.12406605
20171002,310772590.1569611
20171003,298322311.13165903
20171004,287879318.3445589
20171005,283409240.63768125
20171006,292734129.2616
20171007,293763168.8864224
20171008,265900879.21915308
20171009,254915776.27861807
20171010,249811015.58774447
20171011,264807594.57111463
20171012,247657905.17654675
20171013,251100449.07937995
20171014,255173758.99984664
20171015,261542967.95365173
20171016,252426818.54008844
20171017,259876942.89147994
20171018,262810230.36575112
20171019,259574856.77291468
20171020,244312562.1663304
20171021,239423042.12110427
20171022,237567086.9072154
20171023,230878387.5600264
20171024,244328458.96420652
20171025,243156506.78870812
20171026,241475288.63987976
20171027,243482679.14705473
20171028,230995587.4842706
20171029,238819504.08631495
20171030,235719881.31380132
20171031,230664046.0491177
20171101,216695075.64280838
20171102,216523297.59733573
20171103,229643034.73403087
20171104,223019773.07749185
20171105,217205594.88427263
20171106,215151666.3363802
20171107,216558912.6082002
20171108,235086131.52998897
20171109,244923002.62502444
20171110,217993316.35635218
20171111,228585657.12410864
20171112,204406228.09491777
20171113,222342176.69459227
20171114,233552319.102595
20171115,235364414.254311
20171116,227662854.761002
20171117,221291301.874276
20171118,227098274.855747
20171119,224265228.35496
20171120,224521506.487927
20171121,220001178.177224
20171122,247434726.574376
20171123,238879939.345891
20171124,236708274.410265
20171125,260467236.072751
20171126,270361854.928606
20171127,292370200.728144
20171128,294520158.130715
20171129,235763602.117682
20171130,256409847.647032
20171201,270278410.838651
20171202,300170361.250975
20171203,305544890.279644
20171204,355570376.027523
20171205,374570635.523738
20171206,352347834.899746
20171207,525772709.608289
20171208,501937589.933682
20171209,417943861.538579
20171210,427584419.951307
20171211,428418536.958396
20171212,457108348.178466
20171213,440147972.874292
20171214,506492648.397844
20171215,493486902.601326
20171216,523413550.543179
20171217,574618644.963019
20171218,709477599.138583
20171219,742249603.598152
20171220,860678290.892635
20171221,919531312.31257
20171222,765851536.601656
20171223,824452962.335529
20171224,853094199.085307
20171225,849394597.789091
20171226,884964829.767922
20171227,841588949.729017
20171228,754916506.934004
20171229,809433493.740987
20171230,711802185.460888
20171231,798615746.818044
20180101,1053599087.65382
20180102,1699110322.39527
20180103,2015799445.0721734
20180104,1748063205.6529818
20180105,1526223931.6122916
20180106,1728839015.0677235
20180107,1643032980.2456784
20180108,1565017554.4344208
20180109,1563166453.2007332
20180110,1365507999.2927773
20180111,1151263950.1588666
20180112,1422556516.9902887
20180113,1628679179.5158892
20180114,1519849776.4310908
20180115,1427558988.6171405
20180116,991844534.843125
20180117,1025413099.5514636
20180118,1068740710.3518058
20180119,1213874325.8878453
20180120,1415697404.5671234
20180121,1230471800.695703
20180122,1107391165.9635026
20180123,1061863943.0902686
20180124,1487001273.45791
20180125,1612402148.9639227
20180126,1524040795.5154665
20180127,1503532707.0859551
20180128,1489005642.5442905
20180129,1379059471.3376584
20180130,1356843267.1369433
20180131,1111933339.4077437
20180201,1228195250.4435399
20180202,1194397403.5868173
20180203,1088467856.6318398
20180204,1130495788.8881178
20180205,965863474.8156826
20180206,766201505.980509
20180207,929786542.4021873
20180208,862833183.8965459
20180209,908895096.2278386
20180210,1020545162.966126
20180211,1036271832.5897801
20180212,933218836.787236
20180213,1002167004.151362
20180214,970099867.8911916
20180215,1078947554.9879918
20180216,1084540325.2983315
20180217,1091014257.2570236
20180218,1125077774.8851736
20180219,1011355051.0147408
20180220,1063758426.4810276
20180221,971899802.3980074
20180222,826412938.9549906
20180223,826234777.5268745
20180224,887728432.0610936
20180225,825864094.888624
20180226,851864752.62648
20180227,866592554.8507313
20180228,855118585.9591708
20180301,803951441.2945871
20180302,838161233.4963263
20180303,827896934.1806988
20180304,893316112.8882515
20180305,867790139.1385385
20180306,855312616.9093148
20180307,794965321.1838862
20180308,692326237.0650791
20180309,657779502.5710428
20180310,637613801.701183
20180311,599047203.9946537
20180312,632234304.718791
20180313,620083189.4565668
20180314,619097388.6560687
20180315,555699407.2368402
20180316,542821397.7072488
20180317,538654018.5500474
20180318,467593283.50858015
20180319,462555071.5983804
20180320,521199124.3025714
20180321,558056370.5134925
20180322,564384785.2020333
20180323,540055722.2561222
20180324,496650626.16748464
20180325,508896225.1266465
20180326,514026503.6407387
20180327,473567769.44573915
20180328,440308374.6570448
20180329,487395497.8884946
20180330,421218494.6864459
20180331,397763107.6823605
20180401,391815106.2643799
20180402,369435795.8011402
20180403,434381421.3646465
20180404,521946729.82374316
20180405,491010105.7322842
20180406,447961490.1410061
20180407,450019621.83577436
20180408,479952030.2667229
20180409,491442048.88319856
20180410,470145969.09164715
20180411,472465957.6934998
20180412,498744685.15389264
20180413,692185943.7613659
20180414,687947316.2465382
20180415,661140425.291098
20180416,692318669.968842
20180417,678932802.0113899
20180418,698716098.6557817
20180419,765247636.3078347
20180420,793029045.6922312
20180421,807875310.6787825
20180422,788508938.8721642
20180423,773728182.9825166
20180424,824584303.7782382
20180425,899504622.5790263
20180426,1015852332.3564003
20180427,1054754011.0042138
20180428,1084775907.9364486
20180429,1107703231.9078727
20180430,1069206565.3104749
20180501,988135318.4869167
20180502,992395067.0067283
20180503,1022814916.2981163
20180504,1030970830.1085044
20180505,995088198.0223787
20180506,966616874.9411467
20180507,947962712.933141
20180508,903883604.5685418
20180509,911136139.382627
20180510,884655754.3907439
20180511,819570863.3051629
20180512,730660733.6649019
20180513,720986268.3803924
20180514,805365288.3403352
20180515,820555028.8389268
20180516,753275803.8373815
20180517,728543790.6677206
20180518,706320382.347602
20180519,769839222.5761689
20180520,780903654.60359
20180521,788327630.0468152
20180522,766596697.4239585
20180523,752140252.8743865
20180524,766168474.8612344
20180525,755509163.0967637
20180526,699055069.7984679
20180527,678350597.6401197
20180528,645332374.3626308
20180529,552994987.6732278
20180530,607198236.5259331
20180531,600847264.0279467
20180601,613744550.7451565
20180602,616608171.5115892
20180603,640290749.5750054
20180604,654735193.7903703
20180605,603794523.3223947
20180606,605028164.7013158
20180607,622093249.7991866
20180608,596662689.8267701
20180609,586388122.3759478
20180610,572665241.036997
20180611,478288540.7021301
20180612,482300905.1086235
20180613,452130367.47963697
20180614,430239845.27375686
20180615,466187704.9771486
20180616,431989092.10470766
20180617,431712257.23720586
20180618,422367398.24246913
20180619,429257615.1320675
20180620,438109941.7586571
20180621,422204164.164941
20180622,407271167.26541585
20180623,356263041.9535826
20180624,356712087.122075
20180625,344896178.1031764
20180626,353903544.3125878
20180627,338926128.05600935
20180628,337120859.9285396
20180629,313809676.95858616
20180630,342363899.21439683
20180701,640105455.2904992
20180702,486322772.98580647
20180703,498934530.8065821
20180704,484250797.90742344
20180705,511935058.0108912
20180706,484127876.2344156
20180707,530167461.92157334
20180708,443058957.58183974
20180709,471146401.18516994
20180710,467600661.1871808
20180711,546829955.276073
20180712,515139157.76956
20180713,446261749.49095386
20180714,491884525.1211158
20180715,507502474.9355938
20180716,467957356.1029149
20180717,478941469.3785848
20180718,846198935.5387235
20180719,679502442.9937037
20180720,580026845.281988
20180721,503613599.92123497
20180722,827312117.7692423
20180723,717070054.6239
20180724,937691382.3630352
20180725,385906607.3107614
20180726,388498766.0402364
20180727,385884878.1229268
20180728,390867136.5951719
20180729,386731675.5065876
20180730,383274087.2899113
20180731,366504629.5276031
20180801,348134233.8667166
20180802,339250373.39085543
20180803,313995636.3095574
20180804,320723340.7069607
20180805,307642412.57453185
20180806,314479976.2017378
20180807,308319188.3120978
20180808,300231946.2838045
20180809,280715254.39578605
20180810,292695224.7261312
20180811,270000917.4865734
20180812,259011596.32243803
20180813,260918300.03619924
20180814,240218402.34332463
20180815,230754493.25397557
20180816,233939966.36249396
20180817,234614434.66321206
20180818,266893717.33987707
20180819,246131221.5088824
20180820,256092651.63113594
20180821,233599847.93405157
20180822,236804887.63133332
20180823,235857873.13389915
20180824,240074226.87373355
20180825,243870127.58182913
20180826,249765189.03577486
20180827,244906345.0667874
20180828,261374209.33629346
20180829,276621015.2697757
20180830,267565610.10814232
20180831,255331893.2626741
20180901,260700688.408963
20180902,273242564.67719275
20180903,275805294.9753145
20180904,271741610.3935995
20180905,281873965.776363
20180906,233732152.3686139
20180907,235710352.1608332
20180908,227047450.31886762
20180909,210830667.52337992
20180910,212581648.12789494
20180911,209177022.2097206
20180912,198763665.85449976
20180913,193148426.87861773
20180914,203637973.5917498
20180915,198779298.5844486
20180916,202460459.77445897
20180917,209858873.12599486
20180918,195386727.62419578
20180919,225045707.7965938
20180920,221196605.45899597
20180921,232214484.56979194
20180922,240222203.49614534
20180923,249760176.3180517
20180924,253374090.62139153
20180925,260311799.44442412
20180926,258029843.41211754
20180927,248616545.62512675
20180928,247907643.19773477
20180929,242903766.55865163
20180930,240649432.2408276
20181001,239329612.9924596
20181002,235397952.2845235
20181003,236441238.58124056
20181004,244715350.05414158
20181005,240252157.72328708
20181006,233225093.06111243
20181007,255774624.91680917
20181008,247360040.55396664
20181009,243060172.63185093
20181010,241712394.21616656
20181011,234930390.2997523
20181012,216270508.52350488
20181013,232194842.93824813
20181014,239317869.06975582
20181015,230081399.24884266
20181016,234032504.92122605
20181017,235634629.82115856
20181018,236846575.62500003
20181019,227599290.10453242
20181020,227442231.33163428
20181021,233292131.87222472
20181022,230176756.7002672
20181023,229484127.0518603
20181024,227042903.18059304
20181025,228261622.33725592
20181026,223907952.48276928
20181027,221307989.66171324
20181028,216985271.00888515
20181029,217647042.75445345
20181030,218556545.67555097
20181031,215486044.30883813
20181101,224430808.8499299
20181102,227840860.05690527
20181103,226140675.54575518
20181104,221719904.66899157
20181105,220483634.66107392
20181106,218784521.75491118
20181107,221466576.03022483
20181108,229118804.41425255
20181109,221021031.21337578
20181110,213218240.91937184
20181111,214353169.62989274
20181112,210059683.1503384
20181113,206219187.6471588
20181114,205066693.7763784
20181115,175783416.85489193
20181116,171043977.80926758
20181117,165277612.04302338
20181118,167613863.92777023
20181119,166103719.04628253
20181120,131384996.75234051
20181121,113726687.06374323
20181122,121605421.143102
20181123,111877212.16878746
20181124,111613165.89930718
20181125,96601523.53385393
20181126,100319114.09307349
20181127,90957717.9136128
20181128,91674475.2543197
20181129,105269137.500925
20181130,108835503.88950573
20181201,97712991.51813936
20181202,102317399.61081703
20181203,98677824.12607406
20181204,91811149.97101979
20181205,92017307.33266133
20181206,83356940.0425699
20181207,72735975.52494113
20181208,69875986.37899509
20181209,70084182.32585897
20181210,72620831.43961865
20181211,70491956.95279291
20181212,67671799.88166863
20181213,69069241.69916537
20181214,66200992.23417676
20181215,64874074.6289123
20181216,62091494.704376526
20181217,61703686.69832146
20181218,67216861.15157358
20181219,72376931.60163045
20181220,74736647.59174266
20181221,83057857.8593079
20181222,79216595.73825821
20181223,93984648.0480858
20181224,90528758.60773683
20181225,89654343.06838334
20181226,79130404.24421924
20181227,81573508.74001147
20181228,71869634.51266225
20181229,78606662.96436788
20181230,77687097.48467137
20181231,79039183.06603383
20190101,74978589.56645092
20190102,78969833.45675367
20190103,82886326.50791837
20190104,80926736.78097829
20190105,81342057.83787414
20190106,81030827.46530175
20190107,85414746.66973595
20190108,88125639.58306079
20190109,88504254.00057548
20190110,91575641.04946713
20190111,76552769.49164338
20190112,75755396.324718
20190113,77824977.88169664
20190114,72040145.49011776
20190115,77028964.9851737
20190116,76757001.65486865
20190117,91181919.90284692
20190118,100002341.72674255
20190119,111991247.55085069
20190120,112613422.41388884
20190121,108317134.95437056
20190122,117375699.90071629
20190123,119187896.84144907
20190124,119132312.39424267
20190125,109614783.15409203
20190126,104131435.10316432
20190127,99619343.5744225
20190128,94159966.87591402
20190129,87726558.21501842
20190130,85692528.25720234
20190131,87391511.18788089
20190201,82437651.31500326
20190202,81008283.8817051
20190203,84093054.23159286
20190204,89234413.23068747
20190205,86052856.43122701
20190206,81328005.31988664
20190207,78873675.517803
20190208,81885645.48962426
20190209,87000850.46136473
20190210,86432001.75039494
20190211,88260577.22209838
20190212,86722325.35185744
20190213,86030237.37439819
20190214,86552934.86708887
20190215,87988868.0764425
20190216,92169340.20314579
20190217,98614745.73892055
20190218,96450146.3671249
20190219,99379955.59582496
20190220,98233709.76585886
20190221,102593736.06728563
20190222,98842146.2919707
20190223,99843006.16215774
20190224,104629755.55706918
20190225,91715983.06185628
20190226,100247866.9311562
20190227,105649971.00155585
20190228,104853867.64968298
20190301,120357718.83813871
20190302,118472550.26413171
20190303,116372286.49695256
20190304,116662070.79818942
20190305,115265195.68986566
20190306,121685579.25194399
20190307,125122270.17494671
20190308,136656836.02313304
20190309,134508086.28733957
20190310,138632055.43818393
20190311,163437134.67267308
20190312,158554632.2293312
20190313,156285572.09536096
20190314,152134566.25650185
20190315,143285768.0079973
20190316,141931689.71290684
20190317,141498569.05617607
20190318,144384628.5335902
20190319,141028089.98191133
20190320,140973671.51625678
20190321,148037628.47638524
20190322,141103424.1382889
20190323,141665759.64950457
20190324,142661312.8567063
20190325,146167284.57478526
20190326,138209525.90522093
20190327,134418443.19146502
20190328,135508076.67157
20190329,136467380.20036694
20190330,135039167.42983657
20190331,136173152.9872054
20190401,144356402.79957277
20190402,142319758.90890053
20190403,149174654.82057393
20190404,162917246.37177977
20190405,158286295.7935788
20190406,157834525.7401808
20190407,155190683.77734834
20190408,154933811.6753306
20190409,151281391.0179873
20190410,148330779.52529678
20190411,146145994.12263432
20190412,130261970.3995431
20190413,130551779.79080278
20190414,130743553.89911
20190415,133352013.1491608
20190416,127099405.52712561
20190417,128703018.95160101
20190418,131062752.83540131
20190419,130825949.3658443
20190420,131619640.24286748
20190421,137221090.22594887
20190422,127282193.20220183
20190423,127939456.67592819
20190424,122355666.78929904
20190425,112250505.32499555
20190426,105169560.2266645
20190427,105548038.45926452
20190428,107848091.485087
20190429,109416592.03533123
20190430,102315154.06513019
20190501,108329554.23029816
20190502,106402158.89290637
20190503,107920068.63942137
20190504,108750902.59369123
20190505,106886758.18817094
20190506,101925048.8468419
20190507,102442425.45791517
20190508,99705297.16413973
20190509,96309823.5895438
20190510,92798103.80279154
20190511,98589284.94152953
20190512,106983284.08786462
20190513,99149057.27652206
20190514,102698003.0945748
20190515,109219881.66914016
20190516,125817349.21501254
20190517,123187138.84052707
20190518,114163751.59607083
20190519,111066200.50799868
20190520,116577610.4089038
20190521,112401210.82604875
20190522,122217629.31800811
20190523,120069789.45685157
20190524,117211603.75274922
20190525,121172788.05222614
20190526,122430743.34474216
20190527,124249111.29874597
20190528,132430281.37642461
20190529,132873779.37455572
20190530,130843602.04212238
20190531,132540766.9278539
20190601,136001198.13225558
20190602,129684341.84577523
20190603,136017999.3964303
20190604,125097583.49823378
20190605,115524947.38711126
20190606,115283790.4754622
20190607,114914792.70848022
20190608,119579440.17952298
20190609,125840512.1356518
20190610,124263459.08002073
20190611,131076174.38737454
20190612,136565252.80579156
20190613,134676268.3685385
20190614,130117417.70790772
20190615,127628579.29089451
20190616,127536506.02812532
20190617,131803547.442475
20190618,129469662.82703337
20190619,128772984.87326333
20190620,129234484.48870388
20190621,125657206.64385691
20190622,121021540.55011842
20190623,126428933.30665165
20190624,128657760.20952505
20190625,130010808.13236521
20190626,132402229.8589592
20190627,127167246.09590833
20190628,114574500.44217983
20190629,116800085.58447775
20190630,121702710.6823817
20190701,109240188.21412848
20190702,110850325.6778369
20190703,108041556.8407959
20190704,111706301.52292915
20190705,106980727.51652373
20190706,105425154.9253407
20190707,108501987.66897027
20190708,110958974.32118475
20190709,108143077.51725383
20190710,107234562.27802269
20190711,98053089.04081887
20190712,87301154.91565542
20190713,91741150.95538892
20190714,88277427.29522268
20190715,85536030.01372677
20190716,82139913.29212193
20190717,69367015.16821574
20190718,72103962.06597242
20190719,77708776.08273444
20190720,77958815.12656458
20190721,79125500.09711437
20190722,78400815.73846938
20190723,81269149.31557365
20190724,77042474.0725804
20190725,77973843.44778708
20190726,77418330.28876416
20190727,77582129.42782015
20190728,74342345.05474895
20190729,74063952.78109203
20190730,74699149.7204705
20190731,74788051.84896252
20190801,76786031.03313437
20190802,74462138.32770741
20190803,73852359.66445085
20190804,71955634.87028363
20190805,70692317.90354726
20190806,71356115.26308697
20190807,65920543.40350544
20190808,64687714.91778587
20190809,64529058.87971937
20190810,60029209.195186324
20190811,60340097.22798006
20190812,62422491.74259042
20190813,62236893.06012984
20190814,60561419.73366052
20190815,55515574.4151631
20190816,56496557.656309076
20190817,54100834.048421524
20190818,54761253.9933858
20190819,55766091.57854443
20190820,57470425.493979394
20190821,55924554.03544666
20190822,53643173.437513
20190823,56501553.75943612
20190824,57980779.252912626
20190825,60758061.31193694
20190826,59924074.26275994
20190827,59325263.03663672
20190828,58129746.96137954
20190829,53289935.43848305
20190830,52307888.97623635
20190831,52653450.17079928
20190901,53722447.21076295
20190902,54032059.7074566
20190903,53981921.30727471
20190904,54041753.983838595
20190905,52968567.67414355
20190906,56751116.93048061
20190907,55091383.79241858
20190908,54620593.77910908
20190909,54059170.4854264
20190910,53618528.43856101
20190911,53164940.49911295
20190912,51818549.65317722
20190913,50911246.21302976
20190914,51412540.187988415
20190915,52293265.753390886
20190916,51495241.9806106
20190917,50834361.04726992
20190918,51572479.0454944
20190919,54519089.913682096
20190920,53941983.76569627
20190921,53395654.715368375
20190922,54036066.39425163
20190923,53570506.02509339
20190924,50722266.878655665
20190925,42596008.57910309
20190926,43545427.23906714
20190927,42197354.069535874
20190928,43756684.86529014
20190929,43648249.417656764
20190930,42042272.20631825
20191001,42667327.449043475
20191002,45011239.21499673
20191003,45011239.21499673
20191004,47537721.577656776
20191005,47381251.775568165
20191006,46763092.30217814
20191007,45426233.74391348
20191008,46658452.31527331
20191009,48122961.816259265
20191010,47201798.69055995
20191011,45485632.17476146
20191012,43985464.41122695
20191013,44340917.49066082
20191014,44449172.713533334
20191015,44659198.597117275
20191016,43108347.50441795
20191017,45326624.776509896
20191018,47718942.86631444
20191019,45598616.88837081
20191020,46147068.85075282
20191021,45727099.72115965
20191022,44872571.582434505
20191023,44044025.67206205
20191024,40626019.42083172
20191025,40731174.16688496
20191026,43334612.108485214
20191027,42600575.85640634
20191028,44884529.102518275
20191029,46909268.42732315
20191030,46602167.64258777
20191031,45663036.786031164
20191101,48274000.43391879
20191102,49330101.48890457
20191103,50135809.13971482
20191104,49325741.033598766
20191105,48880881.47748457
20191106,48679673.385714255
20191107,47238375.890978344
20191108,46674241.53160078
20191109,46422290.594091736
20191110,45885594.3163983
20191111,46438246.38655895
20191112,45409814.08817374
20191113,45704015.47699799
20191114,45693755.341344304
20191115,47602024.456417724
20191116,46751278.75822049
20191117,47648578.58471555
20191118,48768625.55602652
20191119,45634329.56454613
20191120,43635269.36061265
20191121,44148573.44530846
20191122,40726760.99316725
20191123,37432048.92207973
20191124,39431210.96944873
20191125,36490033.89674834
20191126,37942509.27039601
20191127,39281657.56343289
20191128,43771584.435815565
20191129,47754484.72845873
20191130,43617603.41965233
20191201,40674680.06889596
20191202,42716952.390490346
20191203,40288009.58603175
20191204,39057785.36369706
20191205,38736725.64211473
20191206,38115687.71372055
20191207,39103095.16280377
20191208,38757868.09597648
20191209,39697263.396459065
20191210,41664775.80445589
20191211,42876130.761213124
20191212,43304812.68682482
20191213,44351404.9209871
20191214,43242306.431180105
20191215,42667984.82784409
20191216,43013821.96591499
20191217,39689231.21386848
20191218,38083173.63500987
20191219,42257881.51849489
20191220,46125308.230269894
20191221,46801051.21238539
20191222,46651927.826769665
20191223,45230829.014831
20191224,43780685.978033885
20191225,42337251.07594295
20191226,40203629.1301632
20191227,41189863.6886803
20191228,40337459.63105884
20191229,40754187.42465631
20191230,42301505.48102115
20191231,42376456.712359495
20200101,40454811.277047075
20200102,39599826.455299646
20200103,40204385.61746752
20200104,41923318.661078446
20200105,42336057.501773
20200106,40953231.074945025
20200107,41736222.49217482
20200108,41518945.86704682
20200109,41290761.64195232
20200110,39948729.75415608
20200111,41568144.75467135
20200112,43382544.29139616
20200113,43460147.02948346
20200114,43252746.44037184
20200115,45867843.6266156
20200116,47508873.713749066
20200117,46962662.79856469
20200118,49012606.59644407
20200119,59074386.00042205
20200120,55521448.43706967
20200121,59855069.84112714
20200122,57187902.56292295
20200123,57569993.02037132
20200124,52673706.92900218
20200125,54623150.943190955
20200126,52205188.45577413
20200127,53156460.25175451
20200128,54610657.52418208
20200129,55419053.31298225
20200130,54051124.41587289
20200131,54903769.521274306
20200201,54642453.24048547
20200202,59209060.6254811
20200203,61923580.48046409
20200204,60165338.86214264
20200205,63567640.006435454
20200206,64570199.44469415
20200207,69521325.23164979
20200208,69451260.40271305
20200209,67007938.08273912
20200210,67796919.70564759
20200211,69900563.9672958
20200212,76650478.09627543
20200213,76419493.0491734
20200214,84044976.60768373
20200215,95060957.56254268
20200216,86110360.32790771
20200217,80797940.89805815
20200218,74499388.05619779
20200219,84555392.05994365
20200220,74495936.44272621
20200221,71817779.92863123
20200222,73733987.64351727
20200223,71694449.46369766
20200224,76406765.28106184
20200225,69869016.80033064
20200226,64214920.06647255
20200227,55723006.55386297
20200228,58487295.98902288
20200229,58766628.62029989
20200301,62446383.392776355
20200302,60384644.5682958
20200303,60687351.20528579
20200304,63006780.42520086
20200305,64114382.4011883
20200306,66189878.509423725
20200307,75649014.21094984
20200308,75049484.71631221
20200309,63135866.390388004
20200310,71836594.64642829
20200311,73486813.92665696
20200312,74640107.1835485
20200313,38533443.01137622
20200314,47493173.02167102
20200315,44413329.1261058
20200316,47904753.86173456
20200317,42088576.87375282
20200318,45238846.930142716
20200319,76629099.24229221
20200320,107637528.72407869
20200321,67652710.78936546
20200322,71271691.30069137
20200323,81412797.6037763
20200324,55491351.91780289
20200325,61824901.05866412
20200326,59179987.80210362
20200327,59986546.42903935
20200328,54563953.363876365
20200329,52339819.56071184
20200330,46740075.64144765
20200331,48831098.982509054
20200401,50791431.00470911
20200402,49740728.90274817
20200403,49765576.13684305
20200404,65009675.18700123
20200405,62353333.5849357
20200406,59571014.21977245
20200407,61867111.86682319
20200408,59861760.191071875
20200409,60786990.67860771
20200410,59294223.56339847
20200411,53759840.77266972
20200412,53532928.85565961
20200413,53510241.69095842
20200414,52928646.88548844
20200415,53101014.94821398
20200416,51580730.26725445
20200417,52600360.674442515
20200418,53139554.09017348
20200419,54039087.41846879
20200420,53069444.53268201
20200421,52663108.90896292
20200422,51713422.47401252
20200423,52971626.06581401
20200424,53541863.99631872
20200425,58308872.945814066
20200426,56210607.442515165
20200427,65057110.63008575
20200428,73275835.88682652
20200429,68327184.74385542
20200430,68711528.54620151
20200501,64864822.989643246
20200502,65707082.51952336
20200503,65230763.899441786
20200504,66334534.26800643
20200505,65146884.80926796
20200506,64080802.91401947
20200507,62984775.506504074
20200508,63143696.10550771
20200509,63842109.38194576
20200510,65250935.74748055
20200511,58289790.005664475
20200512,57402377.89641198
20200513,59181824.88026392
20200514,59569735.84799649
20200515,60233914.57340087
20200516,60852073.104086965
20200517,61119420.84092814
20200518,61877332.894560605
20200519,64484706.00692671
20200520,76414180.9226444
20200521,83000595.90507486
20200522,71656477.71158962
20200523,81824138.14296411
20200524,72628247.04473495
20200525,67924946.23193061
20200526,77688309.4600884
20200527,75069550.94676663
20200528,73232190.93221806
20200529,73395233.95222561
20200530,73297791.92841619
20200531,74553502.06737229
20200601,73895227.85654487
20200602,74718779.87430114
20200603,72976247.20525262
20200604,73628595.06122983
20200605,74416436.41097048
20200606,74098573.9182432
20200607,76964355.97690132
20200608,83559878.10087281
20200609,80769048.38452464
20200610,82063788.91856527
20200611,80333199.53836729
20200612,68090488.23507583
20200613,73595904.62039839
20200614,73719672.69008934
20200615,73348822.53875671
20200616,72166972.7905121
20200617,74627066.09749223
20200618,77199958.09390195
20200619,78663354.38385928
20200620,75143281.9728578
20200621,75443982.04624426
20200622,73476767.06709084
20200623,75752508.94631703
20200624,75613825.18997075
20200625,73723898.41555054
20200626,72478385.70466949
20200627,73325683.43237297
20200628,71848867.37959678
20200629,72103574.7081059
20200630,72106074.04040743
20200701,72773433.11780229
20200702,74773768.05201271
20200703,72185131.50669087
20200704,71803448.7549049
20200705,72080207.727046
20200706,71235491.37078361
20200707,73181522.61109555
20200708,73567546.04663494
20200709,77361285.87521213
20200710,76524819.38759182
20200711,76163626.79467295
20200712,76072415.4704357
20200713,75097130.54093643
20200714,74806972.91597153
20200715,74387860.36072224
20200716,73453857.10500006
20200717,72986510.78615099
20200718,72875711.0443605
20200719,74058144.38601843
20200720,74268769.77413855
20200721,74310841.775943
20200722,79355197.01556483
20200723,79329419.54783534
20200724,76862381.37843093
20200725,75250653.67238589
20200726,75916579.87397255
20200727,74449188.21926238
20200728,73060930.44231348
20200729,74228362.35181262
20200730,75706309.684458
20200731,77318066.67394158
20200801,76166705.48514694
20200802,77648800.91519886
20200803,73431423.01256576
20200804,74645709.8418829
20200805,75018883.23138247
20200806,75232108.22868113
20200807,77091607.39796814
20200808,75678449.27208339
20200809,79592001.87934428
20200810,78536433.74293244
20200811,83037053.47162862
20200812,79403016.49140933
20200813,78940095.04556538
20200814,81933269.86709265
20200815,82085674.87279403
20200816,85335172.12983684
20200817,86497268.78800915
20200818,92270312.46165615
20200819,88652128.9586242
20200820,82318372.62909079
20200821,88074673.70181148
20200822,86163097.88058987
20200823,87784203.85032775
20200824,86470792.95981
20200825,92176397.75621648
20200826,85990080.85117778
20200827,85708857.53946376
20200828,81019444.98339562
20200829,82747327.94641484
20200830,84702694.7398328
20200831,84091836.03607683
20200901,81713961.98418564
20200902,82755219.81558509
20200903,77401071.90315002
20200904,64839132.573621355
20200905,67972802.29452631
20200906,61792302.865602165
20200907,64268891.274889596
20200908,62833809.47734058
20200909,60927955.062118195
20200910,62478554.19006392
20200911,68354028.66079511
20200912,68789265.67746215
20200913,68857244.44425727
20200914,66049426.262320496
20200915,66165564.82381421
20200916,61992050.012035765
20200917,62177676.69168617
20200918,61964267.28429871
20200919,61833797.58076349
20200920,62700674.60358257
20200921,62474550.234002165
20200922,58341937.50448951
20200923,58705457.46586852
20200924,54612632.11209556
20200925,57066433.41325373
20200926,58469444.45244011
20200927,60275403.65217043
20200928,62329082.24257938
20200929,60653634.68529016
20200930,60485019.82687291
20201001,60331547.42367034
20201002,58611260.139190696
20201003,56318591.16798654
20201004,56972058.47450351
20201005,56940943.03216208
20201006,57170066.34051647
20201007,55202774.81117419
20201008,54966342.860292576
20201009,57587572.90277044
20201010,60407874.678958625
20201011,62271597.71166348
20201012,61401700.58579196
20201013,61532670.33172011
20201014,60889722.88426965
20201015,58136479.456665084
20201016,58439405.31354593
20201017,57347717.40461669
20201018,57247522.48752365
20201019,57228306.36469132
20201020,57515772.80645309
20201021,56397332.42971974
20201022,57474071.889116526
20201023,59000407.653865345
20201024,58819627.73945695
20201025,58769877.756047465
20201026,58168228.2582129
20201027,56586515.22006568
20201028,56812178.376106866
20201029,55340943.68818318
20201030,54982672.053110406
20201031,53086995.61303775
20201101,53040472.20562709
20201102,51701306.07288293
20201103,50879434.484218806
20201104,49497385.692932285
20201105,50132929.65650501
20201106,51662001.59735063
20201107,55206894.981260836
20201108,52630600.24289296
20201109,53599565.485474035
20201110,53712299.16872197
20201111,55460414.16655216
20201112,55678676.734514505
20201113,54306136.50610277
20201114,55487881.04043392
20201115,54781116.75353683
20201116,53607696.37487036
20201117,54766877.85642621
20201118,55741430.01182541
20201119,59849402.54891566
20201120,55582544.22886968
20201121,57464187.62001022
20201122,60314268.74373285
20201123,59647381.09148746
20201124,62301892.026194684
20201125,71165067.22564274
20201126,69756975.17386398
20201127,62272310.84595755
20201128,61312845.738695785
20201129,64767024.125717066
20201130,63407251.60467225
20201201,64828490.99928599
20201202,74561842.91805542
20201203,75151358.9813714
20201204,72597907.94019268
20201205,67604770.1839415
20201206,69614953.12590908
20201207,68150819.29618588
20201208,67913211.3321577
20201209,67003492.68168166
20201210,65308917.26454893
20201211,62682950.12396569
20201212,60264395.98996971
20201213,63400752.05189742
20201214,63119294.221388206
20201215,63902816.97724517
20201216,66415498.08724177
20201217,66259018.92480226
20201218,65619497.272880785
20201219,69188316.49990156
20201220,71766472.11859015
20201221,68755943.2259801
20201222,64792120.75035913
20201223,63872024.799183
20201224,56654558.601383306
20201225,60587473.14380991
20201226,59417080.02034738
20201227,60610992.83516201
20201228,59894536.841670915
20201229,60589532.3630291
20201230,60674913.48919315
20201231,59083579.70674078
20210101,58560253.9955025
20210102,60846029.74794013
20210103,62375462.05969662
20210104,62252971.34702724
20210105,60950368.1166223
20210106,63199036.731753126
20210107,71023461.64054024
20210108,70133928.7349181
20210109,71492119.06364876
20210110,77225150.27038254
20210111,77563153.99258938
20210112,66415204.769725
20210113,64906812.02460112
20210114,68528531.81067386
20210115,68606150.53740837
20210116,66774641.7622322
20210117,68780255.1649522
20210118,74619146.22909679
20210119,78691726.24259321
20210120,76417493.87807474
20210121,75911368.11759351
20210122,68112730.75670631
20210123,68679149.29100513
20210124,68008098.96856776
20210125,69519221.30227526
20210126,68837830.48692478
20210127,68487157.29126851
20210128,63943348.1174391
20210129,67254046.79876843
20210130,70106457.28034192
20210131,71200994.733425
20210201,69168167.73906705
20210202,71081185.94557111
20210203,74032022.47164406
20210204,77190330.84381986
20210205,75862016.37383111
20210206,99583535.52696392
20210207,87126696.0258072
20210208,82737238.58516131
20210209,88621283.16098037
20210210,98619825.4384037
20210211,107693118.11802365
20210212,128488190.75657059
20210213,130445825.80986276
20210214,144108494.21498683
20210215,141048333.81582457
20210216,164283872.34928864
20210217,165669777.60351163
20210218,168891009.10421193
20210219,191023983.83207023
20210220,196078531.7300935
20210221,177901118.65308893
20210222,203827532.1024816
20210223,174783606.3341737
20210224,133035462.74137205
20210225,138819271.3152995
20210226,142036115.26295024
20210227,169688350.13446936
20210228,170939176.50836208
20210301,158152905.66876388
20210302,168899823.7092337
20210303,162573171.92204964
20210304,169572164.5739133
20210305,167631137.34987348
20210306,162780192.19187656
20210307,168645535.73851484
20210308,176208535.31129023
20210309,174806920.62494254
20210310,178619206.39536214
20210311,175309100.95915067
20210312,172693040.23944888
20210313,179198662.86861226
20210314,186041734.52885795
20210315,182587208.72124642
20210316,172041892.8230903
20210317,173485626.7020269
20210318,179623628.0705956
20210319,183324955.46515757
20210320,212464490.63803375
20210321,214778913.54416236
20210322,206497474.57653272
20210323,277834128.2990714
20210324,289104086.8773176
20210325,244584949.4315865
20210326,234008864.3388724
20210327,260713198.26941344
20210328,274084547.2759595
20210329,293420621.1209614
20210330,377779523.61240476
20210331,437871674.79064333
20210401,460687144.36676997
20210402,436647498.837001
20210403,458296608.17618144
20210404,402232977.77210987
20210405,426329610.3277939
20210406,390454724.9206808
20210407,375100854.3286361
20210408,351423580.19531316
20210409,389900275.6945732
20210410,468474184.29610026
20210411,539392594.3369188
20210412,500155350.28485125
20210413,475683348.35519797
20210414,471317346.3347133
20210415,443119283.9697657
20210416,475471550.73520005
20210417,485756371.07404685
20210418,456852636.60998803
20210419,395401413.18301666
20210420,378743762.11388
20210421,360395732.4289786
20210422,356720759.595959
20210423,296109343.6812843
20210424,270229145.5406162
20210425,286446227.45925516
20210426,286550602.8499326
20210427,330069609.14480036
20210428,350708428.41116405
20210429,333045868.1828456
20210430,322968341.8397008
20210501,340363698.79392695
20210502,341586730.81764644
20210503,353042409.27590764
20210504,356806385.56170505
20210505,310501341.1597216
20210506,351821098.54141307
20210507,455512530.387284
20210508,441012249.6066823
20210509,486702051.22083104
20210510,462727613.6028707
20210511,390024063.57159483
20210512,414652978.1251779
20210513,341106390.3745639
20210514,334375889.45215565
20210515,361829983.4546886
20210516,325030906.31980836
20210517,316188106.5050918
20210518,285316655.4247218
20210519,307847519.5039421
20210520,258908339.9712787
20210521,287610950.5685791
20210522,252551435.5153948
20210523,233064312.5091664
20210524,190703645.17771935
20210525,220779753.93433696
20210526,245541404.8634583
20210527,255632068.17808902
20210528,240628691.3655806
20210529,214739329.27481496
20210530,198605434.94120032
20210531,203303129.00466278
20210601,215148648.8535786
20210602,211308104.61681804
20210603,214605938.3466382
20210604,224362893.973234
20210605,207615605.56707922
20210606,201722481.65249422
20210607,213597980.60219747
20210608,196689366.40035123
20210609,192836648.80749878
20210610,195092641.03435406
20210611,189589005.91318944
20210612,175178747.18140984
20210613,152626424.1412963
20210614,171317682.8349975
20210615,169679740.81435505
20210616,171045045.9978066
20210617,156873621.7087989
20210618,157026829.18655694
20210619,140415256.03961816
20210620,132168163.12016034
20210621,130849130.1330263
20210622,97181473.46879387
20210623,83155758.436512
20210624,91857423.89984342
20210625,101611395.29358435
20210626,93414088.70687674
20210627,94468573.82400966
20210628,97551089.44715601
20210629,110907706.1970461
20210630,123507336.41866314
20210701,156595618.98611683
20210702,139160696.4192449
20210703,141520708.9299069
20210704,145265242.58092722
20210705,148828093.58226767
20210706,144536309.48432413
20210707,150329459.00990352
20210708,159804477.4857536
20210709,141377625.16771513
20210710,142945910.20555627
20210711,151538848.25952637
20210712,163291256.46260443
20210713,162306008.69315052
20210714,162479852.24179626
20210715,152740538.68131223
20210716,153544054.72536382
20210717,142713534.50992513
20210718,141441144.81893593
20210719,143758074.87207782
20210720,134979484.27212992
20210721,126937434.23128526
20210722,136578095.85795048
20210723,144126534.68025583
20210724,148278006.4145461
20210725,152095132.1774642
20210726,151336663.8233264
20210727,155941101.2035148
20210728,163673434.28627813
20210729,169088779.41809478
20210730,185347028.14344904
20210731,190339925.84155008
20210801,197755014.94204554
20210802,184564049.43007928
20210803,193575133.146193
20210804,187515645.62587956
20210805,188591317.54385188
20210806,194526922.70203915
20210807,200396071.65580922
20210808,211413745.42050895
20210809,205647780.5796983
20210810,205436524.81900913
20210811,206498523.1582194
20210812,216627778.00443268
20210813,207281706.08317316
20210814,219467816.7134927
20210815,232945338.55500075
20210816,232202058.2842194
20210817,228360676.3693704
20210818,209524438.10286704
20210819,207425904.44057456
20210820,209078051.30202577
20210821,218229623.01711938
20210822,221588959.67067719
20210823,219255642.6145953
20210824,231778636.79004696
20210825,228051968.78208375
20210826,234889817.04746944
20210827,220227904.0536628
20210828,229251334.22489908
20210829,224852931.87573293
20210830,228844973.80915096
20210831,221692762.00328124
20210901,228059509.97066006
20210902,237978039.152502
20210903,238209301.89018074
20210904,254192529.54641742
20210905,285205729.4751874
20210906,268802076.7279194
20210907,277653944.44786835
20210908,231427244.68271524
20210909,229639968.7790925
20210910,243479165.1369097
20210911,250126905.3189042
20210912,250919691.68626687
20210913,249108107.3374984
20210914,232714513.89748445
20210915,237553226.08664578
20210916,254728984.87954038
20210917,249233930.6871822
20210918,253076662.5490802
20210919,251993011.338523
20210920,235766067.39375633
20210921,196910777.97161782
20210922,181569525.17786095
20210923,199603512.9418908
20210924,204815404.67200944
20210925,196570585.69140393
20210926,189805493.58919084
20210927,189711757.22273475
20210928,186404898.30469808
20210929,170394935.2288416
20210930,167979620.27534798
20211001,182922308.28422102
20211002,203962912.1194118
20211003,210762015.72774723
20211004,212298446.92347234
20211005,218129546.07591298
20211006,227113148.47509247
20211007,256797022.72005403
20211008,246318987.6896716
20211009,248675444.40555462
20211010,243328102.7334568
20211011,237432154.3981446
20211012,240372390.48487025
20211013,231348653.98321828
20211014,243166237.20721382
20211015,249094283.7051494
20211016,229744279.2355272
20211017,228654648.8917664
20211018,223863142.2735124
20211019,218382344.2830793
20211020,221946913.4108815
20211021,229379236.47430903
20211022,223032434.89779288
20211023,228856777.0730573
20211024,234493920.26451346
20211025,224527795.26146752
20211026,229115993.07460493
20211027,226162912.87255204
20211028,205817615.59843644
20211029,219503227.62489963
20211030,227535281.95734268
20211031,234640490.2024839
20211101,245195993.12346888
20211102,238518148.7774149
20211103,249621861.01822928
20211104,245285502.48109353
20211105,247628893.7949696
20211106,240735605.21494314
20211107,238097853.62332538
20211108,241389123.57346165
20211109,243768966.38660896
20211110,241765564.57693073
20211111,231603130.29222095
20211112,237112632.79820776
20211113,233154618.87322193
20211114,234748200.93382528
20211115,233769632.42795286
20211116,236771722.46037924
20211117,239081216.9729583
20211118,250560905.8419314
20211119,223982697.49065432
20211120,231980201.04918826
20211121,244974137.11248317
20211122,240208111.91892692
20211123,227627580.31168798
20211124,239284203.6519582
20211125,245070772.49774557
20211126,261537679.90981448
20211127,264306527.40794897
20211128,265560242.53665912
20211129,286310549.74120265
20211130,276694980.7455162
20211201,256693207.11672562
20211202,263645326.18986377
20211203,248536575.1178311
20211204,233609210.57857835
20211205,194928499.56123304
20211206,184030792.1731279
20211207,193716630.81907165
20211208,195583716.72595963
20211209,201785582.5643028
20211210,185363281.16847968
20211211,175099320.0731356
20211212,182257255.04080015
20211213,181392378.9401492
20211214,163208773.4305787
20211215,164640393.7758738
20211216,169988850.27193326
20211217,167427655.1806081
20211218,170017419.58091098
20211219,170249202.68377563
20211220,168754955.8471143
20211221,162967501.3793477
20211222,167784705.25076547
20211223,172389182.89832476
20211224,183656143.4741385
20211225,179501214.8125196
20211226,182083984.36683884
20211227,184072198.76674882
20211228,183160383.33777648
20211229,170465867.9309795
20211230,163378579.16923654
20211231,169661335.29333726
20220101,168229572.79578292
20220102,171291292.5594145
20220103,186289858.3826388
20220104,179788540.01438934
20220105,175200719.5281248
20220106,162523649.47800693
20220107,162408837.04847404
20220108,154678812.36102846
20220109,151142252.1793898
20220110,154035526.76296037
20220111,185286277.2079685
20220112,172759051.94914836
20220113,170912166.38837558
20220114,163619006.68794772
20220115,164677741.083778
20220116,166116941.13842258
20220117,165215856.75670722
20220118,161719614.77576533
20220119,158621668.56869885
20220120,151974059.83588943
20220121,148883495.46699283
20220122,126199563.31510241
20220123,115227226.95015895
20220124,119340188.52919523
20220125,114717119.6289208
20220126,115168089.11042863
20220127,116272703.97160712
20220128,119111387.0134485
20220129,122934834.55921501
20220130,128578684.1882241
20220131,127154411.15390381
20220201,125931269.00239035
20220202,126496022.7632192
20220203,128747463.16413875
20220204,135588284.38274872
20220205,140320395.1181148
20220206,150463202.74992868
20220207,149324517.18901944
20220208,151902326.33861
20220209,146002888.5518478
20220210,146031933.40410784
20220211,140418787.75903314
20220212,134860263.13889086
20220213,132538201.73740874
20220214,134776886.63860634
20220215,133485513.12726086
20220216,139872944.51476964
20220217,141136569.4867598
20220218,130143363.95161577
20220219,129390466.72054371
20220220,127138869.8765678
20220221,122778091.62467274
20220222,113396271.84729667
20220223,116445390.80705774
20220224,124547126.15829743
20220225,118028764.90039484
20220226,126327527.45915976
20220227,130771312.73778611
20220228,126336560.51745577
20220301,134715069.43147296
20220302,136545719.1843713
20220303,132288553.7840869
20220304,128321839.3696469
20220305,121085534.3383516
20220306,123419887.48744945
20220307,120044807.57431051
20220308,122399033.48149486
20220309,123221277.55254148
20220310,128451331.22031088
20220311,125011886.91888869
20220312,122769090.02643728
20220313,123164888.94807698
20220314,120412125.54957901
20220315,123720781.10706337
20220316,123238643.13318665
20220317,124507906.794918
20220318,128039259.00239189
20220319,130110795.505553
20220320,133493013.81483097
20220321,132454623.83960302
20220322,133418930.81623188
20220323,137017042.2812149
20220324,144056733.9161935
20220325,144907592.9167811
20220326,141818559.9741095
20220327,145383642.190728
20220328,154769132.52553746
20220329,159022918.93339217
20220330,159123827.34648263
20220331,161450662.07364807
20220401,161031214.59310588
20220402,166128718.46892476
20220403,168491208.67528018
20220404,168350393.09477043
20220405,158141753.7457887
20220406,155073431.21589184
20220407,139267905.8634546
20220408,144433023.94983307
20220409,137601913.62857398
20220410,140376220.11753085
20220411,137004427.2176179
20220412,124538180.08148694
20220413,130781311.01014775
20220414,137590951.7467759
20220415,133169945.67137045
20220416,135852886.36310172
20220417,136327767.80928448
20220418,131664534.67587222
20220419,131699557.07165267
20220420,139569965.0067247
20220421,139481900.40688795
20220422,238376619.5149496
20220423,204279024.7662188
20220424,187699207.19928348
20220425,173709707.67264512
20220426,168830649.65766755
20220427,174144113.51457602
20220428,214863324.9874234
20220429,188294390.6272682
20220430,188497216.74420422
20220501,162997361.37609
20220502,170712770.70509797
20220503,161381544.9430153
20220504,148003424.78547585
20220505,160125754.8925758
20220506,164675496.17130786
20220506,157467665.64136934