20140521,2079641.0
20140522,1221459.0
20140523,2842647.0
20140524,3456658.0
20140525,3326618.0
20140526,2946133.0
20140527,2199816.0
20140528,2315318.0
20140529,1742652.0
20140530,1667566.0
20140531,2113585.0
20140601,1934459.0
20140602,1964407.0
20140603,2238383.0
20140604,2136583.0
20140605,None
20140606,1524539.0
20140607,1702750.0
20140608,1701813.0
20140609,1999148.0057023878
20140610,2177110.4093835675
20140611,2156592.8020034
20140612,2301138.0034926464
20140613,2560617.1816455587
20140614,3302740.2161036665
20140615,3558035.94412968
20140616,4554492.19953652
20140617,4424617.820028159
20140618,4181118.5494707725
20140619,4625276.8822536245
20140620,6772711.379654566
20140621,7894346.298076739
20140622,6707708.796993012
20140623,6229797.742980695
20140624,5333818.817563082
20140625,5417683.537657916
20140626,4917919.221613058
20140627,3744334.6081743506
20140628,4422977.528572151
20140629,4451326.117541864
20140630,4390650.29661473
20140701,4276642.696524009
20140702,4198249.865673584
20140703,4860953.340448636
20140704,4933101.035589611
20140705,4657235.341724672
20140706,4572962.51107903
20140707,3806139.5177478753
20140708,4476662.360329191
20140709,3924829.474860808
20140710,3712852.4620886166
20140711,3523146.566481732
20140712,3387070.6094327806
20140713,3472277.933358902
20140714,3869149.346105031
20140715,4138047.142861884
20140716,5417595.683999857
20140717,6010515.237948819
20140718,5685053.161000994
20140719,6352880.471669893
20140720,5847250.8677916145
20140721,6968219.988606445
20140722,7265969.188685095
20140723,6789020.816753093
20140724,5515751.302026174
20140725,5790491.354278227
20140726,6189461.7170661455
20140727,6093103.261113661
20140728,6472480.54478885
20140729,6336173.336093817
20140730,6158380.902711347
20140731,6337022.643464735
20140801,6599599.529990674
20140802,6294217.38969613
20140803,5997896.237031178
20140804,5127315.6674626665
20140805,5567260.181722816
20140806,5701086.334277238
20140807,5616214.760889788
20140808,5761403.482994658
20140809,5609533.588104596
20140810,5479288.65567297
20140811,5620861.1303196475
20140812,5443213.1195242815
20140813,5211065.140166787
20140814,4833704.478935721
20140815,4431855.277166167
20140816,4401102.578719041
20140817,515039.358435263
20140818,1329885.8463510347
20140819,4771420.408656998
20140820,5349517.577689696
20140821,5281237.734205396
20140822,5273287.95909578
20140823,5372956.812967532
20140824,5853090.649811023
20140825,6131183.884432123
20140826,6071534.945439376
20140827,6104988.230014635
20140828,6880883.226728098
20140829,6829046.216730853
20140830,7697206.808250825
20140831,6960415.776916699
20140901,6499648.933852276
20140902,6174883.900418848
20140903,6463132.585122561
20140904,6588092.181361527
20140905,6369725.242723877
20140906,6311349.302973634
20140907,6110801.418874153
20140908,6193489.073839185
20140909,5860694.315384014
20140910,6547129.204796464
20140911,6496904.093118652
20140912,6308343.407326848
20140913,6206329.219408105
20140914,6188947.108318944
20140915,6527627.453156713
20140916,6341470.450415129
20140917,6078385.766267071
20140918,5504360.473601636
20140919,5120679.011339603
20140920,4503659.652291377
20140921,4575163.8837632
20140922,4484863.301071399
20140923,5256459.486208775
20140924,5444828.682447254
20140925,5061856.73549913
20140926,5072617.399824455
20140927,4805982.898079915
20140928,4512915.36756894
20140929,4260169.674537138
20140930,4573878.754430305
20141001,4496227.153917783
20141002,4477563.263857805
20141003,4158709.380569769
20141004,3764587.402080737
20141005,3443017.9191134833
20141006,3795421.6083387416
20141007,3857972.66498985
20141008,4263081.767158375
20141009,4279723.739213429
20141010,4468243.551750658
20141011,4268480.110486857
20141012,4281247.415992575
20141013,4395888.539397811
20141014,4322692.965317541
20141015,3980287.4703725767
20141016,4033602.6106059887
20141017,3943701.157853019
20141018,3942760.305250626
20141019,4086091.226180774
20141020,3894204.094338858
20141021,3948390.842046755
20141022,3925820.5199419316
20141023,3560701.5489713326
20141024,3183720.9325378635
20141025,3137491.6412968286
20141026,2901391.7820979557
20141027,3051808.2065384826
20141028,2913583.0055260262
20141029,2715431.3415015484
20141030,2653545.8664754992
20141031,2645139.1874742378
20141101,2548189.2921929136
20141102,2529966.1401676456
20141103,2515308.7500188025
20141104,2430883.7691159802
20141105,2529706.4326771516
20141106,2605294.425428601
20141107,2757962.3838208597
20141108,2874455.726135533
20141109,3258480.786398336
20141110,3313614.347580073
20141111,3249885.585124855
20141112,3312025.602984334
20141113,3198396.615141217
20141114,3166705.0358874267
20141115,2983286.1908298456
20141116,3039759.236457185
20141117,2718630.9399777376
20141118,2813360.27156459
20141119,2609021.5481280438
20141120,2465939.7404182106
20141121,2552776.491329094
20141122,2540847.1790940603
20141123,2517266.778391364
20141124,2581673.173120972
20141125,2890823.994002119
20141126,2707227.4604975935
20141127,2697239.688460351
20141128,2760440.853763467
20141129,2776609.8579174136
20141130,2752785.2085220884
20141201,2376220.874538905
20141202,2615608.398442722
20141203,2522054.053963658
20141204,2269559.937802571
20141205,2145677.36920846
20141206,2224738.2669725725
20141207,2371763.0695172804
20141208,2263346.665827921
20141209,1960601.1634088387
20141210,1998475.0528554872
20141211,2016047.661432388
20141212,1893866.1470114053
20141213,1902967.4027449817
20141214,1953190.7692552966
20141215,1930032.5648538244
20141216,1714703.5025413737
20141217,1717352.1160426226
20141218,1590435.221243563
20141219,1699226.70166812
20141220,1766089.097400447
20141221,1816097.7953195353
20141222,1823856.8950882067
20141223,2032909.2305669342
20141224,2244565.2739586993
20141225,2441538.1782753966
20141226,2332960.035803281
20141227,2843474.160315271
20141228,3079240.58154578
20141229,2658394.0087730223
20141230,2670333.6440876485
20141231,2336948.4163317336
20150101,2563380.65570088
20150102,2577241.5905940225
20150103,2655962.5405555437
20150104,2252093.6124801296
20150105,2336725.3359506777
20150106,2569469.0177409593
20150107,2610330.264724492
20150108,2446923.518705961
20150109,2373213.27642683
20150110,2357365.8419819567
20150111,2169123.884533714
20150112,2068119.5813239089
20150113,1726741.6763373185
20150114,1237424.3440977773
20150115,1508568.1765537553
20150116,1601588.958083572
20150117,1398533.1718223705
20150118,1489187.6886168723
20150119,1488397.7226321986
20150120,1396652.2257326234
20150121,1489477.790953076
20150122,1593284.6795638325
20150123,1650657.7776160778
20150124,1809765.760876605
20150125,1916673.7303248774
20150126,1865559.1183188176
20150127,1783712.4959994003
20150129,1905511.67354165
20150130,1781098.6065701505
20150131,1724897.608653211
20150201,1832626.6380023581
20150202,1811911.3573784204
20150203,1731678.5464247046
20150204,1705752.2802102247
20150205,1662603.7441171717
20150206,1646503.522815365
20150207,1686238.253036246
20150208,1619288.2852222857
20150209,1558748.1638089067
20150210,1510796.280150346
20150211,1439911.113823381
20150212,1542369.041192092
20150213,1596022.8253898416
20150214,1758507.305688847
20150215,1585284.54672615
20150216,1589545.4939713748
20150217,1589090.7885868168
20150218,1515837.602564536
20150219,1788187.856339603
20150220,1923253.0521225247
20150221,1924672.6268071195
20150222,1994554.1332657472
20150223,2131481.832974168
20150224,2244925.3252928155
20150225,2354291.5055399123
20150226,2302997.2146072597
20150227,2495027.139632496
20150228,2699778.1642308203
20150301,2728327.7151143295
20150302,2739934.7992421472
20150303,2697770.409502048
20150304,2704806.5538235246
20150305,3093772.8844972923
20150306,3195626.759851905
20150307,3062423.5451506195
20150308,3228256.5006771223
20150309,4415634.243171683
20150310,5263185.2916094465
20150311,4750839.116407635
20150312,4535331.532484576
20150313,4322265.647230168
20150314,4451330.619101255
20150315,4615493.686790896
20150316,5354526.98821669
20150317,5053635.8198751705
20150318,4295437.232841746
20150319,4594548.331120232
20150320,4361994.442876278
20150321,5078780.951803177
20150322,5311336.1724706385
20150323,5215041.337462787
20150324,4822237.219766749
20150325,5287819.076728296
20150326,5097142.396437662
20150327,5503490.428178077
20150328,5559910.575126086
20150329,4966222.030897492
20150330,6161019.506671151
20150331,6255609.31101927
20150401,7009380.008913184
20150402,6787844.387889779
20150403,6819223.694192268
20150404,6057634.385618589
20150405,6232768.5404359745
20150406,5594209.6127696065
20150407,5554421.197184087
20150408,5345506.358885949
20150409,5415726.050560305
20150410,5706538.758524306
20150411,5914378.406192407
20150412,5716843.524406471
20150413,4956090.401188222
20150414,4711563.818135209
20150415,4869005.694570222
20150416,4924811.24533483
20150417,4753952.966386918
20150418,5009789.977093012
20150419,4818345.355596827
20150420,4935816.994775039
20150421,4642450.067164185
20150422,4217116.321305533
20150423,4399455.275091041
20150424,4206616.09542877
20150425,4122593.302086134
20150426,4067180.1518131387
20150427,4209178.3944859635
20150428,3531963.5065073166
20150429,3687106.990026557
20150430,3725354.243088444
20150501,3691007.2304903073
20150502,3696761.125116372
20150503,3697053.3024962097
20150504,3495983.3270276063
20150505,3440505.1347700874
20150506,3427423.2010550206
20150507,3513320.076421249
20150508,3613671.4530084305
20150509,3844843.6881834553
20150510,4192719.626897838
20150511,3804098.6464715125
20150512,3570412.804519235
20150513,3450578.395454703
20150514,3743044.6522243326
20150515,3974351.9452867527
20150516,4478769.026728859
20150517,4172166.6759347906
20150518,3976519.384554897
20150519,3825263.3138786936
20150520,3859205.745471604
20150521,3416428.697182886
20150522,3628289.81022787
20150523,3662091.3057737486
20150524,3748833.2299386356
20150525,3645450.313908951
20150526,3498986.736735421
20150527,3329712.588890605
20150528,3467239.671487261
20150529,3466905.3148526484
20150530,3506691.899985762
20150531,3585228.595251669
20150601,3619041.9709421936
20150602,3613964.5092907245
20150603,3599865.9937324724
20150604,3777026.8621760355
20150605,3919139.579278457
20150606,4165393.0030960366
20150607,4101843.7745889523
20150608,4287739.084463981
20150609,3945674.1921480307
20150610,3803640.908964543
20150611,3652229.3179452913
20150612,3770148.100959434
20150613,3884626.9627918387
20150614,3927541.8656411534
20150615,4038961.6234190175
20150616,3952656.4322308544
20150617,3950409.2362091513
20150618,3974119.036424864
20150619,4048095.9458356253
20150620,4266405.824481805
20150621,4285740.363447908
20150622,4420004.413919489
20150623,4310123.891396885
20150624,4198143.842493971
20150625,4153170.403898096
20150626,3987107.041978215
20150627,4069672.3242081082
20150628,3886111.9044906185
20150629,4087939.8475830466
20150630,4114699.8226937777
20150701,4142139.580016289
20150702,4101169.505983372
20150703,4093385.5292305117
20150704,4235088.153285981
20150705,4344713.3468118105
20150706,4234779.527845378
20150707,4295748.4589580735
20150708,4322669.039905148
20150709,4173635.1583434227
20150710,4400638.532600958
20150711,4494428.40984682
20150712,5280611.172819821
20150713,4774694.37948145
20150714,4787458.241191914
20150715,4576680.8970474815
20150716,4579632.633530902
20150717,4541816.366994679
20150718,4505004.672186149
20150719,4624868.990082649
20150720,4674122.280385049
20150721,5009998.2915502535
20150722,4895342.045487761
20150723,4950341.020233603
20150724,4983370.891881502
20150725,4883153.147008408
20150726,4990207.890698614
20150727,5136046.952766131
20150728,5274350.0453511765
20150729,5075166.081691011
20150730,5022971.63987916
20150731,4947261.218949154
20150801,5031955.275033859
20150802,5310651.767582748
20150803,5146089.429479693
20150804,5336660.845761467
20150805,5343356.912624337
20150806,6329504.088188368
20150807,6319607.471640051
20150808,5824568.620801799
20150809,5814326.444285664
20150810,5806920.316918519
20150811,5371774.460298435
20150812,5567603.889427535
20150813,5156656.958884328
20150814,5442907.663482649
20150815,5445657.4849859895
20150816,5523214.002990472
20150817,5444647.045015913
20150818,5327830.9819954485
20150819,4783604.965418396
20150820,5367532.114713322
20150821,5109827.658591868
20150822,4933016.447091343
20150823,4881137.904116496
20150824,3923532.834123647
20150825,4392084.07993606
20150826,4526628.001197165
20150827,4173079.6235073158
20150828,4315286.990631826
20150829,4323708.840368438
20150830,4182454.2577084773
20150831,4269620.6009574365
20150901,4165009.374710785
20150902,4295952.5168111045
20150903,4183024.296732819
20150904,4293010.514474452
20150905,4424636.677930255
20150906,4622139.232072639
20150907,4597884.070488531
20150908,4770011.515927887
20150909,4685682.33690251
20150910,4603082.348628542
20150911,4611852.588831106
20150912,4334366.55597714
20150913,4295700.349368778
20150914,4496102.388336458
20150915,4690127.505194972
20150916,4751561.898421498
20150917,4687836.256347808
20150918,4657687.24352736
20150919,4633214.841011953
20150920,4550732.767432661
20150921,4511493.4655444315
20150922,4454037.674685293
20150923,4370653.759588646
20150924,4398679.502993746
20150925,4242668.548101444
20150926,4278237.088644001
20150927,4172490.336752692
20150928,4257455.595425056
20150929,4149117.013453886
20150930,3764768.5561286546
20151001,3854564.5838244553
20151002,3915302.183886906
20151003,3916560.47623389
20151004,3832415.8699592943
20151005,4043869.4785458236
20151006,3922294.0288863764
20151007,3772684.6959222658
20151008,3748895.1612647045
20151009,3793736.5999037707
20151010,3745150.9520967095
20151011,3668541.734987757
20151012,3826984.634659565
20151013,3735883.2537604542
20151014,3730749.1430002614
20151015,3775295.237254721
20151016,3969033.2001995384
20151017,4093928.3494681986
20151018,3994031.1433681548
20151019,3778375.9250409994
20151020,3912318.5002615857
20151021,3847728.9686481915
20151022,3932237.637411711
20151023,3846869.2982845763
20151024,3901966.3175876704
20151025,3892344.2907100962
20151026,3744509.1523765423
20151027,4041826.8120610504
20151028,4384461.981283861
20151029,4398080.633094127
20151030,4549286.0029789815
20151031,3911022.3995068828
20151101,4146050.097402449
20151102,4193529.4084070646
20151103,4286868.706526725
20151104,4788342.208742407
20151105,4266938.515670752
20151106,4356949.029680235
20151107,4500464.056883573
20151108,4954406.565582325
20151109,4707848.989059516
20151110,4584337.581865175
20151111,4370164.508104975
20151112,4427637.350795175
20151113,4629448.916106097
20151114,4278567.128927786
20151115,4252450.359103974
20151116,4390422.999307474
20151117,4324874.97847799
20151118,4210362.110933249
20151119,4213441.331487771
20151120,3925764.4230443803
20151121,3954898.4812619626
20151122,3967526.5595542663
20151123,3960931.6059037033
20151124,3913848.876535202
20151125,3945248.34229889
20151126,4123968.9578906004
20151127,3922534.0398419187
20151128,3978302.427222481
20151129,4067634.4744065423
20151130,4044576.12257843
20151201,3861640.10741408
20151202,3794119.970195645
20151203,3757930.6745974105
20151204,3799924.816054642
20151205,4521931.994486664
20151206,4503521.46605313
20151207,4351848.8775267685
20151208,4506874.657859048
20151209,4647654.171425671
20151210,4519000.479264291
20151211,4759266.813299119
20151212,4704583.796331072
20151213,4765008.095264611
20151214,5605487.891369294
20151215,5774342.5652361885
20151216,5382436.862173012
20151217,5225043.997566611
20151218,5208259.645611003
20151219,5103485.883568643
20151220,5286037.790083087
20151221,5086047.622593528
20151222,5030281.719874171
20151223,5027788.206458417
20151224,5104799.908265225
20151225,5137421.218626369
20151226,4708188.026510255
20151227,4730734.080584003
20151228,4685090.475839865
20151229,4811654.563198144
20151230,4667118.83374068
20151231,4910749.468777047
20160101,5413476.403770641
20160102,5617892.647426641
20160103,5273047.416497372
20160104,5435064.269276491
20160105,5454575.549024252
20160106,5501331.430332887
20160107,5193972.072588858
20160108,5350870.080996627
20160109,5242661.664421749
20160110,5281246.558213281
20160111,5270588.697234039
20160112,5318596.400021371
20160113,5134816.935163881
20160114,5250069.672648247
20160115,4587981.404959493
20160116,5294195.481795808
20160117,4701482.508161859
20160118,5329694.926304277
20160119,5785509.129037433
20160120,5708548.502690035
20160121,5892398.724206495
20160122,5706191.119868327
20160123,5779045.344119765
20160124,6736761.0233639935
20160125,6317162.029162116
20160126,6432350.940995955
20160127,6551167.753732958
20160128,6065130.790038165
20160129,5564927.179829087
20160130,5498628.137872589
20160131,5196711.486396059
20160201,5357986.626474274
20160202,5379329.937537817
20160203,5341109.653323133
20160204,5528607.470458024
20160205,5385267.877995497
20160206,5258940.006776934
20160207,5218131.163651215
20160208,5244902.912162693
20160209,5110804.647492112
20160210,5249466.436600761
20160211,5845973.866038363
20160212,6606129.196499482
20160213,8804908.718542736
20160214,9324095.271270696
20160215,8714454.68072502
20160216,10501726.59956021
20160217,8067449.412598046
20160218,8553553.167432789
20160219,9210347.467065087
20160220,9441514.502568966
20160221,8833012.298579905
20160222,8692878.465783719
20160223,8348070.064124473
20160224,8848915.323292898
20160225,8915368.978987591
20160226,9074768.003735805
20160227,9259616.822441297
20160228,9692168.415927447
20160229,9684821.892644502
20160301,9342106.531277737
20160302,9274775.977277003
20160303,12055544.709375545
20160304,13106753.299673261
20160305,13354935.834544273
20160306,13817906.98346987
20160307,11636120.140387636
20160308,13118520.863311175
20160309,13825531.8668943
20160310,12271159.228419855
20160311,12415442.514382783
20160312,13108007.968159819
20160313,14003521.634162795
20160314,12568258.27804715
20160315,12929220.58947948
20160316,12990634.050022952
20160317,14557422.668527933
20160318,12971261.394509982
20160319,13740423.830284031
20160320,16746391.932573292
20160321,16475917.399273677
20160322,15511684.887886865
20160323,16601751.234278591
20160324,19334379.45252828
20160325,18143782.396887455
20160326,19276787.660683684
20160327,17260702.98402254
20160328,16979446.21146198
20160329,16972937.852025796
20160330,16474454.222554792
20160331,16078994.272552412
20160401,16642282.056752022
20160402,17948120.991748247
20160403,17168823.626593817
20160404,18272560.512631703
20160405,17373978.354710568
20160406,17322523.07394993
20160407,17546040.933691848
20160408,14003017.370637693
20160409,15328559.108426813
20160410,12587750.69993041
20160411,11677521.66303024
20160412,10803622.55399437
20160413,11908031.554237282
20160414,11694766.7135153
20160415,11474855.784676477
20160416,11375506.093729213
20160417,11987627.543271119
20160418,12752420.672670621
20160419,13182305.795801776
20160420,12292741.919071173
20160421,11338757.574311784
20160422,11468771.917546017
20160423,12172257.139768971
20160424,12033520.211495472
20160425,12165417.477459136
20160426,10440464.786371619
20160427,11106538.314458676
20160428,10619437.247210493
20160429,10408084.59301602
20160430,10805080.610924503
20160501,10753041.463012606
20160502,11413866.049674354
20160503,10795354.927469457
20160504,10813514.269000776
20160505,10670682.097182566
20160506,10472392.362414088
20160507,10423798.868760971
20160508,10015290.297007814
20160509,9885273.652937252
20160510,9779403.472835077
20160511,10132752.821672505
20160512,10380719.560261754
20160513,10054873.134571524
20160514,9973572.068222616
20160515,9767867.193509968
20160516,9712121.874637283
20160517,9663566.065877218
20160518,10008821.434760306
20160519,10163246.19337871
20160520,11219581.543193733
20160521,11569492.611388855
20160522,10956824.423800547
20160523,10850970.43261668
20160524,11085550.984275207
20160525,10399984.815265046
20160526,10296604.521520587
20160527,10301163.681398554
20160528,10859337.806302477
20160529,10565685.532593384
20160530,10760191.047682751
20160531,11141602.768104346
20160601,11080398.420255754
20160602,11228325.039625037
20160603,11356595.085881015
20160604,11755294.34136935
20160605,12090613.61545143
20160606,12078140.8301109
20160607,12223195.829970147
20160608,12145482.240913207
20160609,13423184.481488677
20160610,13899240.332105923
20160611,13774117.862029826
20160612,15285855.751214731
20160613,15567620.606163908
20160614,16856341.681064658
20160615,17797790.658234745
20160616,19245017.421834998
20160617,21758648.524956398
20160618,24168232.67475914
20160619,22818290.47095295
20160620,21691920.21412848
20160621,19700924.78040073
20160622,18483388.49602806
20160623,19049587.686339274
20160624,19301836.592586532
20160625,18899804.17244568
20160626,18134176.183218822
20160627,18165551.44805091
20160628,18130611.151317652
20160629,18890974.222263426
20160630,19916776.200619165
20160701,20628577.536814507
20160702,20766850.537926026
20160703,21196866.00134999
20160704,20927459.523972627
20160705,21327893.08806197
20160706,23861309.260073062
20160707,23436543.918602303
20160708,24222038.22552239
20160709,24287886.832464222
20160710,23639509.891526226
20160711,24481413.532014716
20160712,24860925.882957086
20160713,24061617.714616973
20160714,24209425.528574605
20160715,24450410.911699053
20160716,24754320.087716557
20160717,24856264.597685322
20160718,24356979.54190463
20160719,23729886.15065804
20160720,23235950.696455576
20160721,21650265.784587022
20160722,22595418.16507419
20160723,22760199.894787066
20160724,23480016.64490813
20160725,23181557.98980392
20160726,22694906.169569455
20160727,24319718.18734286
20160728,23075009.115646016
20160729,23712370.28576095
20160730,23957862.70089526
20160731,22736788.020024054
20160801,21247500.87699729
20160802,17728308.82110714
20160803,19741132.867540266
20160804,23377098.15876032
20160805,22586743.827270653
20160806,23648092.79515218
20160807,23891903.705795903
20160808,24161431.731941275
20160809,25715360.18998836
20160810,25461242.33551223
20160811,25151405.70337288
20160812,25120909.43373414
20160813,25048485.529229578
20160814,24999802.242221937
20160815,27804822.186453864
20160816,27814261.892358348
20160817,28182349.301266115
20160818,27438261.26569982
20160819,29123613.722850624
20160820,31051084.278948966
20160821,32187153.936451755
20160822,54614264.849283725
20160823,58539971.50176677
20160824,56351358.432279095
20160825,53059112.67055383
20160826,53263765.085793056
20160827,63419474.53541887
20160828,118515399.23251966
20160829,109665220.05746521
20160830,107693957.26691589
20160831,106773234.64452086
20160901,103416558.1443524
20160902,128552317.50706665
20160903,138684079.8429338
20160904,171695844.8256845
20160905,177789019.27694243
20160906,158116043.86158538
20160907,152041521.11313516
20160908,163956804.34467152
20160909,157714643.55496788
20160910,157417619.40099782
20160911,138273313.14755407
20160912,130656642.40029663
20160913,136060611.97712085
20160914,134908869.65951505
20160915,121142645.45411333
20160916,115159023.01783666
20160917,124245587.22597647
20160918,122094997.2891494
20160919,137364609.63842124
20160920,142647307.6745375
20160921,126780319.93549328
20160922,131378266.94634056
20160923,138762636.20448858
20160924,139012483.6044338
20160925,133004216.91396818
20160926,120310555.95046778
20160927,120613387.6376602
20160928,121797319.86733815
20160929,110254558.78466862
20160930,109181145.30341136
20161001,95885954.73786496
20161002,109472974.26379383
20161003,102734587.90623018
20161004,99356833.9654667
20161005,86797235.57478078
20161006,93616653.93072002
20161007,88568131.14917395
20161008,89809600.65278773
20161009,99539547.13039021
20161010,90010776.58737393
20161011,95822015.73180492
20161012,95749098.18540515
20161013,90517181.57936946
20161014,90869787.7428234
20161015,85969670.99072543
20161016,83901981.14965318
20161017,82377288.26896557
20161018,87510684.18198483
20161019,87199493.38853857
20161020,86041599.15446445
20161021,89235619.57954139
20161022,85144069.75493248
20161023,85107004.05127844
20161024,84085636.72771965
20161025,78157929.53477296
20161026,80045858.70485099
20161027,82608948.10054012
20161028,83145002.9594335
20161029,66692130.713251546
20161030,73809180.73691067
20161031,64222014.59420681
20161101,62311822.64809378
20161102,59720811.37858474
20161103,65364617.61542155
20161104,63984422.421739936
20161105,66312460.946763396
20161106,66526260.29372251
20161107,76264178.5957062
20161108,83883219.07859361
20161109,81784350.6961426
20161110,81041031.66752663
20161111,93983536.44358741
20161112,98977354.97110276
20161113,95865687.2350273
20161114,102121326.84278868
20161115,97894095.82333313
20161116,89902332.51688366
20161117,90187995.55951163
20161118,89955809.89276451
20161119,87688674.78313302
20161120,89104520.29002939
20161121,90646364.48629093
20161122,102574448.82441011
20161123,105779404.41655451
20161124,103960864.11818613
20161125,99933976.52813408
20161126,101503141.3034721
20161127,107756100.9218243
20161128,105483081.9639291
20161129,101835406.02363329
20161130,118856744.17973192
20161201,115815053.86806612
20161202,107980434.20718297
20161203,110214299.23137721
20161204,105095053.6555654
20161205,105370515.6015832
20161206,101453831.98652501
20161207,104036809.69663635
20161208,104922242.26392546
20161209,107366627.15889049
20161210,104669920.16090831
20161211,107031568.67368066
20161212,107525983.61762142
20161213,108803261.16953893
20161214,113507302.60350211
20161215,114970645.54926117
20161216,114675965.02734981
20161217,113015613.74209583
20161218,116634425.4822426
20161219,116620109.52832887
20161220,114285226.73746216
20161221,114471431.18259019
20161222,120551633.51260607
20161223,128815317.89255844
20161224,130641018.79948008
20161225,132318360.68199556
20161226,139140949.0984844
20161227,169884653.189664
20161228,192713658.03363052
20161229,177508596.04287666
20161230,175469605.28483692
20161231,189157143.07587248
20170101,186132429.6352885
20170102,218822701.50893697
20170103,215326446.0833452
20170104,248854466.11747238
20170105,217152049.8974312
20170106,191874749.6730782
20170107,176566240.331505
20170108,183796773.49658826
20170109,185352744.47759035
20170110,182007341.4082762
20170111,158809343.41061538
20170112,162114742.91694027
20170113,153926519.95863166
20170114,152760522.95345238
20170115,147557687.21907455
20170116,145945047.42065495
20170117,170323144.72621036
20170118,164271453.79840606
20170119,167956712.06712285
20170120,161070568.64401063
20170121,165984986.64012384
20170122,165607458.4402449
20170123,168615196.06935263
20170124,161222421.44947863
20170125,162643804.86872295
20170126,165077433.33541197
20170127,168849183.9210055
20170128,178623478.14574996
20170129,174154669.60265383
20170130,176023364.20065525
20170131,181636487.41584098
20170201,184240618.0783509
20170202,181891245.23351553
20170203,176003202.75881597
20170204,173581182.0920138
20170205,176113993.2423119
20170206,176698619.7429261
20170207,179384464.57733232
20170208,177110885.75057447
20170209,166941650.8772455
20170210,166861112.70646876
20170211,171649996.69476545
20170212,174554916.99244264
20170213,170959975.49813542
20170214,182536140.88523299
20170215,190781631.0665527
20170216,183350267.49478516
20170217,186496228.45240793
20170218,187119871.96493113
20170219,182110997.98088673
20170220,171568328.97690064
20170221,173371646.74542427
20170222,178786700.5152566
20170223,179465374.5542538
20170224,167329591.2186017
20170225,167543286.21847895
20170226,169682979.21624386
20170227,169765865.6059195
20170228,171999195.64925808
20170301,174295065.40004548
20170302,184385239.11465564
20170303,196150876.56839862
20170304,194225308.24590653
20170305,214317816.0969552
20170306,218356020.50654593
20170307,194209703.2608632
20170308,176305582.8150783
20170309,184639303.79484826
20170310,183776003.15963867
20170311,206269623.38183495
20170312,237055314.45059124
20170313,259652695.75136736
20170314,253593597.2000255
20170315,268461167.2244352
20170316,310975626.2035825
20170317,299558730.47138584
20170318,282506090.6038071
20170319,325951980.64975953
20170320,315083970.6470191
20170321,301456781.569858
20170322,298820466.35549545
20170323,307255009.58686715
20170324,300120649.7786516
20170325,291322511.809138
20170326,274992043.5756849
20170327,265626160.439213
20170328,278403338.56548595
20170329,298362388.49502325
20170330,299458833.30379254
20170331,292646899.384024
20170401,300688624.8018775
20170402,None
20170403,285800411.392229
20170404,288635415.17929846
20170405,281251945.24050015
20170406,274359986.12097645
20170407,278972588.27207494
20170408,298789938.45967025
20170409,299590747.4715562
20170410,316615713.29252136
20170411,309301198.2901382
20170412,314880668.81641144
20170413,308083649.95308024
20170414,297566712.53237194
20170415,297610908.1551084
20170416,292529976.787144
20170417,295915749.0914649
20170418,301663481.6493099
20170419,294716160.383093
20170420,298463270.5857578
20170421,297021107.3386559
20170422,292218930.5919824
20170423,291270467.87009144
20170424,282621079.65577716
20170425,282419481.1805083
20170426,280722574.918975
20170427,311015168.00418025
20170428,324891796.43737906
20170429,330169182.07021356
20170430,342805593.59991384
20170501,320316918.2696968
20170502,331225711.24173063
20170503,364521536.7196277
20170504,366760034.7281411
20170505,400360771.1805873
20170506,412204631.4530128
20170507,461493517.7534239
20170508,421712937.0599953
20170509,406666156.8320632
20170510,426345121.6399375
20170511,424025780.0909783
20170512,416803034.67838687
20170513,408653442.26199377
20170514,407829601.91918236
20170515,394883678.4079797
20170516,375720314.3137624
20170517,387707780.0756369
20170518,439160859.72646946
20170519,461158606.2919376
20170520,510122121.90552884
20170521,504761030.73001564
20170522,528477173.08403015
20170523,835691956.0380396
20170524,669703796.0310537
20170525,600455432.7194698
20170526,568042949.8299189
20170527,497819520.0868997
20170528,548232271.6176484
20170529,602236415.813061
20170530,577038894.680636
20170531,618826427.5908473
20170601,645948018.4412069
20170602,650788830.7728629
20170603,622347796.9278941
20170604,635103183.3016536
20170605,712112619.5173727
20170606,821044941.4624745
20170607,779424798.3099002
20170608,824148412.7568933
20170609,814347397.5768197
20170610,772548888.3936522
20170611,859956708.1458505
20170612,742158539.7033174
20170613,764911432.412884
20170614,686763007.3673204
20170615,678385012.2457895
20170616,708611790.9574307
20170617,779524388.3479981
20170618,745237891.9775673
20170619,750638441.6352999
20170620,772018924.0691366
20170621,731481786.615731
20170622,746548488.652484
20170623,762740576.1614196
20170624,721906985.5740476
20170625,687097917.7410069
20170626,651320786.7108921
20170627,640672883.0375162
20170628,698239682.1170052
20170629,669790702.2090795
20170630,648531409.8855408
20170701,609745887.0441232
20170702,634157001.0189197
20170703,645669124.9624877
20170704,672455938.2512144
20170705,678773327.405996
20170706,741457449.6109734
20170707,653628119.0358776
20170708,685811323.0173143
20170709,668825466.5348798
20170710,592469303.6632425
20170711,556067272.4688019
20170712,595441207.1893214
20170713,568579264.1944488
20170714,525264334.4387837
20170715,481236829.29037625
20170716,435512427.1553442
20170717,508351961.05957645
20170718,541010756.8711907
20170719,525713745.7469022
20170720,587381451.0730175
20170721,595172903.2660859
20170722,656099424.4865843
20170723,629143677.9686505
20170724,674780338.72938
20170725,606931338.479929
20170726,683232807.0386925
20170727,670390339.4696469
20170728,651413430.9452605
20170729,652005587.2746176
20170730,590340587.4262642
20170731,596707264.4937906
20170801,659686748.8225754
20170802,648878180.0314647
20170803,646523699.7420074
20170804,672549553.573208
20170805,720536539.6543218
20170806,706823954.6152121
20170807,739103058.952751
20170808,772550843.2417529
20170809,757939147.464301
20170810,730076246.8432376
20170811,745211313.9786246
20170812,727021317.7818184
20170813,708316897.2779694
20170814,723205360.3451353
20170815,725670127.6250733
20170816,710647077.5629289
20170817,716339828.1168274
20170818,697567988.2653388
20170819,822885474.1269338
20170820,810115990.1582063
20170821,1142312345.8702228
20170822,1335509198.3304353
20170823,1332852371.4270976
20170824,1252300788.7291312
20170825,1566612866.265863
20170826,1965110853.7235427
20170827,1882013777.60383
20170828,2117098645.2122452
20170829,1929041167.5916727
20170830,2016423931.9441807
20170831,2112950097.4438815
20170901,2128896941.8389764
20170902,1850654019.6550398
20170903,1912666685.4917543
20170904,1623643696.1437967
20170905,1809780635.592114
20170906,1855637027.6004403
20170907,1829574027.6064286
20170908,1765545500.9648485
20170909,1726183028.6918252
20170910,1671949997.3745334
20170911,1682479452.7729886
20170912,1677045493.5032377
20170913,1671298217.0461555
20170914,1272868460.5726979
20170915,1473691804.016853
20170916,1430046833.592753
20170917,1395558589.1350496
20170918,1522579011.351105
20170919,1481922181.1562567
20170920,1433332909.918216
20170921,1303655575.300193
20170922,1334716595.752218
20170923,1384444392.0294075
20170924,1353363149.3751247
20170925,1402639962.45808
20170926,1403349800.9288552
20170927,1522193941.0235693
20170928,1459147235.348638
20170929,1423669694.7641466
20170930,1440659634.0941575
20171001,1409725300.0326753
20171002,1385097323.1317935
20171003,1413373381.8546176
20171004,1373877041.2010975
20171005,1384838653.30358
20171006,1376083117.4956386
20171007,1385201588.8135297
20171008,1357666671.4175224
20171009,1297649210.5080016
20171010,1320810185.8966177
20171011,1327368375.8044581
20171012,1310260266.0421422
20171013,1439945516.831334
20171014,1518051198.262484
20171015,1441746533.8134775
20171016,1449246024.0810475
20171017,1397211545.5901914
20171018,1366325513.9626305
20171019,1353292713.1625862
20171020,1367456520.7716334
20171021,1344048294.3489215
20171022,1322207760.4596133
20171023,1311042038.9755232
20171024,1355335711.9256809
20171025,1341908866.4599717
20171026,1342120979.8712368
20171027,1328734183.0829906
20171028,1315049320.5994105
20171029,1348150442.4050791
20171030,1351708217.7917278
20171031,1329431097.0956738
20171101,1308363534.929779
20171102,1278208042.7805982
20171103,1349585549.8328364
20171104,1334736898.8125412
20171105,1328714807.1528091
20171106,1589696020.2029388
20171107,1546358726.6382456
20171108,1742368940.523683
20171109,1857273875.040008
20171110,1628238707.4319956
20171111,1830325590.8873305
20171112,1829060669.3330677
20171113,1890486022.9939325
20171114,1878522812.83343
20171115,1870851965.5038
20171116,1843262953.35118
20171117,1941829187.21221
20171118,2017068251.49191
20171119,1984922445.42306
20171120,2091051276.03113
20171121,2182672573.63371
20171122,2563994518.05594
20171123,2477585983.36589
20171124,2478063520.09843
20171125,2604572560.09547
20171126,2529146128.9624
20171127,2672543135.5427
20171128,3082125358.15927
20171129,2589619839.18459
20171130,2806744455.70619
20171201,2927739130.85261
20171202,3098534606.89505
20171203,3035810608.46023
20171204,3201974729.06458
20171205,4238282232.34165
20171206,4248820876.69707
20171207,4570911003.70457
20171208,4334019840.18061
20171209,4154780437.60559
20171210,3895086633.17897
20171211,4348785666.03375
20171212,4751260840.77578
20171213,4788009326.13801
20171214,5139272643.22652
20171215,4904141964.99619
20171216,5102160000.42149
20171217,5393607292.84408
20171218,5864472599.50222
20171219,5920316473.51026
20171220,7493525866.28799
20171221,6737348975.97101
20171222,5398668727.06897
20171223,5868524526.31731
20171224,5438815381.4651
20171225,5401236748.45807
20171226,5870171497.1551
20171227,6105307971.87684
20171228,5736309758.68872
20171229,5711317937.33042
20171230,5122587979.23777
20171231,5496114087.98594
20180101,5552975744.35028
20180102,5857333030.68151
20180103,6150154381.8576565
20180104,6459402578.341488
20180105,6266159223.343635
20180106,6346762844.144361
20180107,7253578949.931827
20180108,6557019072.215625
20180109,8451244067.086767
20180110,7094299201.729724
20180111,5737171811.066069
20180112,6412248647.628119
20180113,7494631947.662809
20180114,6499113557.709274
20180115,6748752050.195373
20180116,5078194588.095118
20180117,5075861388.681995
20180118,5168966052.055568
20180119,6048085259.896657
20180120,6552062942.045324
20180121,5672219919.912128
20180122,4972060298.886978
20180123,4837299396.269397
20180124,5063051444.647775
20180125,4961896384.043593
20180126,5080121976.463362
20180127,5116618706.820763
20180128,5166102769.8251705
20180129,4946065044.473488
20180130,4923456140.783199
20180131,4286163433.867402
20180201,4234399712.1014166
20180202,3781917850.0909343
20180203,3691392563.459471
20180204,3870905300.5135074
20180205,3507347856.43004
20180206,2812437063.8367734
20180207,3311582137.1331964
20180208,3270994824.279391
20180209,3869929794.4599514
20180210,4026418927.358182
20180211,3957969834.168552
20180212,3656491221.2568827
20180213,3897505301.724681
20180214,3674423654.858584
20180215,4275624345.2408624
20180216,4780195501.436187
20180217,4607181680.954171
20180218,5107655432.487138
20180219,4747625674.369383
20180220,4970126987.803084
20180221,4869380441.560046
20180222,4463740191.804802
20180223,4517551610.435935
20180224,4521300559.764076
20180225,4247160492.9893403
20180226,4409139519.863436
20180227,4662222310.232072
20180228,4786260578.632928
20180301,4488622854.65709
20180302,4905755578.52298
20180303,5442330157.289266
20180304,5590152276.756642
20180305,5754233316.495309
20180306,5912248803.168476
20180307,5459099366.682517
20180308,5380262793.952065
20180309,4406236221.55361
20180310,4412839009.067929
20180311,4069068241.6621666
20180312,4442107715.56852
20180313,4133182173.7555614
20180314,3975046730.1936274
20180315,3408816351.259486
20180316,3416811835.128476
20180317,3490857658.349474
20180318,3181869122.8106127
20180319,3319530648.65662
20180320,3438523989.781462
20180321,3550014442.1086545
20180322,3483200797.0689707
20180323,3384194523.083327
20180324,3399822478.979129
20180325,3304398807.4441543
20180326,3367541689.865756
20180327,3129921655.775977
20180328,3000451752.2844043
20180329,3157237486.5711203
20180330,2812835301.182984
20180331,2750880227.0792146
20180401,2862251990.984401
20180402,2794613849.955819
20180403,2828495719.5951867
20180404,3022673130.4618983
20180405,2715357418.067079
20180406,2767976794.4578524
20180407,2577082431.778265
20180408,2698181651.5170455
20180409,2757008965.57616
20180410,2659509854.9076614
20180411,2638854153.849149
20180412,2678757138.8941135
20180413,3031251514.0566993
20180414,2999853928.6975465
20180415,3004393583.4982777
20180416,3171674796.260328
20180417,3089292355.5297823
20180418,3110719656.8940434
20180419,3630011790.1201167
20180420,3808132426.461494
20180421,4047465935.888276
20180422,4099747408.8452277
20180423,4328165311.309629
20180424,4511801894.838425
20180425,4721133970.415703
20180426,4106709142.1005497
20180427,4275678708.144575
20180428,4015143815.5798707
20180429,4140445577.665318
20180430,4080487702.745427
20180501,3850396261.9869657
20180502,3816079479.3265305
20180503,3962452075.1775637
20180504,3878489389.565296
20180505,3852746786.3148465
20180506,3838073702.088778
20180507,3761055042.040865
20180508,3723765157.9631066
20180509,3559852186.578338
20180510,3624906758.20093
20180511,3465597500.092463
20180512,3172432017.1985493
20180513,3240773571.341866
20180514,3337239620.611751
20180515,3435233409.9597898
20180516,3266498655.9845066
20180517,3199081465.0156217
20180518,3073303742.736664
20180519,3274913634.340455
20180520,3154430478.8297887
20180521,3245621804.5200033
20180522,3174007151.4158955
20180523,2832336315.1170716
20180524,2754127659.677495
20180525,2755351972.304761
20180526,2649895042.8695135
20180527,2637701756.555907
20180528,2663122203.9384346
20180529,2403160407.8387437
20180530,2533848132.967862
20180531,2486103204.487315
20180601,2499523024.9512873
20180602,2527859924.7426143
20180603,2598068229.872613
20180604,2705318068.658072
20180605,2571437518.6390114
20180606,2679703905.1869316
20180607,2638898041.2591643
20180608,2623653663.610596
20180609,2537161800.9950714
20180610,2471497621.230607
20180611,2244399186.0515676
20180612,2224455209.102276
20180613,2030823730.0711806
20180614,1957387716.902147
20180615,2142727912.1838598
20180616,1975975305.4574351
20180617,2038629697.842298
20180618,1985193348.6934845
20180619,2044228492.4918027
20180620,2029149584.4637902
20180621,1972139490.3092206
20180622,1987133669.3447716
20180623,1794520360.6807625
20180624,1868417076.845999
20180625,1960012826.6339207
20180626,2048669503.1446214
20180627,1948885430.556938
20180628,2077189487.6254632
20180629,1873180231.017332
20180630,2048181463.259557
20180701,2118202612.2654202
20180702,2080585350.8962147
20180703,2264459251.4126596
20180704,2239327021.826179
20180705,2243973830.5654783
20180706,2242008892.8139806
20180707,2170666789.0900908
20180708,2176410228.7846293
20180709,2234174785.1692944
20180710,2193743566.7707
20180711,1965317493.8794904
20180712,2022532129.3722277
20180713,1948865213.493283
20180714,1981512745.7531097
20180715,1992718468.4278631
20180716,2006754912.2190053
20180717,2185972452.9639893
20180718,2332104934.449641
20180719,2256064339.299119
20180720,2269024370.352108
20180721,2111077680.4396935
20180722,2141420741.0775967
20180723,2091376213.4571347
20180724,2169598605.9883494
20180725,2383842752.3054457
20180726,2314960617.9248867
20180727,2220048129.4400687
20180728,2281651801.513055
20180729,2269121055.2611704
20180730,2198928046.310564
20180731,2145534384.1585264
20180801,1989175940.8909535
20180802,2088157407.7867827
20180803,1993390177.171455
20180804,1954337667.54801
20180805,1852014656.4921708
20180806,1907763513.3512137
20180807,1847659979.467315
20180808,1751871949.0511768
20180809,1533382357.735097
20180810,1629871292.6701279
20180811,1486629036.6210144
20180812,1512441376.4356282
20180813,1517924139.4130836
20180814,1431841826.7493918
20180815,1368638416.3570912
20180816,1459757788.457291
20180817,1483098221.800917
20180818,1614600014.2955413
20180819,1600252098.57689
20180820,1606739286.6346118
20180821,1534738405.1854565
20180822,1546893795.7228096
20180823,1467701658.6815052
20180824,1469669549.834863
20180825,1530864979.6958039
20180826,1511293975.9510112
20180827,1554853104.9323516
20180828,1717610081.6036055
20180829,1762594371.255949
20180830,1693197678.2101598
20180831,1680180297.9331982
20180901,1904595405.0576122
20180902,1999130440.6132727
20180903,2008933338.906553
20180904,2218550142.9270716
20180905,2258970280.7365265
20180906,1891221649.220882
20180907,1926554621.247917
20180908,1826933917.1892319
20180909,1700262209.712627
20180910,1745479145.2974243
20180911,1729402936.8412068
20180912,1729369001.1462257
20180913,1714028402.379018
20180914,1839991305.545268
20180915,1916815396.7823603
20180916,1959762663.8483334
20180917,1922863877.1296992
20180918,1760946339.5917118
20180919,1845421854.8175814
20180920,1799328444.792678
20180921,1906890483.177388
20180922,2032617683.024599
20180923,2016022190.1062138
20180924,2021154410.8279872
20180925,1892993021.1801827
20180926,1914869305.7731326
20180927,1897446321.3073828
20180928,1965172900.6701345
20180929,1923875848.130674
20180930,1888712864.3446138
20181001,1911857179.6315558
20181002,1886869247.0393193
20181003,1921266426.5790167
20181004,1891751297.6953566
20181005,1889644847.6574569
20181006,1894890805.1811802
20181007,1896876208.8375337
20181008,1870852806.3605351
20181009,1883645997.4335008
20181010,1873347242.084331
20181011,1873826081.7823923
20181012,1687187606.312724
20181013,1689353046.1031265
20181014,1726284896.9756038
20181015,1674501844.9715009
20181016,1755042905.610369
20181017,1778231661.0756783
20181018,1788083500.91615
20181019,1707624955.2226753
20181020,1733387202.2441096
20181021,1720064862.692159
20181022,1727955335.3434262
20181023,1750537523.3714743
20181024,1773881915.4694107
20181025,1747936465.1983812
20181026,1745040823.4072914
20181027,1712859443.9769568
20181028,1699274840.3697782
20181029,1703236355.699856
20181030,1644464948.461778
20181031,1690783285.2234561
20181101,1705548997.7717798
20181102,1716632103.6585827
20181103,1763291634.2116785
20181104,1769280456.4827733
20181105,1867142211.5193458
20181106,1827437602.53084
20181107,1868813210.019521
20181108,1850561481.953574
20181109,1816331538.3831275
20181110,1778096929.0701873
20181111,1749496298.2597446
20181112,1764061041.2064164
20181113,1753692126.9551597
20181114,1756183950.7453508
20181115,1556302625.1863906
20181116,1512304976.3541222
20181117,1483326967.714275
20181118,1496800171.0472143
20181119,1485040143.1630306
20181120,1236758445.5248916
20181121,1110809295.5257294
20181122,1155785487.8846502
20181123,1106624699.7356498
20181124,1124265488.8160572
20181125,992962333.190166
20181126,979375878.952086
20181127,905376813.1424176
20181128,964168504.3275287
20181129,1049170759.895208
20181130,1029617737.9800752
20181201,981864121.8428257
20181202,1000524608.7111249
20181203,992886685.018773
20181204,928267583.3077885
20181205,948539717.6771353
20181206,877349623.3522965
20181207,771325778.9747484
20181208,775498114.6170714
20181209,755950566.9960972
20181210,785356665.6643804
20181211,734083564.8962011
20181212,704420771.810771
20181213,727276978.8976055
20181214,677350411.2389245
20181215,640630171.5827981
20181216,639363125.5634896
20181217,648709359.2145079
20181218,714248708.124758
20181219,756667327.4404187
20181220,753003638.0850705
20181221,892930682.7803627
20181222,850284608.2647147
20181223,837048867.1077297
20181224,871663284.2226335
20181225,926299708.5586549
20181226,831907578.2265136
20181227,811517541.2538141
20181228,742918245.5811253
20181229,820352915.9120609
20181230,805854466.1645164
20181231,803035214.8552158
20190101,776560583.1717503
20190102,796370626.941057
20190103,858349785.8925095
20190104,831392371.7519826
20190105,844475058.3830155
20190106,839245213.268192
20190107,916096967.7300024
20190108,885637271.2913799
20190109,880180557.3740381
20190110,865591524.6978264
20190111,753915380.5871687
20190112,762171452.2642924
20190113,745451150.5558419
20190114,716964645.3032877
20190115,757599168.9457102
20190116,737795449.5984899
20190117,765791038.0962949
20190118,752774785.0144461
20190119,743599661.4457402
20190120,760172711.1233302
20190121,730061123.8819089
20190122,730545463.3670323
20190123,757693255.5228518
20190124,745159300.2263999
20190125,754780735.0868263
20190126,770884125.5425161
20190127,755545615.3571486
20190128,772627615.1215304
20190129,722047149.8458145
20190130,716904620.2627325
20190131,730611289.6391488
20190201,721401952.7216717
20190202,717720381.8131262
20190203,705433320.8776627
20190204,712874241.6740298
20190205,717473634.4891038
20190206,718535575.2511904
20190207,719548453.114819
20190208,719814151.7422614
20190209,797383315.2648433
20190210,811388819.7559457
20190211,820673578.8977283
20190212,788625551.0260046
20190213,806725533.6031506
20190214,815366767.9401417
20190215,779266371.9422673
20190216,783841695.3376435
20190217,782192489.400339
20190218,795190371.800017
20190219,858060585.2902845
20190220,859899884.0779748
20190221,865682549.2831903
20190222,824660070.6249212
20190223,856149887.5293188
20190224,878281599.9589685
20190225,797609363.0572326
20190226,808799523.8210473
20190227,805277543.4408886
20190228,818393353.4620179
20190301,797792073.9722741
20190302,806658330.1552289
20190303,807670642.1735636
20190304,813153610.0565894
20190305,786159725.9081492
20190306,817411197.0861264
20190307,819247012.6009035
20190308,826160454.99552
20190309,810392626.942676
20190310,835129584.4637917
20190311,819986453.3375733
20190312,821801192.6044998
20190313,835121794.1006936
20190314,841179686.8916568
20190315,850210196.5021458
20190316,876888523.8411617
20190317,894812818.1277564
20190318,872134231.5179389
20190319,872037545.1500516
20190320,887982217.0233537
20190321,918972135.0831677
20190322,882224015.3139598
20190323,887585881.7095878
20190324,882787058.6056039
20190325,887676505.7762821
20190326,868735762.3616903
20190327,876239946.94819
20190328,895090749.4723557
20190329,889945391.3512775
20190330,900057322.6507558
20190331,900981049.5856082
20190401,939096468.2115973
20190402,1024060579.2804333
20190403,1166679317.4615238
20190404,1125991471.7535164
20190405,1077017060.9444637
20190406,1153941122.5662444
20190407,1149249443.3551137
20190408,1173711406.3340554
20190409,1202499410.8120668
20190410,1169296015.6564007
20190411,1198564701.2299013
20190412,1136754450.4431324
20190413,1115902314.3656733
20190414,1102834708.2056189
20190415,1135647018.6733208
20190416,1102389313.1275475
20190417,1173496939.2270615
20190418,1137804383.6354096
20190419,1178501533.4660506
20190420,1169687075.6817036
20190421,1191775338.9774768
20190422,1161194867.3052616
20190423,1158375865.582229
20190424,1180487206.964786
20190425,1141731295.270389
20190426,1049708603.9800076
20190427,1065054618.6001567
20190428,1062424683.9782895
20190429,1044137731.703189
20190430,1029348936.0604106
20190501,1045176816.7532946
20190502,1095842787.2299833
20190503,1090355000.0783255
20190504,1118643397.336369
20190505,1144243791.3082905
20190506,1123182768.2879598
20190507,1129078414.4168293
20190508,1119346711.405132
20190509,1135739480.109446
20190510,1098101006.9315724
20190511,1152434096.3801804
20190512,1383472056.7661598
20190513,1280587179.6747217
20190514,1343146045.4874856
20190515,1411892761.2758396
20190516,1607820392.0512633
20190517,1462405804.9634438
20190518,1383903888.1569839
20190519,1359377423.880471
20190520,1530664586.4313664
20190521,1471400342.7922816
20190522,1504268536.9766889
20190523,1424639935.1511428
20190524,1444745783.6267068
20190525,1454235897.901972
20190526,1469668713.3017232
20190527,1548811523.712054
20190528,1666471713.5466678
20190530,1582106099.0850914
20190531,1580052496.8673189
20190601,1601157732.513235
20190602,1581849597.6119258
20190603,1615303246.4112444
20190604,1522270294.5550582
20190605,1414286163.2537816
20190606,1449760844.8042724
20190607,1496802626.5976436
20190608,1507203305.2653294
20190609,1492826059.1088889
20190610,1424349092.5212178
20190611,1491756312.0745842
20190612,1476259279.064233
20190613,1528564276.2421172
20190614,1533770385.2224822
20190615,1554043949.4584217
20190616,1604386537.4948483
20190617,1630984045.0664237
20190618,1665178655.369479
20190619,1658967180.44616
20190620,1719204560.9404962
20190621,1805294497.3665805
20190622,1863758021.0138059
20190623,1960191049.801051
20190624,1967132400.6909895
20190625,2004728489.3552501
20190626,1925250523.9802532
20190627,1782756491.7136662
20190628,1621330942.8477802
20190629,1725287223.7480881
20190630,1709841662.9184732
20190701,1502405592.9826274
20190702,1516872140.7305908
20190703,1467137068.7723355
20190704,1563349460.8963284
20190705,1501925078.945438
20190706,1540944296.794864
20190707,1617935319.7834322
20190708,1821988307.0448353
20190709,1722349071.67138
20190710,1688426310.3255186
20190711,1626954890.279546
20190712,1524995529.226249
20190713,1683973860.3505569
20190714,1596370406.1977544
20190715,1456633890.6212914
20190716,1550962155.100556
20190717,1281376330.2284238
20190718,1317290325.0486887
20190719,1455126407.360025
20190720,1402713567.559928
20190721,1448493591.15855
20190722,1441485974.1984043
20190723,1430069402.3571067
20190724,1390844749.9356077
20190725,1381067768.1216464
20190726,1382682026.3059802
20190727,1367458047.8854475
20190728,1345374883.4263237
20190729,1377142030.421087
20190730,1339500086.1630177
20190731,1339114381.2354925
20190801,1383130998.4055822
20190802,1401300177.888354
20190803,1436903029.897784
20190804,1504124743.8988187
20190805,1508147151.6574924
20190806,1608676739.8594925
20190807,1526780144.034197
20190808,1666488389.850174
20190809,1631514863.2864325
20190810,1590997156.987178
20190811,1553685222.588878
20190812,1583066609.504664
20190813,1562311891.0669897
20190814,1468335835.0887046
20190815,1340721818.5958455
20190816,1417200970.7603633
20190817,1407058427.8404574
20190818,1409561427.7396894
20190819,1505099641.017406
20190820,1544653798.5337548
20190821,1469220653.8758733
20190822,1385918377.9225192
20190823,1409366466.699503
20190824,1407018855.1223803
20190825,1381229725.2619333
20190826,1376589345.9181573
20190827,1363208178.4730432
20190828,1342628718.2568629
20190829,1242363896.8241193
20190830,1157732950.3292437
20190831,1171764019.031731
20190901,1158573405.529168
20190902,1219625286.2096455
20190903,1254556688.0595946
20190904,1287026503.2971687
20190905,1267099303.287169
20190906,1302440790.8072042
20190907,1296831246.6221364
20190908,1341624220.2759998
20190909,1324052178.3867135
20190910,1289391799.3368666
20190911,1241937567.362545
20190912,1275721925.0305512
20190913,1290042544.2152827
20190914,1319779251.0766015
20190915,1306678970.364241
20190916,1297912611.5132878
20190917,1294551459.3693237
20190918,1277241762.4385643
20190919,1394397651.0433846
20190920,1305103221.6711156
20190921,1272900182.7955596
20190922,1248795274.1168964
20190923,1258742818.1658726
20190924,1179816426.5881715
20190925,1029198337.2757607
20190926,1027165483.9368622
20190927,989232448.3689901
20190928,992219325.9192696
20190929,992632562.7097731
20190930,961281436.5926138
20191001,977683186.020949
20191002,962944271.4322104
20191003,962732744.79567
20191004,988685779.5212425
20191005,986902659.4449784
20191006,973394586.6990416
20191007,942039664.3146021
20191008,968249898.8861893
20191009,957083659.2681878
20191010,986156990.2025414
20191011,961592910.5605042
20191012,930437754.6749585
20191013,925708050.1138029
20191014,920068720.3174729
20191015,912597141.1155487
20191016,897981638.9453367
20191017,946530709.9436779
20191018,964181077.3893815
20191019,974597807.7595598
20191020,938714649.3774471
20191021,972799102.6044359
20191022,992785265.2418264
20191023,977031949.8689132
20191024,912983345.8243501
20191025,921736818.1231515
20191026,1014994662.3834174
20191027,978085097.6615856
20191028,1029215145.8847584
20191029,1031662483.3048733
20191030,1025692376.5380807
20191031,1008311031.5890634
20191101,1019739422.6248959
20191102,1049606327.1364954
20191103,1074869132.0190861
20191104,1094386358.627426
20191105,1089768717.176671
20191106,1085200275.3141253
20191107,1107489394.2155485
20191108,1092653893.4476821
20191109,1050661335.560681
20191110,1075684497.449097
20191111,1106215445.1579027
20191112,1068906507.8477066
20191113,1075575716.9092786
20191114,1126328391.795602
20191115,1127288204.2352989
20191116,1073510375.4704711
20191117,1066816740.9534597
20191118,1067789637.5893135
20191119,1015342501.2650759
20191120,1011237610.6089088
20191121,1002302048.5343858
20191122,935026965.4121634
20191123,884555527.1514599
20191124,895580407.0709621
20191125,832081500.6707625
20191126,867629094.3759469
20191127,889869545.2336279
20191128,965279995.9900302
20191129,934206304.2272313
20191130,966308353.5927691
20191201,950184435.4548762
20191202,926377475.7682217
20191203,935594859.7194253
20191204,925713940.3809386
20191205,913742079.6054282
20191206,928619491.5276701
20191207,940360537.5142716
20191208,941367555.2916677
20191209,933262055.0517834
20191210,933748349.578028
20191211,912537188.9538885
20191212,917782829.6843696
20191213,920425820.5729487
20191214,909241982.1411026
20191215,888271107.454054
20191216,878802618.3106865
20191217,853766854.1759704
20191218,780258661.60366
20191219,830527013.5239308
20191220,822465710.6112814
20191221,811538991.5962994
20191222,784938369.7872932
20191223,821952761.8038093
20191224,821176968.1909323
20191225,797466977.5660672
20191226,799534957.5534567
20191227,785358097.1865287
20191228,783144289.351383
20191229,791575526.4209915
20191230,809468970.5142144
20191231,798210683.9368196
20200101,776157310.4180708
20200102,796506586.6568083
20200103,787839196.1112928
20200104,888836002.9666935
20200105,872976859.2687373
20200106,931292660.5662628
20200107,1021415360.6766387
20200108,1023765551.2970264
20200109,1030845425.9863281
20200110,1023270601.8943167
20200111,1013563266.8091373
20200112,1016288301.1205927
20200113,1027995719.9442624
20200114,1007797573.0323961
20200115,1090264038.574578
20200116,1186606736.6747746
20200117,1142256055.5480392
20200118,1202766034.378499
20200119,1168820340.515949
20200120,1131516388.200321
20200121,1130090349.672638
20200122,1147142710.9176643
20200123,1130453260.8026083
20200124,1083272227.6052778
20200125,1073609003.736261
20200126,1071523599.8864491
20200127,1110209133.909317
20200128,1138612712.5258675
20200129,1178559019.523378
20200130,1215218790.1209738
20200131,1303212760.7239997
20200201,1259500451.8375797
20200202,1273622368.4913137
20200203,1300909281.0516176
20200204,1339512226.1441681
20200205,1308880732.453275
20200206,1350904481.8275843
20200207,1361487837.750558
20200208,1386541374.0873291
20200209,1410089507.0610209
20200210,1515570611.7934754
20200211,1479029639.2495446
20200212,1568296871.4086568
20200213,1656661747.151041
20200214,1613578157.9183106
20200215,1649392501.6504264
20200216,1553922210.9663887
20200217,1553607761.0973206
20200218,1439666599.3768117
20200219,1502348165.6230516
20200220,1370516871.6789858
20200221,1335232835.052512
20200222,1400037858.1913755
20200223,1377454612.3253076
20200224,1487164780.232747
20200225,1379617529.2281399
20200226,1345161385.1741984
20200227,1235234968.2961564
20200228,1217168607.6874168
20200229,1198620514.6202853
20200301,1154764534.574951
20200302,1129190555.3600016
20200303,1201575933.2660477
20200304,1151445219.6307502
20200305,1149359530.6914136
20200306,1196469357.0353506
20200307,1204747321.8070426
20200308,1147992733.007122
20200309,998922117.440236
20200310,970990383.744337
20200311,960218983.8183267
20200312,948248480.0399946
20200313,563911553.2941852
20200314,643851984.1468899
20200315,632355117.8007421
20200316,664485407.102783
20200317,596503312.5586907
20200318,644391606.5793936
20200319,644232853.5015104
20200320,715187225.8093766
20200321,701188328.0522394
20200322,718923278.0633963
20200323,670785474.7320409
20200324,776692147.6277378
20200325,827804577.9270217
20200326,823248759.929839
20200327,886849191.294834
20200328,824518870.590626
20200329,827644722.2538548
20200330,775153341.9730002
20200331,817064037.3751211
20200401,837905258.5524391
20200402,852791702.5484594
20200403,884720967.892211
20200404,926392719.1756426
20200405,945006032.3884528
20200406,934873156.6400425
20200407,1021821885.0160744
20200408,979168971.2951803
20200409,1012478352.7154244
20200410,1023987380.9177953
20200411,941081078.6275536
20200412,943674508.0505059
20200413,940805329.4717673
20200414,930328524.5536203
20200415,949027148.8336746
20200416,933682955.8043919
20200417,994239311.5084403
20200418,983625802.3686212
20200419,1016908810.4223039
20200420,1001342502.1038885
20200421,962608580.7457776
20200422,965982674.2092582
20200423,997126553.0427802
20200424,1028669945.1805109
20200425,1066087143.8804482
20200426,1061036144.5221862
20200427,1075975984.9663143
20200428,1092708235.8141448
20200429,1090885576.020324
20200430,1161229018.885008
20200501,1094705897.7905898
20200502,1109532874.11475
20200503,1131111891.8746421
20200504,1095212804.007212
20200505,1071320035.1502669
20200506,1060012211.3724613
20200507,1035548044.4258217
20200508,1133198314.475227
20200509,1110703496.4255004
20200510,1108007169.9924357
20200511,1032600090.6148342
20200512,1042975882.9142184
20200513,1079207331.993079
20200514,1139215255.212964
20200515,1144911982.0006342
20200516,1099786481.3072724
20200517,1147336340.963969
20200518,1141643695.227837
20200519,1173373873.9717076
20200520,1171764658.778097
20200521,1137789764.6241956
20200522,1081701548.3345842
20200523,1106766049.5599954
20200524,1115063791.2328072
20200525,1069209616.2162303
20200526,1079727012.4973934
20200527,1084698822.3406324
20200528,1133048163.8219523
20200529,1179176944.0620828
20200530,1161079186.2776666
20200531,1202133014.6335
20200601,1145816842.8163218
20200602,1191053104.5669
20200603,1170604042.156091
20200604,1179335360.1849113
20200605,1207769390.7561524
20200606,1187176410.6425545
20200607,1191016374.2822201
20200608,1168071625.7410812
20200609,1200509710.9173782
20200610,1197385409.236009
20200611,1224253276.166806
20200612,1124889411.3780797
20200613,1155566308.5397224
20200614,1170569483.5442734
20200615,1151854124.9496205
20200616,1136790057.9977262
20200617,1159956924.648574
20200618,1151064234.9054413
20200619,1143232938.2188413
20200620,1129137597.867497
20200621,1124867028.859587
20200622,1133987914.623679
20200623,1164087302.4393535
20200624,1176261841.995184
20200625,1140751371.8100622
20200626,1132977687.5974517
20200627,1128446547.7782
20200628,1095492937.1275659
20200629,1110800633.56328
20200630,1129335466.2287662
20200701,1120923637.8006654
20200702,1137955163.1942751
20200703,1152428365.5750468
20200704,1104611173.9012213
20200705,1129338124.510893
20200706,1114014406.6285691
20200707,1142352353.5122712
20200708,1136617987.705415
20200709,1167437287.4941487
20200710,1187681005.0623565
20200711,1187972107.0999756
20200712,1210497334.7718112
20200713,1220896914.01072
20200714,1219852193.5558906
20200715,1197899485.0415304
20200716,1248651882.4670746
20200717,1191700942.1469748
20200718,1192931725.151972
20200719,1205187447.056405
20200720,1214357535.1675549
20200721,1222630214.1181128
20200722,1231320940.686851
20200723,1257150647.630776
20200724,1288905115.3724406
20200725,1264179232.1479695
20200726,1297724758.0119975
20200727,1377227956.2170143
20200728,1379218081.263282
20200729,1433481363.2866955
20200730,1396099949.1741393
20200731,1435596513.5811949
20200801,1490725451.1174695
20200802,1583867445.2788305
20200803,1501218989.8064764
20200804,1574638869.9606688
20200805,1540578247.5865242
20200806,1592298708.0321527
20200807,1701394504.8714476
20200808,1656997393.4142709
20200809,1673249571.1461294
20200810,1638665249.1818862
20200811,1654517061.4851415
20200812,1545511160.5580583
20200813,1586090397.955895
20200814,1620854874.175477
20200815,1612784199.8500261
20200816,1588803770.6447113
20200817,1611752798.1211321
20200818,1647821353.2170312
20200819,1648299103.4249117
20200820,1611639390.6630645
20200821,1783579106.9408846
20200822,1633725860.5338926
20200823,1674924221.5670085
20200824,1613069520.6690273
20200825,1660328068.5386548
20200826,1571729470.1233075
20200827,1572379152.9161906
20200828,1581481909.2984335
20200829,1669853092.1512938
20200830,1636916130.324868
20200831,1699875297.8515654
20200901,1651981964.006753
20200902,1723543706.125418
20200903,1612600241.4864786
20200904,1371945232.954279
20200905,1455431786.430163
20200906,1371129344.5481026
20200907,1418621014.8611732
20200908,1456996307.6084952
20200909,1483461684.9472694
20200910,1491521570.6909056
20200911,1510343483.1889875
20200912,1485812736.2775226
20200913,1532502558.7072504
20200914,1517704249.3316364
20200915,1623301344.8184614
20200916,1609018155.091269
20200917,1561229643.8307178
20200918,1640179444.979401
20200919,1635663917.6301386
20200920,1672959374.5026975
20200921,1641372160.4371846
20200922,1589017997.951461
20200923,1638832496.7835445
20200924,1545523306.391268
20200925,1624206590.2190166
20200926,1639482733.2113993
20200927,1675144776.900878
20200928,1723647552.3716052
20200929,1685238065.1843245
20200930,1781940949.951213
20201001,1911595493.349141
20201002,1825314549.5004926
20201003,1800082227.6721964
20201004,1837243652.1431391
20201005,1874168280.191335
20201006,2008021272.3753383
20201007,1887498925.2090924
20201008,1951957188.229453
20201009,1961912113.9316285
20201010,2053729999.4783635
20201011,2055678468.6147637
20201012,2228735655.513874
20201013,2308028737.0719166
20201014,2270584455.66132
20201015,2284583304.1020555
20201016,2306417597.586508
20201017,2143003526.7409382
20201018,2135498805.2406511
20201019,2206698472.5953274
20201020,2241882774.731064
20201021,2090530905.9908254
20201022,2142153565.3285203
20201023,2255755282.0996428
20201024,2255640785.142732
20201025,2288305936.3771043
20201026,2324713789.649087
20201027,2344773049.8035164
20201028,2375796005.4394517
20201029,2240087076.6349936
20201030,2202447959.895182
20201031,2190547973.426317
20201101,2240360306.3480678
20201102,2247877179.831775
20201103,2119697253.235035
20201104,2145330389.0755005
20201105,2053864284.3133023
20201106,2135058664.7130163
20201107,2118769758.783426
20201108,1978360690.9116611
20201109,2143937839.7702668
20201110,2056054537.6986308
20201111,2048689366.1700566
20201112,2011129488.6091666
20201113,1992513046.9397583
20201114,2026289984.4940188
20201115,2074116266.9669845
20201116,2037069357.7773502
20201117,2102523778.706006
20201118,2227090470.3793883
20201119,2198970682.3891473
20201120,2103053944.9997199
20201121,2147382669.1715643
20201122,2274316181.329449
20201123,2204145839.8043046
20201124,2305181283.493739
20201125,2395630823.1969504
20201126,2273876070.067479
20201127,2117153719.7210646
20201128,2081045597.9341786
20201129,2162214055.847444
20201130,2198434603.0248895
20201201,2304689875.6331644
20201202,2238154354.708711
20201203,2275821810.4202824
20201204,2358360291.8031263
20201205,2259407783.144153
20201206,2372043495.8122315
20201207,2389400108.7729883
20201208,2473464839.917083
20201209,2424697282.7333236
20201210,2363723501.7201285
20201211,2386268669.125195
20201212,2515018058.292894
20201213,2610879663.8824854
20201214,2699884757.943539
20201215,2714221970.954984
20201216,2685449534.487039
20201217,2820221425.3421564
20201218,2857851454.2442493
20201219,2748219279.9766088
20201220,2754163767.330046
20201221,2706618740.5051327
20201222,2599923953.5126257
20201223,2786011351.8397417
20201224,2720520851.7688446
20201225,2782945990.778809
20201226,2838831565.166711
20201227,2993475730.348483
20201228,2824484146.8046203
20201229,2972006619.79548
20201230,2880767721.1868696
20201231,2840455190.3748794
20210101,2779917364.8713923
20210102,2421042214.57542
20210103,2561633250.4096985
20210104,2502408064.326349
20210105,2327202278.143919
20210106,2434973890.504709
20210107,2531795515.3816514
20210108,2552209178.2218375
20210109,2538253401.111561
20210110,2645268235.0889177
20210111,3322389408.376705
20210112,2868690406.2599115
20210113,2805460655.3768225
20210114,3065325633.020946
20210115,2917407742.9055557
20210116,2803768991.874677
20210117,2781182918.550083
20210118,2869657998.235628
20210119,2786391585.227935
20210120,2816807529.352361
20210121,2733274912.4269123
20210122,2328903541.273736
20210123,2410556164.6489744
20210124,2468752345.9413857
20210125,2457677915.3692346
20210126,2454229383.7871337
20210127,2458903014.4009657
20210128,2243096922.775055
20210129,2413379004.010064
20210130,2501836926.3836427
20210131,2478898958.641306
20210201,2458607352.6621175
20210202,2555657563.4118547
20210203,2706166837.343155
20210204,2755286590.398131
20210205,2644441987.582171
20210206,2751972565.6103277
20210207,2715301943.7883496
20210208,2682652394.665409
20210209,2883296248.673563
20210210,3014397105.033789
20210211,3127320984.336917
20210212,3388525582.1215878
20210213,3590364658.2268715
20210214,4284617071.2590714
20210215,4112386602.1526575
20210216,4056538956.716538
20210217,3943308423.2456684
20210218,4860174460.422804
20210219,4675649078.108148
20210220,5069670509.7429085
20210221,4598354955.1666155
20210222,4458290035.110767
20210223,4032717770.652223
20210224,3912843260.905802
20210225,3686656796.6070213
20210226,3514740097.245455
20210227,3660442087.004782
20210228,3753550256.189105
20210301,3884159218.6572156
20210302,4094244021.898066
20210303,3951211260.260264
20210304,3939259752.57236
20210305,3896696311.8597093
20210306,3691061273.2614183
20210307,3659937312.5656238
20210308,3730619439.2858644
20210309,3947481439.8854895
20210310,4023856564.0708666
20210311,3946683071.937381
20210312,3951913007.7405024
20210313,3972723825.976252
20210314,4267149896.2923965
20210315,4199011310.2234955
20210316,3978233750.129792
20210317,4094058325.033628
20210318,4233599019.188943
20210319,4099905306.9762373
20210320,4156031936.0572667
20210321,4161136090.2701902
20210322,4160732427.076579
20210323,3940260614.487578
20210324,3899155401.9129453
20210325,3788869966.872578
20210326,3841052717.735451
20210327,3960941479.7188535
20210328,3960406566.0008807
20210329,4144673807.0823812
20210330,4184364634.090393
20210331,4351281225.219336
20210401,4403863579.419129
20210402,4438583308.614946
20210403,4590222361.544584
20210404,4590196452.354927
20210405,4713960991.96063
20210406,4743163378.366753
20210407,4845514429.540901
20210408,4652877586.330476
20210409,4815777513.850567
20210410,4918454492.313895
20210411,5249515085.959333
20210412,5850108404.972091
20210413,5661452677.360246
20210414,5869909991.528455
20210415,5733404841.540963
20210416,6112388259.0032425
20210417,6112773785.166678
20210418,6538906007.7981825
20210419,6115918862.167499
20210420,6321028991.742264
20210421,7193445263.444254
20210422,6937084269.002518
20210423,6304007608.589406
20210424,6306129213.391024
20210425,6887769379.428165
20210426,6364614498.113243
20210427,7192212117.816104
20210428,7188334440.922316
20210429,7510658300.036778
20210430,7292572536.570741
20210501,7536424345.190849
20210502,7627638945.987724
20210503,7248950529.220198
20210504,7394135767.05036
20210505,6874468038.782015
20210506,7453959660.26293
20210507,7558130099.788947
20210508,8206441906.631104
20210509,8501776444.029756
20210510,8612080664.886652
20210511,7917232099.89801
20210512,8116493371.93108
20210513,7354227389.6929865
20210514,7213997259.51453
20210515,7386712970.378082
20210516,6856794408.633222
20210517,6965838953.485809
20210518,6081646227.103353
20210519,6093492201.314453
20210520,3719803497.2828665
20210521,5057129645.4856825
20210522,4580436050.869347
20210523,4152188727.514488
20210524,4099293418.60816
20210525,4559751625.662281
20210526,4400625162.853564
20210527,4802560659.6986065
20210528,4509075738.740018
20210529,4706300503.372841
20210530,4421267140.662553
20210531,4661054561.160888
20210601,4891676582.776555
20210602,4767910377.57924
20210603,5254168419.035816
20210604,5562578284.699315
20210605,5139158218.547476
20210606,4709168041.634412
20210607,4873419351.807202
20210608,4506799998.286186
20210609,4555473193.384585
20210610,4923225928.193019
20210611,4602561628.482521
20210612,4344143698.3871565
20210613,4395327867.713768
20210614,4690137573.002736
20210615,4944341933.266312
20210616,5036231306.876767
20210617,4699483555.906101
20210618,4937588293.260067
20210619,4761317879.616702
20210620,4890144509.838641
20210621,4734419840.455192
20210622,3713672756.230505
20210623,3635461072.1738515
20210624,3931454710.6155076
20210625,4016699635.1471334
20210626,3565458310.986287
20210627,3611328045.4400067
20210628,3798035513.4625325
20210629,3820998505.9211106
20210630,3916265687.702718
20210701,3993051380.273834
20210702,3722909151.760247
20210703,3772830685.8749604
20210704,3843989419.514393
20210705,3955638236.262711
20210706,3879967853.2983365
20210707,3980166323.602009
20210708,3866339471.339404
20210709,3695930467.725385
20210710,3840984704.9235096
20210711,3784354981.77256
20210712,3802601313.988194
20210713,3713633551.8204417
20210714,3660474346.71184
20210715,3650475767.864587
20210716,3525590130.437319
20210717,3467336086.299179
20210718,3555070575.8079786
20210719,3587670963.857057
20210720,3432214167.14819
20210721,3301261490.928514
20210722,3537766234.9273815
20210723,3547789904.588403
20210724,3652123130.3610454
20210725,3743590276.4364195
20210726,3856532169.287804
20210727,3929216506.9167852
20210728,4055259535.220338
20210729,4203002394.031809
20210730,4334140328.49902
20210731,4359936025.2861395
20210801,4336487627.14571
20210802,4221657947.0545993
20210803,4192902029.212214
20210804,4069797359.818707
20210805,4380927443.788811
20210806,4515132471.709771
20210807,4765725505.673421
20210808,4868428029.808024
20210809,4606230668.471649
20210810,4789208043.709351
20210811,4768426358.569119
20210812,4827616948.456384
20210813,4623566735.350697
20210814,4883605487.272385
20210815,4890972847.125113
20210816,4887517996.353805
20210817,4873437269.634034
20210818,4627636407.074548
20210819,4577712905.967381
20210820,4662286669.959381
20210821,5066033002.770679
20210822,5185021625.361037
20210823,5488227164.997983
20210824,5725228050.098161
20210825,5585849952.5632515
20210826,5641431599.561786
20210827,5342224275.548283
20210828,5668357392.685963
20210829,5402987648.854294
20210830,5253042147.162331
20210831,5081457257.522382
20210901,5177096613.052614
20210902,5431092673.198702
20210903,5443135960.634584
20210904,5460717050.316614
20210905,5496736157.091451
20210906,5626753620.038906
20210907,5681801012.85374
20210908,4714789764.258053
20210909,4641460110.384819
20210910,4717884270.134479
20210911,4462682651.994826
20210912,4490861931.120141
20210913,4626096282.668865
20210914,4743107399.7727375
20210915,4848442985.921455
20210916,4836592787.417896
20210917,4762749263.022162
20210918,4732478517.290205
20210919,4879416110.897124
20210920,4692361714.774667
20210921,4179221173.2909875
20210922,3870058030.467224
20210923,4392408492.589564
20210924,4488508349.40118
20210925,4228047913.8332243
20210926,4273714677.003344
20210927,4251687062.4112616
20210928,4228538758.3026686
20210929,4143347503.188383
20210930,4206100495.6877317
20211001,4520499909.461659
20211002,4639229961.212992
20211003,4563972836.519158
20211004,4674619417.681289
20211005,4770877974.777176
20211006,4889535726.797973
20211007,5167455542.602462
20211008,5024899488.396985
20211009,5011607970.446033
20211010,5006751659.574747
20211011,4881006474.250772
20211012,4947567896.697538
20211013,4987606514.454209
20211014,4953327495.293906
20211015,4804340511.157417
20211016,4964739499.976465
20211017,4853383436.861134
20211018,4699649987.172592
20211019,4633427940.887787
20211020,4595983387.290832
20211021,4710472579.581212
20211022,4882529535.387615
20211023,4833402209.717208
20211024,4835138417.346516
20211025,5246527599.5584755
20211026,5179299295.635845
20211027,5077483351.064657
20211028,4621654134.503168
20211029,4829057456.392772
20211030,4838804673.652791
20211031,4729830283.57341
20211101,4933857545.762999
20211102,4893524153.539953
20211103,4942922846.051881
20211104,4801278425.597615
20211105,4703252290.509322
20211106,4630606461.358645
20211107,4698661260.421636
20211108,4816779281.015703
20211109,4952666226.465091
20211110,5243614073.4125
20211111,4793288310.125623
20211112,4798157387.239502
20211113,4705720226.91866
20211114,4885867652.091062
20211115,4974605534.591401
20211116,4856984388.275448
20211117,4365097231.9588785
20211118,4347037591.786213
20211119,4073914049.0672193
20211120,4323238324.85772
20211121,4477023094.980612
20211122,4576414467.866821
20211123,4195159616.864957
20211124,4263569737.177886
20211125,4403711783.430862
20211126,4472693669.380099
20211127,4058445507.044711
20211128,4085352333.0081
20211129,4304009257.028902
20211130,4252403066.992366
20211201,4303068395.882973
20211202,4171517706.582755
20211203,4314574261.912673
20211204,4049624198.761516
20211205,3665048993.161195
20211206,3625915142.6727834
20211207,3632955139.69452
20211208,3724091961.450939
20211209,3788532146.8127174
20211210,3434552439.3180103
20211211,3437524614.889468
20211212,3581052455.1991405
20211213,3565525465.832923
20211214,3321231144.191711
20211215,3364917461.841135
20211216,3390507625.941121
20211217,3379336098.6987658
20211218,3286610316.221432
20211219,3274058918.3639154
20211220,3317862661.0588865
20211221,3438218406.0590167
20211222,3431075355.521409
20211223,3435960855.2049103
20211224,3805447157.1815434
20211225,3681944824.989316
20211226,3835547839.628649
20211227,3916369592.698335
20211228,4017469574.8497
20211229,3776186384.486146
20211230,3838031547.4742794
20211231,4065669678.2995534
20220101,4148227995.2158155
20220102,4529041239.529435
20220103,4321565245.777759
20220104,4180438025.0103745
20220105,4062463279.5903287
20220106,3765947499.791194
20220107,3677351983.560613
20220108,3518256228.3008013
20220109,3351827846.6309056
20220110,3427397250.2807503
20220111,3307875497.346594
20220112,3479044895.4945946
20220113,3603081829.1533775
20220114,4020868017.736368
20220115,4147944595.569697
20220116,3932235821.4810004
20220117,4066510187.1761174
20220118,3888165970.929979
20220119,3691118108.291387
20220120,3651511047.011035
20220121,3438311863.683598
20220122,3115821020.0038695
20220123,2734693182.674742
20220124,2820665314.5795016
20220125,2659349288.801261
20220126,2622790011.5556397
20220127,2686713600.06666
20220128,2607664283.6763096
20220129,2691472431.6155534
20220130,2774513661.1393204
20220131,2675740078.3868804
20220201,2650978292.059547
20220202,2647766971.557275
20220203,2617545912.82334
20220204,2652603828.662964
20220205,2967340689.2393703
20220206,3062119959.0087886
20220207,3140584148.072151
20220208,3345697011.691784
20220209,3236911663.3336034
20220210,3342443242.0846167
20220211,3261409252.4189324
20220212,3050264550.1652036
20220213,3141899708.7087507
20220214,3155991767.007897
20220215,3193247519.117026
20220216,3313273702.712375
20220217,3260896924.0820813
20220218,2957453883.876552
20220219,2899263840.6671143
20220220,2923042317.6552258
20220221,2789980517.99178
20220222,2688833132.327299
20220223,2728716638.2986226
20220224,2701343382.946521
20220225,2654387310.467102
20220226,2787592766.841694
20220227,2845214937.299735
20220228,2734392113.0649095
20220301,3074588150.805188
20220302,3209121621.76965
20220303,3224538210.9605174
20220304,3121276987.981084
20220305,2887137426.3417163
20220306,2988683076.0228806
20220307,2881554356.403078
20220308,2861803156.2429
20220309,3585088428.063483
20220310,3413194604.7741513
20220311,3243987127.3771276
20220312,3103571565.0506315
20220313,3326786278.559659
20220314,3182727304.877411
20220315,3350483421.78617
20220316,3324614530.0194454
20220317,3416516045.84123
20220318,3400009357.3222957
20220319,3531370694.3282313
20220320,3567696699.684117
20220321,3522021441.487111
20220322,3466503541.85076
20220323,3505752207.4873905
20220324,3563979972.781462
20220325,3695415625.839372
20220326,3613387685.8706503
20220327,3748354161.9469905
20220328,3880583337.5729356
20220329,3887195640.977817
20220330,4013706404.3238792
20220331,4019070901.1980333
20220401,3849256680.178497
20220402,3950437186.7283044
20220403,3851008940.979901
20220404,3932140053.523564
20220405,4008785337.087829
20220406,4027580586.127243
20220407,3876153562.1418805
20220408,4100319084.513161
20220409,3927886807.089856
20220410,4340438870.298594
20220411,4293371137.246458
20220412,4089393824.7664924
20220413,4232026787.0086308
20220414,4293232141.8998904
20220415,4163827668.3355794
20220416,4336962436.591036
20220417,4285117697.248054
20220418,4369411800.22356
20220419,4790350479.973477
20220420,4607549103.270609
20220421,4837721609.713747
20220422,5071774201.796493
20220423,4857105853.404462
20220424,4843452418.814005
20220425,4601729640.190678
20220426,4623168444.998602
20220427,4155492287.479455
20220428,4135027650.382757
20220429,4106698884.3644977
20220430,3991401230.3398805
20220501,3904806893.2090163
20220502,3858448690.3112288
20220503,3602222818.8515306
20220504,3771399293.2801976
20220505,4072508132.3348665
20220506,3759110592.0038075
20220506,3766596556.8197618