20141025,24519.0
20141026,38031.0
20141027,38772.0
20141028,26493.0
20141029,26456.0
20141030,13991.0
20141031,25921.0
20141101,15276.0
20141102,18114.0
20141103,13400.0
20141104,17398.0
20141105,14105.0
20141106,13589.0
20141107,14851.0
20141108,15572.0
20141109,21465.0
20141110,14745.0
20141111,14516.0
20141112,15819.0
20141113,15587.0
20141114,14538.0
20141115,15072.0
20141116,19424.0
20141117,14369.0
20141118,13903.0
20141119,14173.0
20141120,13305.0
20141121,13205.0
20141122,13375.0
20141123,13758.0
20141124,13868.0
20141126,10796.0
20141127,10050.0
20141128,13703.0
20141129,13954.0
20141130,13562.0
20141201,14043.0
20141202,20423.0
20141203,16538.0
20141204,17764.0
20141205,17331.0
20141206,16933.0
20141207,13909.0
20141208,21186.0
20141209,13649.0
20141210,19998.0
20141211,22219.0
20141213,13634.0
20141214,13260.0
20141215,22033.0
20141216,11381.0
20141217,15871.0
20141218,17777.0
20141219,18031.0
20141220,18835.0
20141221,18130.96402749243
20141222,18964.651241561234
20141223,19202.998630748454
20141224,18522.449767631682
20141225,37211.78175096682
20141226,21560.9255337424
20141227,18562.893606
20141228,25501.637409986728
20141229,18642.85289775
20141230,18599.54617675
20141231,19146.28489875
20150101,38083.43077245413
20150102,21107.733628695212
20150103,17548.308063
20150104,28689.23009906547
20150105,16886.840235
20150106,17699.8818843
20150107,18417.61931625
20150108,17790.729601119572
20150109,36297.7862562
20150110,34550.66438250001
20150111,50601.977759999994
20150112,67810.41233529117
20150113,56101.24557878221
20150114,28016.114325586914
20150115,40289.187158325
20150116,39474.376811999995
20150117,38362.34583855
20150118,40315.7408409
20150119,28000.809429803743
20150120,27254.0063987089
20150121,29115.830218072737
20150122,30362.53064669253
20150123,30536.144333214033
20150124,32664.48186272278
20150125,33243.12333755877
20150126,53283.429301043754
20150127,50916.16811316126
20150129,30477.45057156206
20150130,32886.987858184155
20150131,28572.04726828677
20150201,21964.696822698086
20150202,15916.95973821187
20150203,15044.129926929236
20150204,14791.181554178043
20150205,16547.70559182503
20150206,14629.789216422343
20150207,14894.812152707671
20150208,29202.6283356341
20150209,28849.292722713548
20150210,28897.377537680924
20150211,28719.046824462832
20150212,33586.20833502312
20150213,30898.024365677822
20150214,33926.59353159797
20150215,30530.67815569438
20150216,30916.934808657785
20150217,31804.95865321202
20150218,30755.57815993617
20150219,217493.65885505968
20150220,186073.1526035197
20150221,174399.1965166929
20150222,149212.91280298843
20150223,120283.101673875
20150224,152210.3151509457
20150225,124309.2756769241
20150226,151359.98553661563
20150227,132044.6742162427
20150228,147880.7359848
20150301,131936.124980625
20150302,138628.7397495
20150303,123814.6242183
20150304,120636.17138835
20150305,81114.746325
20150306,117991.27574133554
20150307,101862.43488075
20150308,100347.96739112046
20150309,106251.69540522574
20150310,106091.45449423515
20150311,106389.21740653478
20150312,127902.15416235957
20150313,107824.663546875
20150314,100572.58663404491
20150315,119209.2220056772
20150316,87369.802308
20150317,107239.419574
20150318,95310.65051536249
20150319,78807.12147
20150320,79242.304085
20150321,78943.8338073
20150322,81240.74496206155
20150323,80600.41183632087
20150324,56234.958018675
20150325,75487.83222762529
20150326,94933.8348843929
20150327,95194.31632617622
20150328,111074.06794464112
20150329,93400.65915483864
20150330,94720.62840201087
20150331,103823.46044920138
20150401,95640.81955022422
20150402,97927.8644275
20150403,98514.982389375
20150404,98738.17580990457
20150405,99918.56833982584
20150406,98638.02035606474
20150407,95149.85149855027
20150408,95418.93098975
20150409,94750.48955113684
20150410,108730.76317443962
20150411,92595.0414105
20150412,92316.414453
20150413,88125.427797
20150414,82735.4988035198
20150415,83579.6473369874
20150416,91071.63728525248
20150417,102144.88745709127
20150418,88413.4045035
20150419,103841.60788301408
20150420,110577.00957346684
20150421,131052.045535425
20150422,143201.3722278801
20150423,117006.70127600043
20150424,111364.59100598704
20150425,141705.77388797046
20150426,105874.90935676721
20150427,112540.19915227103
20150428,109874.7743325923
20150429,110267.9877734812
20150430,115304.20070022086
20150501,114040.9791287245
20150502,122455.13796905924
20150503,115629.67194024734
20150504,117972.50000530125
20150505,98160.06075983061
20150506,94310.02764996006
20150507,97195.1241179761
20150508,100009.10475724717
20150509,99118.16472552276
20150510,98306.90562536812
20150511,99496.4524539799
20150512,99187.0486690854
20150513,96634.52155016923
20150514,97029.50834545655
20150515,97254.58813929782
20150516,96837.15549121182
20150517,112901.51555714886
20150518,113093.32135475226
20150519,76174.00156794237
20150520,77689.20732537903
20150521,95404.36945346699
20150522,100348.72510947219
20150523,81676.99713741426
20150524,80791.77334274224
20150525,99135.90964024722
20150526,97433.31003760737
20150527,99282.14584203663
20150528,119218.54552047493
20150529,114915.48463420181
20150530,98307.48670386536
20150531,96488.40435290242
20150601,85963.26563644207
20150602,79376.39337152052
20150603,77403.63354062899
20150604,78792.72157505769
20150605,94401.49799482006
20150606,96230.72725082586
20150607,99261.36934805829
20150608,107683.8533399728
20150609,99697.02567846193
20150610,98892.73135373845
20150611,96606.88368288348
20150612,116046.80266718943
20150613,100497.47864705519
20150614,98422.18738006937
20150615,99978.7838385401
20150616,105239.70310930333
20150617,104078.74600482204
20150618,104441.26169909404
20150619,120427.90952710921
20150620,123749.62566802301
20150621,104107.89631238196
20150622,105590.29669125
20150623,107644.81507186877
20150624,102927.9139971744
20150625,103801.96172915657
20150626,103895.2078971827
20150627,107778.21224823961
20150628,106722.82025397802
20150629,118916.20627360957
20150630,119352.04356988103
20150701,110963.19583748626
20150702,109785.36943162775
20150703,110163.53994629472
20150704,136958.31473870671
20150705,140195.2843022567
20150706,162951.3048256359
20150707,184516.33717875555
20150708,162581.3918493151
20150709,163495.6509354989
20150710,178758.51286459833
20150711,203292.4008512216
20150712,215885.436795871
20150713,178880.5240934381
20150714,200511.3497027205
20150715,174121.21379465322
20150716,187724.47118113536
20150717,192512.68849345588
20150718,168768.66772013277
20150719,167699.4273354918
20150720,170925.53877448532
20150721,169634.9204198059
20150722,146233.60009458987
20150723,146213.08062314978
20150724,158587.1778604671
20150725,156850.7773936031
20150726,158123.59077014722
20150727,156844.59240850867
20150728,181928.614896681
20150729,153075.5134829288
20150730,155049.91119143358
20150731,175939.16067090334
20150801,176296.02704880477
20150802,174613.89475424401
20150803,174308.45666881572
20150804,176206.12565244973
20150805,199023.96574202992
20150806,195623.0152823684
20150807,197605.82359607212
20150808,183743.81792353585
20150809,176773.36397664316
20150810,167841.99120925748
20150811,194065.74754409093
20150812,168885.31383365727
20150813,166339.5989367954
20150814,143467.04749028347
20150815,140906.2181043372
20150816,140554.90663597992
20150817,153201.5123111646
20150818,121041.72427771281
20150819,126759.86367138897
20150820,122057.61387994852
20150821,126461.53165443776
20150822,122584.4415683717
20150823,123750.40161783076
20150824,97634.15251209322
20150825,120765.2801953587
20150826,122912.95621184987
20150827,139653.74509640993
20150828,126361.29867919568
20150829,124794.583113825
20150830,145336.90243887884
20150831,128561.04881736981
20150901,129645.56231330165
20150902,125046.99013421951
20150903,124044.25206701373
20150904,125909.37375239699
20150905,123560.15777377067
20150906,130934.01744652334
20150907,131692.26372974762
20150908,111157.6028688125
20150909,130338.92214057934
20150910,152605.26567209815
20150911,150423.17368309715
20150912,128735.51095989253
20150913,145197.75204675912
20150914,146017.49374470956
20150915,126824.94791731227
20150916,145781.27190371533
20150917,127867.39581269195
20150918,127451.5793089545
20150919,129118.50399010738
20150920,142334.7115717345
20150921,124821.22696962529
20150922,140869.4032747187
20150923,146143.30833535155
20150924,128416.56846615199
20150925,150477.2994963679
20150926,144433.73976688646
20150927,127871.55912475118
20150928,152975.888362172
20150929,142185.80940692796
20150930,129715.14870979416
20151001,152419.96949165
20151002,140557.09646701097
20151003,147153.64602526094
20151004,153078.31137737486
20151005,133037.37384997212
20151006,113112.29269349949
20151007,111481.0642006875
20151008,130851.54880899255
20151009,111931.2549568125
20151010,121809.3980461618
20151011,119752.14428578384
20151012,112674.60067457223
20151013,114386.72740532598
20151014,115970.223447
20151015,118206.45386942053
20151016,125379.23489000414
20151017,124735.99419724768
20151018,119893.77233226095
20151019,122256.2417310011
20151020,124194.108257988
20151021,122653.75589441902
20151022,144811.77827600745
20151023,127497.1938926885
20151024,130071.6120625
20151025,112253.36218308068
20151026,105035.99795160771
20151027,135574.61593586014
20151028,148418.37654617798
20151029,112558.77460083853
20151030,149204.98586500972
20151031,115323.21492014524
20151101,149401.54700609652
20151102,137937.45967904164
20151103,146751.13345321722
20151104,125749.57892651258
20151105,142830.80460775178
20151106,105055.98749317299
20151107,142541.7915257156
20151108,134895.30873036367
20151109,112151.40282476734
20151110,124251.54385202237
20151111,112934.5005125
20151112,111883.07772020852
20151113,101687.68074618184
20151114,114946.30974378467
20151115,118146.43381927178
20151116,125443.09504040504
20151117,93083.39061211233
20151118,93424.31132430544
20151119,129873.07714980424
20151120,98053.66463464504
20151121,90476.64933450565
20151122,90040.67771127868
20151123,94030.7507925892
20151124,109627.62277591105
20151125,150846.2168868707
20151126,131997.2469764578
20151127,99862.74668224888
20151128,142580.87956832894
20151129,137314.13161545282
20151130,182008.17926111547
20151201,168495.6444713327
20151202,164289.72635530276
20151203,142911.8434600893
20151204,156893.8836075669
20151205,177605.08910405354
20151206,178295.78852453324
20151207,144005.2011935698
20151208,174157.6772390809
20151209,169233.36499215174
20151210,184491.50935322425
20151211,167435.61140807313
20151212,217396.16609854833
20151213,157297.85934472788
20151214,163548.33129581186
20151215,171992.9708985388
20151216,126856.67173095781
20151217,169261.3046705364
20151218,165738.64999442856
20151219,211095.4812701761
20151220,213327.08359846205
20151221,136208.10873926643
20151222,197097.57496298585
20151223,164049.15215919024
20151224,127105.02548594096
20151225,127215.16567314728
20151226,140981.06993740532
20151227,132714.9394078225
20151228,117704.83368928065
20151229,154524.4273452731
20151230,117584.83080486712
20151231,120367.95695010957
20160101,96157.68987913849
20160102,108144.59617323965
20160103,107102.27766418846
20160104,121574.86208972523
20160105,142966.97040538743
20160106,136641.78834579964
20160107,149773.51652485906
20160108,156000.9058358352
20160109,190821.8148384673
20160110,157239.73718828
20160111,207374.53839620855
20160112,172737.647754399
20160113,199041.40087265408
20160114,186721.7277011581
20160115,103050.7407065842
20160116,105748.31518795335
20160117,73823.35642735864
20160118,72681.26095567293
20160119,71009.9125044262
20160120,117362.80328921932
20160121,76559.01569026441
20160122,106311.56754334344
20160123,109873.2259033696
20160124,77503.70652512908
20160125,77841.21646255362
20160126,147456.97991827453
20160127,185196.85459651786
20160128,142746.11320807558
20160129,165491.30139411305
20160130,141843.3146257615
20160131,137193.32978359004
20160201,139969.39242207436
20160202,140537.72827861068
20160203,138831.4405842011
20160204,158602.3699808361
20160205,181796.15830196877
20160206,141430.51803740495
20160207,177114.5834755891
20160208,175082.02929943887
20160209,176568.51411935047
20160210,286923.2999453691
20160211,320048.7505828898
20160212,325518.9469519847
20160213,405463.8259100144
20160214,307315.78085236304
20160215,302331.3412074257
20160216,384587.9503391735
20160217,433080.30432453455
20160218,510383.0542521135
20160219,833517.569844348
20160220,834932.2639661708
20160221,830254.8576101265
20160222,830954.448235159
20160305,387795.6129950665
20160306,396606.1215604526
20160307,568633.2273075648
20160308,647034.8579367684
20160309,970208.4433939055
20160310,1229380.6232693887
20160311,1942121.4390114755
20160312,1747316.6511452475
20160313,1881825.8680743503
20160314,1895529.7846883887
20160315,1822466.9077979755
20160316,1580729.2988361353
20160317,1214795.8220563482
20160318,1389734.9590704385
20160319,1228493.2747834062
20160320,1374205.554030303
20160321,1291450.855251875
20160322,1266926.0879155244
20160323,1193933.6347512424
20160324,972508.6315533424
20160325,1407367.055096362
20160326,1282580.5585381929
20160327,1405641.216109029
20160328,1356166.714768296
20160329,1337419.1976367168
20160330,1288876.4984079793
20160331,1171220.9615967348
20160401,1221489.3675248064
20160402,1318227.481625761
20160403,1313845.4963596936
20160404,1317345.695934255
20160405,1423796.6368800795
20160406,1291495.769308611
20160407,1963467.703252
20160408,2002219.97700375
20160409,2035322.85224625
20160410,1893009.4697535
20160411,2449654.3700639997
20160412,1145357.9061110457
20160413,913672.3003484296
20160414,780007.3625811035
20160415,794884.8345461484
20160416,748779.3206620658
20160417,834673.216500315
20160418,745264.4912959998
20160419,712757.21240625
20160420,626144.3533561166
20160421,640456.4686165524
20160422,730469.3190672484
20160423,646314.5344653953
20160424,656651.7862986249
20160425,657834.850881
20160426,618767.163504
20160427,589284.488907
20160428,596362.5152654999
20160429,557435.0683114759
20160430,560492.6683224745
20160501,559484.6543754291
20160502,545946.787770508
20160503,557862.9329009008
20160504,501235.2954223045
20160505,553945.7639043293
20160506,517377.77967450884
20160507,570442.5544358613
20160508,518567.85242727515
20160509,525816.5358339924
20160510,455538.2947609013
20160511,408020.8805404639
20160512,463410.9589585693
20160513,462837.6028924373
20160514,411371.8195965
20160515,414017.1918115
20160516,411496.3040331748
20160517,307983.4465766266
20160518,308876.3841002009
20160519,350516.0943659375
20160520,352074.4849439999
20160521,353574.69397074985
20160522,350512.5112125
20160523,405260.7139875
20160524,357106.381716875
20160525,257376.153909375
20160526,312512.0553045
20160527,326839.46061300003
20160528,365045.0879043749
20160529,302018.33138499997
20160530,308349.585285
20160531,307134.4806903125
20160601,312012.47784
20160602,312208.35359
20160603,330715.77604625
20160604,333148.169838125
20160605,334069.59961718746
20160606,340898.1266521875
20160607,269299.5264380001
20160608,272243.60412
20160609,269910.26383350004
20160610,271002.64687650005
20160611,279956.863872
20160612,236230.897746375
20160613,248013.65464199998
20160614,241824.31303274998
20160615,244655.7525210001
20160616,270446.4501515625
20160617,265075.40197462495
20160618,268020.718798125
20160619,270937.8745312499
20160620,260653.49736120002
20160621,236349.33845737498
20160622,210617.32725937502
20160623,296005.5333235001
20160624,235875.03153824995
20160625,314864.9073975
20160626,299875.63650799997
20160627,309312.03374999994
20160628,308966.66118975007
20160629,304806.91555274994
20160630,321505.4335679999
20160701,487214.4445162501
20160702,415465.64978812495
20160703,399194.33283875
20160704,408058.22768625006
20160705,401876.65592625
20160706,407461.50484906253
20160707,385462.45054375
20160708,321870.16834175
20160709,395651.90776999993
20160710,393919.5490059376
20160711,314901.9898625
20160712,325912.152315
20160713,320080.8866375
20160714,321134.36288000003
20160715,324457.27039075
20160716,323734.744419
20160717,331368.604496
20160718,329964.261451
20160719,330213.66311475006
20160720,328593.49572824995
20160721,244657.39164637512
20160722,319381.78206000006
20160723,321675.955376625
20160724,324529.47454375
20160725,321581.7104297499
20160726,320212.40939875005
20160727,322533.57094425004
20160728,322861.52488625
20160729,323780.045952
20160730,322557.738087375
20160731,230649.56445637502
20160801,224117.15235825
20160802,191405.15127840004
20160803,210142.06995870007
20160804,213663.26209297506
20160805,213565.89943027502
20160806,290637.5131975
20160807,219958.911778125
20160808,219344.7684421875
20160809,217446.37194960934
20160810,220148.45224065002
20160811,218531.35030531875
20160812,218242.937469375
20160813,217588.4832375
20160814,212585.27718115316
20160815,211336.4074078124
20160816,214560.76101984375
20160817,213199.52765842504
20160818,284824.6913175999
20160819,214167.6556661344
20160820,289889.20600187505
20160821,289330.90609375
20160822,218837.64012960935
20160823,217750.26516534376
20160824,216316.31406436872
20160825,215754.97823370004
20160826,216583.1381129438
20160827,213100.8083859375
20160828,215045.01786104994
20160829,286351.82575375
20160830,288264.74321
20160831,286211.01108875
20160901,214696.70611874998
20160902,215694.22861992184
20160903,224158.27176140627
20160904,228969.724056525
20160905,304418.332838025
20160906,229945.63760053125
20160907,308580.0549375
20160908,235748.21958351566
20160909,234515.6241914063
20160910,313421.1622815
20160911,380816.81318515626
20160912,305064.69331250014
20160913,305630.2534106249
20160914,306685.747625
20160915,305417.6356588251
20160916,459107.7361367625
20160917,534839.1049421
20160918,384409.9048625
20160919,384522.5394738281
20160920,307381.50081
20160921,301540.02592000004
20160922,376606.41041756247
20160923,381235.51194609376
20160924,304863.87210656254
20160925,304054.07054461254
20160926,384604.2787229063
20160927,383644.00671796873
20160928,383359.46284062497
20160929,307521.0510500001
20160930,309559.5010565625
20161001,312707.752275
20161002,311019.16040869994
20161003,312033.73780500004
20161004,310840.39744000003
20161005,390303.8543916875
20161006,312089.7295875001
20161007,314916.29977136175
20161008,393969.0353848468
20161009,314293.36552449025
20161010,314202.8089879281
20161011,327823.12377488
20161012,243952.03060685424
20161013,324760.19426890434
20161014,326581.31830515206
20161015,326084.3178094643
20161016,327608.01939092035
20161017,326224.380655088
20161018,325191.948097376
20161019,321595.705322
20161020,402061.7973393401
20161021,322251.3959471283
20161022,333698.32241736003
20161023,332438.83145773644
20161024,331998.73629063234
20161025,333977.8851961843
20161026,258460.27952900404
20161027,262281.047600388
20161028,263887.76597077824
20161029,366103.5530483603
20161030,267617.84117473196
20161031,268116.32571226225
20161101,279871.740983784
20161102,281774.94788608217
20161103,263313.0195933903
20161104,269472.57364132814
20161105,270206.5986475081
20161106,364422.4918577364
20161107,271001.07277184405
20161108,272093.954447712
20161109,276790.754977452
20161110,273734.2556615223
20161111,274666.40025368397
20161112,270105.85011724796
20161113,269563.26650875824
20161114,270792.85914264
20161115,273329.3425208582
20161116,284359.8673196102
20161117,283431.522386304
20161118,287248.9513635422
20161119,288010.3032091681
20161120,279551.76365167816
20161121,282673.50963482406
20161122,287132.35173118796
20161123,284462.5348694942
20161124,282767.0810316903
20161125,283325.51574227423
20161126,374968.1443648243
20161127,279316.184802636
20161128,280884.02383544395
20161129,280871.55020788795
20161130,284920.2210498182
20161201,289025.46459026396
20161202,197319.04775541218
20161203,293546.2142596982
20161204,196090.2355228441
20161205,192475.109594368
20161206,194126.10614421597
20161207,195462.38347572804
20161208,196680.32126376004
20161209,295468.1124131342
20161210,296728.90830610227
20161211,294850.64865891606
20161212,199176.965794584
20161213,199121.314225488
20161214,198526.75077211615
20161215,297864.00841369823
20161216,199920.26606228008
20161217,302774.280686412
20161218,201737.91027627615
20161219,202166.49132563613
20161220,204624.1157907721
20161221,211506.35983564414
20161222,219885.43918723616
20161223,234657.41257958012
20161224,228153.85507384417
20161225,228833.49506387996
20161226,230949.2269928041
20161227,237731.989060368
20161228,250020.111386048
20161229,248633.6325011722
20161230,245871.19095896
20161231,247315.26601948417
20170101,255370.33809776
20170102,260781.66639430018
20170103,264960.6514621641
20170104,289349.77890672005
20170105,253481.38311453606
20170106,228755.45493250398
20170107,230302.5173795162
20170108,232351.05803467197
20170109,230763.38913241602
20170110,231768.64837225212
20170111,301008.782632332
20170112,204548.94139536802
20170113,210963.91695526018
20170114,209256.29653304
20170115,210302.16222812
20170116,211939.085967392
20170117,231344.85207848807
20170118,223613.12201339199
20170119,229486.601409248
20170120,228096.92415833214
20170121,117658.611350084
20170122,235086.6333021482
20170123,352680.30502815597
20170124,339969.2179838823
20170125,342918.75114597025
20170126,351318.760604928
20170127,234961.5643965199
20170128,235462.4285183841
20170129,233900.98621765606
20170130,353485.83270552603
20170131,371624.40619157423
20170201,252433.29135669215
20170202,257907.61467075607
20170203,259820.54460581605
20170204,264474.1671940159
20170205,260206.60018030822
20170206,262131.37686318016
20170207,403569.82692719996
20170208,270019.1871910281
20170209,251188.15466385594
20170210,253850.80718562007
20170211,258670.1051346922
20170212,384010.71835468226
20170213,382293.6563559119
20170214,258467.63577089593
20170215,258141.73506488415
20170216,264800.0934869561
20170217,270373.8731914
20170218,270865.142215144
20170219,269558.92952440795
20170220,276849.92474919197
20170221,287967.445104232
20170222,287419.24516497605
20170223,303464.29617588164
20170224,302148.6163216672
20170225,294094.36302509764
20170226,302097.9542035936
20170227,305281.9915637343
20170228,152284.56987036957
20170301,314075.70708875195
20170302,161463.88040516962
20170303,329942.67307855043
20170304,162326.15988955362
20170305,326548.82290618564
20170306,327764.96960923524
20170307,315502.94595044164
20170308,147077.62995724962
20170309,304796.09579493763
20170310,281273.7767210783
20170311,302231.2621001408
20170312,472293.7577018881
20170313,318118.9535018784
20170314,318953.0873651104
20170315,322000.4905280224
20170316,311463.7934458465
20170317,274813.5890588448
20170318,246136.52740563842
20170319,261956.9251858944
20170320,132555.5129199504
20170321,284687.5846975328
20170322,399159.91983124794
20170323,394991.80920792
20170324,360921.15099949914
20170325,370450.6186483584
20170326,244167.61327141448
20170327,266778.7818277984
20170328,534624.5385665407
20170329,664326.21343632
20170330,527787.711319437
20170331,551799.5083320576
20170401,555365.8144012992
20170402,None
20170403,582923.4479405056
20170404,729518.5084296401
20170405,579182.6390201217
20170406,763904.781398888
20170407,608761.6398966081
20170408,605013.6666362942
20170409,607815.4352873345
20170410,774334.01338212
20170411,784634.671050544
20170412,816837.333462586
20170413,629820.9214570608
20170414,1111083.2610287452
20170415,1424475.7694951796
20170416,1749857.016653548
20170417,1454429.8486742435
20170418,1142897.368107768
20170419,1479264.4595262492
20170420,1345135.2743824895
20170421,1009723.20557979
20170422,1173019.065690332
20170423,1338628.783880677
20170424,1173287.8049242955
20170425,1185573.684112482
20170426,1035736.911329376
20170427,1071131.88388605
20170428,1240166.327658818
20170429,1068214.3581831458
20170430,1086075.7752601057
20170501,944325.20927023
20170502,966987.21742343
20170503,996201.428969445
20170504,804225.054309632
20170505,1009762.6294282932
20170506,1037769.11685341
20170507,1044520.0718178978
20170508,1314167.2465302034
20170509,1139924.153720935
20170510,1640142.390642623
20170511,2182929.22613265
20170512,2280646.16933363
20170513,2114079.7389265643
20170514,2133363.793744086
20170515,1819536.8979889334
20170516,1611041.489139027
20170517,2177706.571914793
20170518,3547036.490084952
20170519,5555668.711639349
20170520,4658201.253886543
20170521,12944472.492483418
20170522,11597215.397074802
20170523,15679404.616204595
20170524,20681733.74724473
20170525,15869926.06313615
20170526,13955044.705395168
20170527,11451239.439325007
20170528,12797727.126034295
20170529,11956473.584073784
20170530,10173435.807154853
20170531,11868046.066204246
20170601,16006876.838381601
20170602,21919550.109528854
20170603,38827169.2981663
20170604,60676749.60859232
20170605,76717751.11892134
20170606,89299820.1327187
20170607,69570756.52775124
20170608,65856718.44154795
20170609,69134262.023671
20170610,52418999.08572365
20170611,51727758.926020436
20170612,44191332.933327906
20170613,62007532.89429452
20170614,46997005.965468876
20170615,45891118.943369925
20170616,51574571.36613018
20170617,53618060.56842306
20170618,47691629.184111685
20170619,43918308.89358116
20170620,46933404.356069796
20170621,42991621.874679305
20170622,43847561.747890435
20170623,53599129.00555701
20170624,45996178.49181897
20170625,45443658.377677135
20170626,41706713.32633329
20170627,39713864.33758961
20170628,41106135.10506283
20170629,40876579.03182624
20170630,38078469.28130216
20170701,38604401.666575365
20170702,39850836.34220413
20170703,45605520.42748097
20170704,45525882.96936476
20170705,51078067.83891487
20170706,63749600.01575893
20170707,46433263.00003492
20170708,52580281.31669958
20170709,49323125.21137623
20170710,37400005.60364737
20170711,33463946.50993147
20170712,38090216.87427437
20170713,36136721.68073244
20170714,31077942.333006773
20170715,28905473.071840964
20170716,26605529.742144417
20170717,31590156.95391098
20170718,36765338.43280499
20170719,34485111.752365276
20170720,43040751.70167423
20170721,41336376.82133031
20170722,45839726.94309915
20170723,44692520.495145366
20170724,45739846.67783376
20170725,38851027.32856455
20170726,37661803.87279231
20170727,39442856.0125589
20170728,38290183.01899186
20170729,39758346.69861408
20170730,39329918.075352855
20170731,39279234.098893985
20170801,41113883.29893987
20170802,39100480.02910297
20170803,39850273.134386815
20170804,41212584.35865283
20170805,45578487.02481376
20170806,44493035.16307741
20170807,44561728.52630618
20170808,44813080.52776529
20170809,41988549.30844262
20170810,33872452.88301458
20170811,32014014.44609405
20170812,37707945.45063588
20170813,30751297.41232515
20170814,24637900.014570303
20170815,35605769.92699187
20170816,32195686.679633923
20170817,32176388.5737003
20170818,26926994.417905137
20170819,27040607.39922407
20170820,28437636.735438406
20170821,26958239.077571135
20170822,27592151.439554676
20170823,29472186.88846855
20170824,30184418.624519613
20170825,29286748.650838986
20170826,31508046.78316232
20170827,40863621.102612674
20170828,45799496.25162452
20170829,45370527.42225596
20170830,67120740.67958961
20170831,85123476.74731112
20170901,71734107.79496717
20170902,65998575.94533745
20170903,75794916.02495235
20170904,80472336.2423819
20170905,94218964.06547764
20170906,104143848.6887837
20170907,97163012.42170142
20170908,91362071.05608834
20170909,91059060.19374514
20170910,103636294.0279819
20170911,101099881.6456988
20170912,93063620.52891958
20170913,85918117.9794902
20170914,60293046.66079733
20170915,69075013.49929135
20170916,77807255.03815983
20170917,76238147.40391195
20170918,86091788.61865765
20170919,84192357.84811573
20170920,84831479.17043316
20170921,73467497.90982759
20170922,71888055.3908388
20170923,73170419.628708
20170924,77332434.28423265
20170925,79332590.42693605
20170926,81649191.73840597
20170927,84278834.04834834
20170928,85389152.13822761
20170929,90275773.82258388
20170930,92226642.67145805
20171001,95217826.79628624
20171002,96980912.09383394
20171003,89771214.2675481
20171004,83953424.38710153
20171005,83458269.93484248
20171006,87965150.77259584
20171007,84489495.85210788
20171008,72136057.09798472
20171009,75285815.63537532
20171010,78020611.92408976
20171011,80039907.41130789
20171012,72998510.24020839
20171013,73613799.25617248
20171014,72137296.24329264
20171015,76235862.71665187
20171016,72002721.39749566
20171017,69356801.90116113
20171018,70347753.81677744
20171019,70025429.7383574
20171020,63126075.26106587
20171021,69239533.11950116
20171022,67099144.238268726
20171023,66675323.444504745
20171024,82471043.39115989
20171025,75150867.204929
20171026,71623080.36487372
20171027,76099549.2829462
20171028,75541431.77904323
20171029,73760342.86876097
20171030,80646808.5524399
20171031,100198319.92303008
20171101,88624414.46371771
20171102,85173190.7943297
20171103,102508074.9292907
20171104,109196207.10796309
20171105,121710874.24377936
20171106,114036241.93388636
20171107,105884504.34419037
20171108,112401863.84555855
20171109,107216453.09303413
20171110,93619564.86488305
20171111,87991585.95164727
20171112,77803031.97230117
20171113,85295589.62916407
20171114,90070195.6020963
20171115,93664850.8385199
20171116,91464014.4839182
20171117,87857894.7299186
20171118,87340649.5778705
20171119,88149261.8848242
20171120,81237207.0191511
20171121,86822154.5694724
20171122,81489538.154254
20171123,77646305.9361567
20171124,78112755.1520907
20171125,81359511.9848145
20171126,91081366.408784
20171127,95900481.962114
20171128,93631945.5392279
20171129,79442247.8364031
20171130,83437694.8511326
20171201,89862472.6851288
20171202,89833102.7028956
20171203,96901444.7344965
20171204,114111325.168939
20171205,114964829.26287
20171206,117814200.606237
20171207,135906965.42401
20171208,131162526.766984
20171209,127553674.707529
20171210,122737879.283705
20171211,128525366.422731
20171212,131849414.543111
20171213,213628314.689933
20171214,284179183.166858
20171215,274417202.963804
20171216,594827140.16112
20171217,834974289.449718
20171218,810947083.291045
20171219,1170295715.20716
20171220,2150989800.9184
20171221,1940534038.02306
20171222,1820062020.09414
20171223,3423795845.261
20171224,3788019079.5408
20171225,2465405100.60899
20171226,2965140652.76105
20171227,2153567169.17369
20171228,2481861180.4701
20171229,2410587871.62769
20171230,2180793556.87484
20171231,3568413522.12632
20180101,2396545598.43848
20180102,2161382084.67975
20180103,2151788841.3241034
20180104,2461954123.0093713
20180105,2858429325.9709125
20180106,2718235995.4590445
20180107,2749751035.901194
20180108,2716030167.167774
20180109,3007739071.4505296
20180110,2535674594.8801646
20180111,2161191372.280992
20180112,2452584854.826568
20180113,2413735557.1192493
20180114,2123193514.7724245
20180115,1788405030.1698005
20180116,1291193117.0524418
20180117,1372494396.5993786
20180118,1704192013.431065
20180119,1614024489.5669045
20180120,1675433994.3515553
20180121,1551922889.7604077
20180122,1381234911.665766
20180123,1358413586.191179
20180124,1357978832.167762
20180125,1314945332.0837893
20180126,1269922032.5049832
20180127,1326567091.1137037
20180128,1337928092.5516598
20180129,1231920498.918779
20180130,1224990017.4337063
20180131,986748887.5427253
20180201,1008826559.7667524
20180202,850919964.7659016
20180203,799120712.1321484
20180204,915111073.8216649
20180205,798740105.5324628
20180206,608164116.7527782
20180207,751716576.4791803
20180208,697397459.5799458
20180209,746263334.5043371
20180210,844010040.7619953
20180211,830036979.7664506
20180212,754828674.2442427
20180213,819148574.0744926
20180214,775041826.5121099
20180215,863131658.1144011
20180216,880806784.814918
20180217,1023051146.4913388
20180218,1309880466.4308374
20180219,1114595873.5069792
20180220,1206623461.6187525
20180221,1059056539.5335282
20180222,875883453.1844996
20180223,882028854.6464422
20180224,918511698.572972
20180225,843232190.0713936
20180226,858757077.110342
20180227,901260534.3171146
20180228,875655084.8951277
20180301,799038267.0825154
20180302,847744071.4142016
20180303,877027801.3430672
20180304,824092237.6325645
20180305,805368252.9236225
20180306,794779133.4255089
20180307,719986657.2516814
20180308,642834611.8977829
20180309,569336259.6312885
20180310,572226249.9469689
20180311,534640446.4263124
20180312,571093439.2213055
20180313,559777605.9117202
20180314,529516421.02085924
20180315,464295306.5847374
20180316,459791896.85503864
20180317,488655894.3403943
20180318,433585770.17110115
20180319,434689749.3499524
20180320,466099893.1272051
20180321,514266445.64418805
20180322,501139388.233873
20180323,577202811.6127292
20180324,568506190.2234453
20180325,669522650.785065
20180326,601883203.8770036
20180327,659330255.6672331
20180328,593431091.3324366
20180329,616502010.9742156
20180330,547927051.3924607
20180331,534710760.92416
20180401,578623510.4121679
20180402,649253354.9359244
20180403,710891620.204023
20180404,1059476349.2716986
20180405,848737349.7866771
20180406,821621771.2546784
20180407,866901482.2547027
20180408,955290709.7276928
20180409,1002111824.6893193
20180410,1166643844.0344033
20180411,1253437345.4559004
20180412,1218971122.3793106
20180413,1333814450.0863686
20180414,1352520723.7838917
20180415,1283796010.3106034
20180416,1337205524.3663483
20180417,1391836982.1893315
20180418,1092156814.7133179
20180419,960275747.1551272
20180420,1091094466.4555166
20180421,1023424449.4875146
20180422,1014724698.7097815
20180423,1019911719.1985496
20180424,1021909471.3171325
20180425,1013889234.2052299
20180426,912720832.7971969
20180427,1052731088.6662879
20180428,1014234073.1374078
20180429,1072314843.9648931
20180430,1043850250.3710921
20180501,1148906544.4768093
20180502,1180258912.8937829
20180503,1200906347.3408887
20180504,1167258929.8688397
20180505,1186146246.5354428
20180506,1178295658.6587627
20180507,1125645662.4424746
20180508,1122046021.4458923
20180509,1105165776.2599435
20180510,1133564570.6187854
20180511,1030274536.5797541
20180512,879766995.984272
20180513,875914976.1482829
20180514,928002656.0395933
20180515,895588032.8636754
20180516,847134982.3310193
20180517,837616879.750785
20180518,772353247.8919038
20180519,798725819.0631002
20180520,792550082.144792
20180521,839556121.2121603
20180522,805559413.5855101
20180523,704970916.5738666
20180524,613669772.3498775
20180525,658688970.1403629
20180526,618664336.8468856
20180527,599895428.2339157
20180528,598186039.1093929
20180529,525502577.06460345
20180530,579731093.9336854
20180531,566888052.8385969
20180601,585754478.5762678
20180602,579699574.8072646
20180603,608577542.6846775
20180604,635892740.9787306
20180605,590539510.7819686
20180606,590236515.2907465
20180607,580807264.7199566
20180608,570484961.7668395
20180609,582152038.6845179
20180610,550256773.3143979
20180611,473563396.9930579
20180612,488856788.0036268
20180613,418163936.4938777
20180614,410877843.6898598
20180615,454322740.6041295
20180616,425015738.2480983
20180617,421865300.9313269
20180618,419238959.0009627
20180619,438567328.989366
20180620,450526901.22246635
20180621,436205739.0397981
20180622,421937002.10057867
20180623,370806893.74023294
20180624,366594694.2142551
20180625,356956198.6655812
20180626,360425634.9425849
20180627,340208299.1246847
20180628,340553329.28896594
20180629,320599597.7694497
20180630,339955913.3424257
20180701,353002805.524964
20180702,377311672.7049266
20180703,407467507.3228578
20180704,391557755.5521645
20180705,396724752.2016263
20180706,374412363.90881115
20180707,366018808.33995
20180708,393825780.01226366
20180709,388165221.6918584
20180710,371169469.54652953
20180711,326673436.1652225
20180712,336827483.6672463
20180713,323190245.5467002
20180714,330670263.45139253
20180715,331601232.0602606
20180716,344055472.1803371
20180717,378005781.30222595
20180718,398872311.2655692
20180719,394958894.22295403
20180720,379625732.1409926
20180721,343698209.03066814
20180722,353794904.0245117
20180723,347158533.1499644
20180724,341369011.1194582
20180725,361248842.8971565
20180726,369430815.9987685
20180727,350228810.2922416
20180728,357225915.35285383
20180729,356308181.6057376
20180730,361883340.3447994
20180731,366999601.3747133
20180801,370513147.0962193
20180802,344122267.65981483
20180803,318361937.8603918
20180804,298748216.4712718
20180805,280497354.3102322
20180806,287985900.67140543
20180807,274078135.1110557
20180808,263799438.6541479
20180809,229304188.39203572
20180810,238261616.75338987
20180811,213029340.0889411
20180812,201915918.7173034
20180813,201800613.8097891
20180814,178450121.0225533
20180815,172843340.82663095
20180816,174562829.29872772
20180817,179984223.7886276
20180818,231924197.55696946
20180819,210392912.35032088
20180820,216647166.85529888
20180821,197412783.5409498
20180822,200738917.97288382
20180823,190782526.4116331
20180824,194509282.39311567
20180825,207616501.55645376
20180826,210395059.13584298
20180827,207971986.54767185
20180828,220270504.88279662
20180829,239608675.05755728
20180830,224958360.21271428
20180831,216025013.27174053
20180901,221372235.9398525
20180902,270375296.33257467
20180903,283919209.95042217
20180904,275384479.7984178
20180905,276888065.93305176
20180906,226278995.3315909
20180907,222809225.57102036
20180908,210278145.21063977
20180909,197445093.44885996
20180910,197898160.6036045
20180911,193649447.75460914
20180912,186595085.80001807
20180913,196245116.10820153
20180914,206216798.4356552
20180915,203442985.25966254
20180916,205266595.49168333
20180917,209590767.18474865
20180918,195377477.86410424
20180919,203297317.85940054
20180920,206694841.50947908
20180921,222215552.9548626
20180922,244638196.35412243
20180923,229032916.19270888
20180924,234593792.36481038
20180925,220933934.95313835
20180926,212909999.21792594
20180927,212644553.84807575
20180928,227520225.2382779
20180929,218635770.59706017
20180930,225644700.74980122
20181001,232210588.9463388
20181002,249992343.18787622
20181003,232015564.02337274
20181004,227170288.48644203
20181005,239659205.96404275
20181006,239267333.52544034
20181007,237386110.40778983
20181008,239555124.13937014
20181009,247815660.91007027
20181010,245725948.28338313
20181011,254581087.2796988
20181012,217868125.58094618
20181013,219033314.9645561
20181014,218734324.39519098
20181015,216108137.59539548
20181016,226494321.7521904
20181017,223679059.53757957
20181018,226209179.78826332
20181019,216817179.44093502
20181020,219655587.79895946
20181021,221877154.9464849
20181022,223282738.7032451
20181023,219421525.56336832
20181024,223876540.03348976
20181025,225278808.0533978
20181026,223706079.79768363
20181027,225133279.33988643
20181028,223450085.62016615
20181029,226274618.62565205
20181030,211038617.52634895
20181031,209856945.11579138
20181101,213247161.62205893
20181102,213495837.70775595
20181103,213890290.58575058
20181104,215542127.92316467
20181105,211227659.5420463
20181106,207293302.87719664
20181107,213302861.8743324
20181108,214282613.51886776
20181109,209622904.33162794
20181110,203038970.88506967
20181111,203290832.99064335
20181112,199767328.86785018
20181113,197668663.44598672
20181114,191451443.90696403
20181115,165747668.48012227
20181116,154970922.5195935
20181117,150989523.5734355
20181118,148651772.6931324
20181119,149096955.9334437
20181120,118478792.70533007
20181121,102645977.02526532
20181122,111828115.26779044
20181123,102796021.47484802
20181124,99680232.3764958
20181125,88207562.70829588
20181126,92211752.34729812
20181127,86512355.08872129
20181128,94149998.39380912
20181129,125038904.67583027
20181130,125288751.71069488
20181201,115970674.41131198
20181202,121427164.80772512
20181203,120023904.19287224
20181204,110013850.00132863
20181205,110702695.2202685
20181206,102303949.51539598
20181207,88171549.80805272
20181208,92795476.27536197
20181209,91976705.24823846
20181210,95412213.33464092
20181211,89133516.8906624
20181212,87069827.47769704
20181213,89330254.75177519
20181214,84944522.24816768
20181215,87631811.91756518
20181216,87223336.68641695
20181217,86027111.27994482
20181218,96243537.0688715
20181219,100827858.16194837
20181220,106864186.63890597
20181221,125184714.44316724
20181222,116802477.81259213
20181223,121751105.90441036
20181224,124172059.84437981
20181225,128303090.46586445
20181226,113075497.7525544
20181227,114378812.136699
20181228,101690796.03913426
20181229,113922722.34705727
20181230,111774894.58438918
20181231,111033954.62697797
20190101,104116445.11072664
20190102,108188249.67018501
20190103,110521340.60546762
20190104,106402768.30255495
20190105,105821051.89872451
20190106,107224637.59208035
20190107,112752665.87816404
20190108,110288040.83901164
20190109,109880042.84763183
20190110,110154274.7588854
20190111,119327677.68442209
20190112,110488275.2089849
20190113,104934989.18301411
20190114,97456993.67584771
20190115,106434288.10331501
20190116,104012152.58310032
20190117,104982186.76168518
20190118,104131774.29029556
20190119,102265917.11290917
20190120,106193129.96634744
20190121,100630801.04812343
20190122,101581960.38865729
20190123,103998798.34785257
20190124,103736369.43458715
20190125,103584384.00411928
20190126,102326226.93370667
20190127,101853601.47872959
20190128,99012637.20939602
20190129,93885381.2397351
20190130,93327898.47981393
20190131,95305020.76096572
20190201,91101550.16886778
20190202,92473013.62125736
20190203,92376715.58895516
20190204,89871464.66529973
20190205,91308606.53379
20190206,89716154.85997257
20190207,87044007.88924913
20190208,87586383.33746856
20190209,93613598.3022564
20190210,94849649.86558066
20190211,94866045.20533864
20190212,93132418.493801
20190213,93730169.38374291
20190214,92827339.42149842
20190215,91690874.24974819
20190216,93304854.30484574
20190217,94111923.53413014
20190218,94407217.79106812
20190219,98552756.00025326
20190220,100022314.84424174
20190221,100929087.82105206
20190222,99065078.69722715
20190223,101976322.07344432
20190224,105072793.20543382
20190225,93185853.8220527
20190226,94267174.13881934
20190227,95076925.33988832
20190228,93816103.69756456
20190301,93158597.92619702
20190302,95087300.6564026
20190303,94389186.92344423
20190304,109950800.43388455
20190305,97202972.14515029
20190306,98674673.10972485
20190307,97536758.79531746
20190308,98559084.82378887
20190309,98573888.13506216
20190310,100663048.53198375
20190311,100667452.45653522
20190312,98344430.90281565
20190313,103298138.29223444
20190314,102538678.91420905
20190315,107793524.18612555
20190316,111808473.21942346
20190317,110049035.54994534
20190318,111318163.92250879
20190319,113118660.62838912
20190320,114927501.27247463
20190321,116588284.24718249
20190322,108133454.14710827
20190323,114253625.14318307
20190324,110736250.0733657
20190325,108228745.52664258
20190326,104388626.59178983
20190327,105502978.45346372
20190328,112815104.7724473
20190329,111795624.21820001
20190330,113597366.87292783
20190331,112311266.68428719
20190401,119090219.142003
20190402,117643922.91469732
20190403,131952797.23678534
20190404,135500381.72322455
20190405,136760247.9295153
20190406,142170562.59331936
20190407,141336651.74957865
20190408,151339507.72707242
20190409,170715734.31700858
20190410,156843386.16646913
20190411,160112603.48771545
20190412,138749610.1280642
20190413,140582166.09048605
20190414,136562729.79338053
20190415,139585553.02411067
20190416,131299014.63913983
20190417,136496821.37193656
20190418,136151058.89061663
20190419,136935298.1875179
20190420,135321552.34392795
20190421,135017555.78446573
20190422,130998128.97848949
20190423,134497432.53187513
20190424,141485186.874092
20190425,129775109.54336852
20190426,122157559.33926584
20190427,119872101.76371205
20190428,122912615.70745249
20190429,120010527.00804919
20190430,112683769.5439215
20190501,117975868.61151865
20190502,118508858.156271
20190503,117652413.5075981
20190504,116772733.10785307
20190505,111911964.9961876
20190506,112170393.93519798
20190507,112555030.39539534
20190508,110903836.18831031
20190509,107869606.01618518
20190510,100851401.33687276
20190511,112889538.35406256
20190512,122434545.8427556
20190513,114118785.77111965
20190514,117831457.17263912
20190515,125845556.69062656
20190516,162054811.34291184
20190517,173381476.5297921
20190518,154738490.70878705
20190519,147536051.57187134
20190520,176083979.34756333
20190521,166865998.80415568
20190522,173688997.53535548
20190523,171690760.1140019
20190524,182333281.70875332
20190525,172841812.29241264
20190526,175864361.4010013
20190527,175570160.60236797
20190528,181512310.1939677
20190529,169861524.4340797
20190530,168190662.7240685
20190531,157062649.25250205
20190601,162041631.8257116
20190602,163994142.6726992
20190603,165070580.6480154
20190604,148272425.4411186
20190605,138233483.47896346
20190606,140223429.96474892
20190607,146797024.40104493
20190608,151891226.26901126
20190609,147299813.17689633
20190610,138590019.99444342
20190611,149769109.67796564
20190612,147232163.78083158
20190613,144619346.61147243
20190614,144257428.88722512
20190615,138680362.10514048
20190616,145371931.07132527
20190617,144996051.07353783
20190618,145804963.89812675
20190619,142333737.1247569
20190620,146226197.58243993
20190621,141670026.25674698
20190622,137856708.7546437
20190623,145634077.28199795
20190624,150705754.22545806
20190625,146228835.8297857
20190626,151559456.79571283
20190627,138537496.1349279
20190628,124385988.88458477
20190629,129951337.95837297
20190630,133283737.57839397
20190701,124733088.99868733
20190702,126997000.54298024
20190703,119926361.59260291
20190704,123812772.77158853
20190705,117011877.73345377
20190706,117330036.25683391
20190707,118683535.48197797
20190708,121692288.0208983
20190709,121906666.59173039
20190710,119036426.29983512
20190711,116410263.01509595
20190712,103878366.1277194
20190713,107661522.03153981
20190714,108086232.36988048
20190715,94785744.1684677
20190716,98964308.56396426
20190717,84264883.91591229
20190718,89780659.66392137
20190719,97558871.71119146
20190720,94335571.18451862
20190721,97669365.48342821
20190722,96478634.96204506
20190723,94270242.09216495
20190724,90263540.66162479
20190725,92597633.59427056
20190726,93628941.1056892
20190727,99407011.51850365
20190728,92769271.88512181
20190729,91276792.05702683
20190730,89443322.23072852
20190731,89280453.13707788
20190801,89575167.05293421
20190802,86237762.75491272
20190803,85872965.42389207
20190804,89452599.14413767
20190805,94721163.30634372
20190806,89913621.47338738
20190807,85665676.66844293
20190808,86537940.49818438
20190809,84785798.0626753
20190810,76333543.1069457
20190811,77153842.2368128
20190812,80770728.92690606
20190813,80526160.93495436
20190814,75177087.89827932
20190815,70890309.07678072
20190816,69612186.72038901
20190817,76933551.85484205
20190818,80359699.11958574
20190819,86430133.22841667
20190820,83863648.97526295
20190821,85124599.63900645
20190822,78735062.54408512
20190823,81323466.80022451
20190824,82222861.3784943
20190825,84674259.84106033
20190826,84715512.61463489
20190827,85568036.51212478
20190828,84726594.1441568
20190829,72037676.27670017
20190830,70843943.41027209
20190831,73120122.70607387
20190901,72682244.25104971
20190902,72687784.3950534
20190903,73255043.71265326
20190904,71867190.33309017
20190905,71442967.9936509
20190906,69546033.30310372
20190907,67853336.81291352
20190908,71997368.0995925
20190909,71575025.55227688
20190910,73194849.29694533
20190911,73818672.38323744
20190912,67761634.3623383
20190913,68683578.91046573
20190914,67697209.31172085
20190915,69870951.75709987
20190916,70137604.30561906
20190917,68383572.08543113
20190918,71360433.28726791
20190919,75306671.39912297
20190920,73260388.29219893
20190921,72403205.88687156
20190922,70586324.23818639
20190923,69820172.06376715
20190924,65418858.336573154
20190925,53752651.74906843
20190926,54120208.66382324
20190927,50998648.12424552
20190928,53586735.97898767
20190929,52416656.848889634
20190930,50558900.840955846
20191001,52961993.32346178
20191002,51676312.37312897
20191003,51676312.37312897
20191004,53105080.62299591
20191005,52559988.93236898
20191006,54243567.244556
20191007,51519812.694366455
20191008,56507490.15132421
20191009,61565748.41287357
20191010,59232442.19401503
20191011,58916615.418201685
20191012,59550921.96797552
20191013,58728007.65962056
20191014,59312047.412991405
20191015,62451302.30490516
20191016,60793770.80852659
20191017,55411519.11232405
20191018,57575312.324312374
20191019,55234158.59697005
20191020,54839770.56523664
20191021,55837160.339106925
20191022,54511181.83927645
20191023,54016976.93679634
20191024,49962786.27789281
20191025,50740385.53000381
20191026,56254328.28593276
20191027,55532307.925794564
20191028,59758941.177333854
20191029,59568844.24400006
20191030,61331470.42161802
20191031,60255507.074106574
20191101,59577952.76172626
20191102,60771175.87172217
20191103,62600056.424819335
20191104,61051666.15239262
20191105,62148295.44148116
20191106,63925654.853702664
20191107,64569145.72116297
20191108,63564307.38603809
20191109,60269932.68364751
20191110,59560065.33638537
20191111,60824754.73006187
20191112,58338336.00254478
20191113,60116168.87713037
20191114,62540292.648924395
20191115,74132746.3356897
20191116,80573405.80716798
20191117,77014639.81421302
20191118,73288561.10409376
20191119,67154782.42207643
20191120,70941689.87268613
20191121,67064207.342726335
20191122,64334732.18735824
20191123,60009207.60220475
20191124,61640425.37957277
20191125,56850577.45336373
20191126,58566980.849999
20191127,64655656.321219884
20191128,64987355.35394199
20191129,64994942.21085026
20191130,66368594.47764006
20191201,62784273.6451764
20191202,60823321.40610563
20191203,64333627.85516514
20191204,63482584.5989217
20191205,63628934.14958891
20191206,70631680.06396638
20191207,69799925.39864613
20191208,72902150.47196914
20191209,80060670.75638993
20191210,76129941.1374822
20191211,65898333.91971588
20191212,69614533.52021514
20191213,67612862.04304041
20191214,69609385.7663533
20191215,71222253.86481336
20191216,72770420.26454574
20191217,65410690.769203894
20191218,58938046.808697976
20191219,64969471.52734599
20191220,63893828.24143691
20191221,65605297.45637513
20191222,62229468.26966329
20191223,64476808.975648135
20191224,60559138.56052713
20191225,60152433.306180306
20191226,59661751.457054645
20191227,58705439.01139405
20191228,58930384.862364925
20191229,59895264.28268611
20191230,58722095.21592023
20191231,56608720.14457713
20200101,55394757.62809594
20200102,57244844.27914258
20200103,54426508.73190925
20200104,55752812.32924396
20200105,55224157.29683783
20200106,56180138.64703306
20200107,57726174.33342512
20200108,56809384.10798166
20200109,54717241.25364529
20200110,53934270.31054617
20200111,54290617.62402527
20200112,54712341.46264862
20200113,56675742.024350576
20200114,53930992.384312086
20200115,55689581.574012436
20200116,61583038.989152044
20200117,63365813.19077491
20200118,63889597.579852775
20200119,63690436.49657458
20200120,60331447.9944471
20200121,60380077.67329941
20200122,62870123.65519969
20200123,60401988.73364573
20200124,57794120.26183236
20200125,57492703.45039344
20200126,56844736.993006505
20200127,58866646.790425
20200128,59667524.01771492
20200129,61062513.29128783
20200130,58554178.825097054
20200131,61328218.55209276
20200201,60687141.059777014
20200202,64411071.13866893
20200203,66235455.60163923
20200204,69760252.16203839
20200205,71213067.81641023
20200206,70584519.29308566
20200207,74543025.51478997
20200208,76251518.65650693
20200209,73172079.60909282
20200210,75925939.2878994
20200211,79837135.92074236
20200212,84835827.28540589
20200213,86023209.35366178
20200214,90911929.64088817
20200215,93193370.92615278
20200216,83826572.84403594
20200217,79771229.48159015
20200218,77664266.78021124
20200219,80390986.23403093
20200220,72489914.28625631
20200221,70444719.46063437
20200222,72672885.32996804
20200223,72380921.70073742
20200224,76156235.89810067
20200225,68931748.58001228
20200226,65495651.090053275
20200227,60119572.3344029
20200228,61849329.80999408
20200229,60106498.578984626
20200301,60030950.41713722
20200302,58480167.1057995
20200303,62812424.33172337
20200304,62455186.05200666
20200305,61511949.93486913
20200306,63411791.848869234
20200307,63459175.892799005
20200308,60844339.26757745
20200309,53434520.02473752
20200310,52854564.981297046
20200311,54810417.26930644
20200312,53036534.09605816
20200313,29351467.963380095
20200314,34887054.90835474
20200315,33057152.137281656
20200316,33750094.939102
20200317,30852438.963227462
20200318,33631891.62779279
20200319,32893398.080042325
20200320,38920552.04635554
20200321,38437900.17894468
20200322,39467813.01380808
20200323,37033959.04640031
20200324,40578765.028967604
20200325,40227986.033740655
20200326,39681224.78731915
20200327,40580774.40349563
20200328,39416726.715500526
20200329,39019136.037835956
20200330,39383931.83409388
20200331,40353890.91299378
20200401,39416635.65283209
20200402,40783214.72072249
20200403,41857006.51493591
20200404,41681048.230182335
20200405,42211337.697861426
20200406,41291260.00300007
20200407,46073102.32358657
20200408,44906401.66465799
20200409,46795136.05407341
20200410,45916179.76063652
20200411,42810858.615308985
20200412,43064781.14396307
20200413,42927800.6152499
20200414,42821113.73163831
20200415,42635746.04875774
20200416,41262858.38223269
20200417,49553197.58175775
20200418,46098035.789121754
20200419,47091323.56683708
20200420,44821952.81430969
20200421,42680990.5376426
20200422,43236924.62451767
20200423,52507536.055822685
20200424,47994970.26171528
20200425,48237841.25357456
20200426,49310519.654465914
20200427,49097882.14813651
20200428,48674723.742159404
20200429,49646179.369045235
20200430,52220010.38050056
20200501,49027723.359280676
20200502,52276344.3366618
20200503,52224325.662289485
20200504,51924218.90864177
20200505,51950497.584432706
20200506,51700611.47549813
20200507,59619417.76576291
20200508,63211003.76032047
20200509,61757786.51079103
20200510,58980700.34601388
20200511,52676944.34213698
20200512,52182412.99456181
20200513,52946448.598290905
20200514,57413665.826752886
20200515,57289455.142231464
20200516,53178808.16181149
20200517,55722861.581809685
20200518,56667652.533493936
20200519,57340340.74772577
20200520,57223405.1113378
20200521,56535099.245159015
20200522,58829820.67155114
20200523,60975475.830168724
20200524,62824455.966497906
20200525,61352076.200262666
20200526,69527631.22335905
20200527,68666966.06290019
20200528,64474045.50736262
20200529,65876447.88601648
20200530,66401138.174373955
20200531,70822629.75620735
20200601,69172946.49677616
20200602,71389821.99638405
20200603,71896355.87377265
20200604,70755119.42418426
20200605,72305541.48436788
20200606,71892450.76833625
20200607,87572307.8067835
20200608,83719758.18665135
20200609,87204581.28303868
20200610,88557910.24307726
20200611,93203571.66407052
20200612,85178823.99712628
20200613,103426031.4935892
20200614,123809818.6819456
20200615,115357746.79282244
20200616,142394538.9833583
20200617,149837909.62043062
20200618,144589123.71223992
20200619,128101356.72168154
20200620,118369027.49507043
20200621,125874017.31057298
20200622,113700576.49503842
20200623,113853733.83659352
20200624,120210586.81484267
20200625,112513101.45957765
20200626,105730997.4530061
20200627,101361462.37369587
20200628,106108352.00229768
20200629,108308567.02376252
20200630,105889241.73635603
20200701,112421689.48595692
20200702,122762650.59372707
20200703,117549245.51391421
20200704,118019829.05577041
20200705,116587994.43043178
20200706,112481083.57019983
20200707,123435696.30960204
20200708,116404095.77745785
20200709,114003591.9821418
20200710,109558641.43901984
20200711,108333405.15453637
20200712,110586039.90413392
20200713,106833981.08898273
20200714,102333889.80388029
20200715,104975712.38671121
20200716,101990293.9524499
20200717,94900148.2942034
20200718,93175815.74844512
20200719,96685373.69542971
20200720,95459812.14276448
20200721,94597107.06546395
20200722,96234441.3035122
20200723,100073189.86087182
20200724,102819319.72080006
20200725,109779533.49398431
20200726,109388908.83024803
20200727,103031493.82013942
20200728,97353430.40056776
20200729,95512775.07051377
20200730,98920438.5528727
20200731,102883324.90221399
20200801,97837894.74779159
20200802,98601222.82866071
20200803,94345905.69380744
20200804,97862222.1408243
20200805,98529622.18301411
20200806,99811338.00316136
20200807,99543974.81464528
20200808,100951725.0619751
20200809,103845275.0124947
20200810,104807959.07664277
20200811,113828534.05943006
20200812,121020664.6703579
20200813,125545746.53823966
20200814,120321445.4832334
20200815,117843058.40348081
20200816,113344263.68924806
20200817,112502810.46055153
20200818,117658621.3776169
20200819,117005575.76826231
20200820,110033878.98047438
20200821,113772357.43331636
20200822,114224404.59718235
20200823,116404185.13095154
20200824,117808248.82294701
20200825,124145607.15075593
20200826,111478341.82274005
20200827,112269032.58274424
20200828,103613743.7049908
20200829,107558077.98375045
20200830,109208620.65603359
20200831,108152595.11042298
20200901,107288136.184374
20200902,103085038.07087898
20200903,97501472.36894949
20200904,82588463.16319545
20200905,86339344.13379233
20200906,75053759.46007384
20200907,78991492.28687131
20200908,77781450.01677717
20200909,74394426.40766557
20200910,79427737.852866
20200911,79735647.73030296
20200912,79530758.89439233
20200913,80643403.61631882
20200914,76630594.11962624
20200915,76258779.11718518
20200916,72315189.38794011
20200917,72240950.7561651
20200918,74034480.47543266
20200919,72589031.37418927
20200920,72794773.84951356
20200921,73476251.62397005
20200922,66441482.603834555
20200923,68095610.02667955
20200924,64933509.7503963
20200925,69759747.59528252
20200926,70587358.3868828
20200927,69281525.01777938
20200928,68615662.87301493
20200929,68514709.58882499
20200930,70020457.46301271
20201001,68966916.47198716
20201002,66868065.04962327
20201003,65426559.49763642
20201004,65696007.061471045
20201005,65555355.87521872
20201006,70613458.79208474
20201007,66263865.99476201
20201008,64182082.91641878
20201009,68339046.86212279
20201010,70751017.69380975
20201011,70919389.67566317
20201012,71694966.65514638
20201013,72198998.89022209
20201014,73982441.17876895
20201015,73106646.1703389
20201016,72678981.7051239
20201017,70487272.63474815
20201018,70555393.55089451
20201019,72536465.09393387
20201020,73155170.6207111
20201021,70848421.4380717
20201022,75158289.16207285
20201023,76984218.13578446
20201024,76599228.8389064
20201025,78042829.77336767
20201026,73647631.57759394
20201027,73789095.11952253
20201028,69000787.6229671
20201029,65131157.74414857
20201030,62206545.34167627
20201031,59732545.63052468
20201101,64771920.23610816
20201102,71136738.37767762
20201103,65979362.78202471
20201104,64962745.76488778
20201105,63572077.47086194
20201106,67522567.0869393
20201107,70679574.02932385
20201108,67213007.5309344
20201109,70203371.70946065
20201110,71963425.80086322
20201111,76794556.99853754
20201112,73306117.6342085
20201113,71595814.2304294
20201114,75836721.10667431
20201115,72841442.28492402
20201116,71223534.32269189
20201117,74908012.44194801
20201118,74805461.09275758
20201119,72083174.77525055
20201120,71181856.35341126
20201121,71892394.03315537
20201122,81594391.83622465
20201123,80256242.7040894
20201124,87579399.31986496
20201125,143224977.96025616
20201126,119747483.6338367
20201127,106507803.43298724
20201128,105326495.529778
20201129,118304687.63564613
20201130,112750635.62266394
20201201,123997558.85530797
20201202,113783493.19716032
20201203,122455755.03813931
20201204,117905785.04253171
20201205,106826023.96756005
20201206,115146665.96575597
20201207,115256304.15668721
20201208,112301588.99297307
20201209,100123787.66569543
20201210,101360129.11570773
20201211,119352369.05038841
20201212,106738209.4866311
20201213,116127277.78579788
20201214,114938380.53755735
20201215,111410438.27455574
20201216,108965547.83866598
20201217,118281546.6492581
20201218,118658003.19914761
20201219,122417646.01388007
20201220,125759992.65314406
20201221,123977225.69582462
20201222,119490645.34381104
20201223,118482212.44921589
20201224,100369430.23894678
20201225,109745557.33938219
20201226,110558996.10509291
20201227,114655123.29687376
20201228,130350782.91543044
20201229,129951332.16267522
20201230,124547860.69132487
20201231,128482681.84609434
20210101,124494499.07339378
20210102,120098155.38432711
20210103,123409079.38352795
20210104,158677548.74663135
20210105,143174579.944858
20210106,141223854.312034
20210107,215619911.75143552
20210108,274466495.9764589
20210109,241292603.4055108
20210110,262285420.41596958
20210111,239992476.67724302
20210112,205014759.08751905
20210113,194781777.7609712
20210114,220132431.61080137
20210115,211747403.5630189
20210116,194647637.16359726
20210117,215291396.81392083
20210118,207067336.1791079
20210119,216109516.15592635
20210120,206727312.68539244
20210121,206968592.69763052
20210122,179186298.57489595
20210123,191599321.68940923
20210124,204144883.6066698
20210125,205803847.54202622
20210126,199983795.777347
20210127,186156123.0998522
20210128,162219712.00162417
20210129,204842704.25104976
20210130,279755249.89527375
20210131,242817469.74166787
20210201,259140260.40164554
20210202,289096122.4087249
20210203,274864174.49054104
20210204,273558195.25141615
20210205,279985842.91593516
20210206,285770150.8568235
20210207,282997747.4912405
20210208,271490273.9844092
20210209,283295234.8235627
20210210,338993519.52837193
20210211,318668934.9451799
20210212,379159159.9801363
20210213,407894438.4443997
20210214,468107534.63571054
20210215,427476539.81553113
20210216,380694323.8599951
20210217,351461634.2198425
20210218,403094479.19016886
20210219,427363448.8014603
20210220,423383461.26472044
20210221,421460166.0256726
20210222,419742072.0019356
20210223,371691942.45067286
20210224,316637330.5822113
20210225,329962665.56133056
20210226,293546117.0072444
20210227,284670171.3758615
20210228,298654285.3577756
20210301,287740271.3529409
20210302,316930857.52488655
20210303,302340948.78165555
20210304,315931898.5854757
20210305,331698015.46599
20210306,368581966.13047147
20210307,355878308.46388626
20210308,365211245.52354753
20210309,360168354.5365122
20210310,372441944.83709127
20210311,415827679.5871241
20210312,418348181.96342194
20210313,403224515.97749794
20210314,432191431.4484224
20210315,461635484.4188058
20210316,527720374.25851995
20210317,488239490.2629469
20210318,491765350.03526366
20210319,516247255.76057863
20210320,576761758.9210894
20210321,571697935.7493945
20210322,553634163.0849086
20210323,501677165.954507
20210324,518293771.5575348
20210325,473371240.711265
20210326,455081327.93052155
20210327,494038736.3972509
20210328,504694531.30460554
20210329,557532894.9945207
20210330,655032559.1857067
20210331,645074425.0665479
20210401,733440747.7235403
20210402,709004988.7932018
20210403,727344102.04605
20210404,726089913.2180418
20210405,747586806.0487996
20210406,855918035.1389786
20210407,848627889.3319325
20210408,714984536.5011928
20210409,739828631.7448244
20210410,730655209.9223939
20210411,693526587.7870948
20210412,708015623.3670155
20210413,669820876.2518878
20210414,680810266.5425367
20210415,795523041.7602609
20210416,797643486.0736985
20210417,1086654848.7912743
20210418,1062022902.664516
20210419,934224787.9140434
20210420,1005313836.5223608
20210421,982857750.4810514
20210422,991429305.15622
20210423,841182845.7638434
20210424,734339704.5143622
20210425,701239899.574485
20210426,622911518.4150383
20210427,793589835.4076068
20210428,852297232.2396975
20210429,788254783.346816
20210430,767409471.3923811
20210501,936048737.4536227
20210502,891431516.0293573
20210503,876651296.0517224
20210504,864877142.7774823
20210505,786419927.4959283
20210506,1069566439.5742255
20210507,1157946383.6714242
20210508,1112186097.901211
20210509,1113350358.1409655
20210510,1119483244.6473026
20210511,981266273.8415687
20210512,1047174344.4199302
20210513,840079147.5362804
20210514,807897116.8315414
20210515,869661035.6954001
20210516,781804966.7592821
20210517,791138151.7426336
20210518,718086303.8147981
20210519,716218815.6186807
20210520,469429325.42090863
20210521,537652959.7752647
20210522,447061727.94580525
20210523,423230227.6843254
20210524,350034384.02023035
20210525,431408576.79120296
20210526,420389085.61935276
20210527,489091879.0819212
20210528,459151336.0931759
20210529,397417360.81072587
20210530,376366162.5882761
20210531,410247949.6079079
20210601,438824138.21040606
20210602,427038682.1743581
20210603,441596310.6067487
20210604,475775985.6135854
20210605,541832197.5905614
20210606,517200281.904218
20210607,538100603.6924073
20210608,451363582.38978815
20210609,501656268.0890973
20210610,514770527.69913137
20210611,493531095.96293825
20210612,446452952.7792582
20210613,426630798.8114062
20210614,494139899.0376602
20210615,484519682.50474185
20210616,476633715.3024076
20210617,459129215.35243744
20210618,454317447.7172238
20210619,414260497.177598
20210620,405968783.2597026
20210621,454417646.85008126
20210622,374887673.72813445
20210623,344582524.1749326
20210624,360955326.83888406
20210625,368562456.01966345
20210626,336475130.1901009
20210627,334735847.7680725
20210628,361366103.27692765
20210629,362042897.9518929
20210630,376772281.6659712
20210701,380400080.0211427
20210702,357665706.7480549
20210703,381790054.3824937
20210704,386640034.42468953
20210705,389887973.72835344
20210706,366148603.2314374
20210707,373101299.63305056
20210708,368490867.10361755
20210709,342693730.6652893
20210710,348862871.14699376
20210711,340869942.99289674
20210712,345002493.47397006
20210713,326682446.38493526
20210714,326255775.4462122
20210715,322622123.6443889
20210716,329582908.2996658
20210717,302234414.126814
20210718,305347109.01801115
20210719,310631467.1664445
20210720,292086779.1181385
20210721,270014479.6123355
20210722,291405442.43315274
20210723,301107696.6287889
20210724,306554489.1173665
20210725,315662508.2801931
20210726,339557228.9421382
20210727,341786095.59188825
20210728,343757750.1012501
20210729,345378382.7012318
20210730,366323856.604695
20210731,367974078.1303046
20210801,360020711.460813
20210802,378661620.3019714
20210803,392346493.41132635
20210804,374051478.10166395
20210805,398436192.4585462
20210806,402570509.0796443
20210807,432791589.7348574
20210808,428833297.1588107
20210809,415104008.15092266
20210810,441902156.846116
20210811,506168846.03704035
20210812,500978750.88046587
20210813,480673110.780219
20210814,528840538.00955725
20210815,574779428.7030218
20210816,574004538.7323179
20210817,580310868.2403495
20210818,526564249.3123413
20210819,537323332.8385345
20210820,543268264.9643162
20210821,560963035.2925115
20210822,525996351.5534309
20210823,507624051.2292472
20210824,501111856.89663583
20210825,459084138.8738059
20210826,477294923.4670257
20210827,438427467.97252965
20210828,471599337.5026732
20210829,454129461.9653142
20210830,461547682.5389484
20210831,431405150.9991827
20210901,438749261.88181293
20210902,473642293.4696759
20210903,465593250.57816774
20210904,469848661.3503948
20210905,481381705.941446
20210906,519468291.65583074
20210907,508408615.9728287
20210908,406649823.7070182
20210909,423532137.4138175
20210910,411817680.3892024
20210911,389124385.0378466
20210912,397587895.48599887
20210913,408013775.12954867
20210914,380918733.05703723
20210915,391029308.61817616
20210916,407191533.3904346
20210917,396740809.3844265
20210918,386058141.08224344
20210919,447917837.0174938
20210920,416206053.52042705
20210921,356223775.56262654
20210922,312750512.29132247
20210923,349042917.89539933
20210924,357940793.509174
20210925,329035084.4496853
20210926,320448404.50166583
20210927,336439055.56385696
20210928,310886397.00407165
20210929,299112641.6898222
20210930,302643302.28427553
20211001,321185806.02889323
20211002,354492678.69103193
20211003,356541594.46869075
20211004,360150255.03033656
20211005,368884911.4943026
20211006,370519503.9340484
20211007,376063348.5169771
20211008,367059507.75864863
20211009,393361449.2060806
20211010,420869306.62995464
20211011,399746537.2049013
20211012,393093501.42456
20211013,383117274.6137585
20211014,390528728.78322047
20211015,402414577.2927846
20211016,410876593.31999266
20211017,404845212.5043941
20211018,396813103.1924658
20211019,393560531.90316176
20211020,394766964.1826206
20211021,420369723.07313573
20211022,392961852.9676635
20211023,395797179.6445311
20211024,397279012.34228116
20211025,377329987.32176876
20211026,386775180.3292015
20211027,374099648.0406427
20211028,340731907.9361992
20211029,365861180.37997437
20211030,370941624.3552967
20211031,360731791.4825614
20211101,400519645.52730817
20211102,394897199.8055709
20211103,410418400.87149847
20211104,405983004.75153685
20211105,384931929.8819595
20211106,382134075.3963475
20211107,390398739.2294973
20211108,399849696.1061749
20211109,407414415.0151491
20211110,429924909.5586717
20211111,478808915.5001771
20211112,498211850.6078246
20211113,576672740.8464118
20211114,538048756.1508487
20211115,496798524.5720473
20211116,481065142.3926423
20211117,439918954.16806334
20211118,487645084.4522199
20211119,410949523.2474157
20211120,434739775.46223575
20211121,469452738.77793694
20211122,455089392.8712915
20211123,420720258.53994185
20211124,419362893.61509264
20211125,393214605.681121
20211126,414224920.5800114
20211127,376750631.0745598
20211128,386691806.2126004
20211129,399562125.383768
20211130,392702680.31571215
20211201,390601724.7837166
20211202,381603863.1745338
20211203,396442881.2945965
20211204,377324592.08579636
20211205,318783433.65961313
20211206,329761944.21564007
20211207,326213763.69285625
20211208,327574377.01345116
20211209,327189596.0243914
20211210,303299037.52893287
20211211,293414177.2325078
20211212,304108814.52473843
20211213,308822364.1243883
20211214,278992610.2916283
20211215,287112886.8077525
20211216,292218941.4874699
20211217,282600497.2525149
20211218,269947184.87617695
20211219,279582091.44432306
20211220,275496633.79149413
20211221,275705852.5749371
20211222,286971445.7202314
20211223,287212747.2767699
20211224,304557914.45824504
20211225,296436172.89429593
20211226,304631905.9797511
20211227,319643018.6475695
20211228,315845185.1463381
20211229,293430537.25421983
20211230,277019683.960251
20211231,281768047.27917147
20220101,281114147.1133063
20220102,293867365.241784
20220103,291012299.4198621
20220104,285056338.40239555
20220105,286184343.22563195
20220106,266642511.9462155
20220107,260615386.07660902
20220108,240624013.7136014
20220109,231703290.5319267
20220110,230735128.45972916
20220111,215604393.41202223
20220112,228100732.928984
20220113,244287805.2209463
20220114,227959408.90629333
20220115,229854637.5406812
20220116,230040349.07795063
20220117,229375931.24548662
20220118,219093715.6484582
20220119,218031279.23082328
20220120,209632132.58292145
20220121,205092433.01111898
20220122,166560935.01769143
20220123,153711362.13288623
20220124,160119448.9385273
20220125,154422831.36152342
20220126,160366714.63495088
20220127,160550487.0381978
20220128,159574376.79235703
20220129,162701057.65567166
20220130,164270690.60941878
20220131,163836316.87703508
20220201,167972339.83829755
20220202,167457122.5443704
20220203,161119992.67675602
20220204,160835775.08263138
20220205,176738770.675474
20220206,186149822.887583
20220207,185349897.74655175
20220208,200726559.57294565
20220209,193123026.1444614
20220210,207852501.29394606
20220211,202876909.290164
20220212,190631994.78957283
20220213,190656847.26763332
20220214,182789115.45218223
20220215,185805301.91961467
20220216,194269685.39535436
20220217,194020561.65319034
20220218,177094633.61881095
20220219,175735133.55675015
20220220,169100535.47135627
20220221,160165916.28455362
20220222,153912449.25864667
20220223,158710502.88525993
20220224,155659556.03453645
20220225,146875275.52219927
20220226,157584517.85796037
20220227,162088089.97070163
20220228,153390065.8202776
20220301,170413297.9212393
20220302,171222803.20040458
20220303,170895249.24173942
20220304,165326024.87413335
20220305,156256600.4021997
20220306,157718926.21510845
20220307,153300662.46294457
20220308,146108442.85113883
20220309,155354520.4452564
20220310,174333748.7894897
20220311,161763629.31291205
20220312,155888838.57953098
20220313,159113409.67666498
20220314,146851237.81010035
20220315,151748984.43670583
20220316,144073153.71070942
20220317,149908633.43225464
20220318,150462698.84632903
20220319,154026443.06192857
20220320,159036376.0497476
20220321,153632448.3765409
20220322,164613632.36321175
20220323,165315115.5735302
20220324,171884206.30744615
20220325,175024213.0581948
20220326,169835487.92871925
20220327,178013372.94938394
20220328,204124313.47473684
20220329,198537459.71060628
20220330,197637194.6017606
20220331,198277678.0422277
20220401,223838407.20347333
20220402,237967365.25170583
20220403,222354872.46437204
20220404,233102022.48985294
20220405,225532009.61436206
20220406,214200935.63725334
20220407,188841168.7842082
20220408,192322871.55856526
20220409,182616645.98529726
20220410,180692721.75141844
20220411,181638310.55160412
20220412,159322604.51808476
20220413,167047486.59901866
20220414,173922813.14551544
20220415,175869881.5327031
20220416,172910919.2853225
20220417,177782658.3034146
20220418,171037087.278551
20220419,171277138.04796162
20220420,178894596.40825418
20220421,174335356.37785426
20220422,170915848.97755307
20220423,171285767.11539638
20220424,166177025.02044776
20220425,164227922.97927365
20220426,164509949.0380254
20220427,153825866.56951258
20220428,157335287.12971616
20220429,154135538.65599823
20220430,144267472.68899837
20220501,138641845.79385388
20220502,143116683.26493827
20220503,135405148.91784114
20220504,134203935.79998805
20220505,147451563.848606
20220506,132211456.59146313
20220507,133729628.82385202
20220508,127965204.37738407
20220509,121840412.61051722
20220509,111740329.06420521