20161029,1371289
20161030,519741
20161031,3217504
20161101,3792058.0
20161102,3802618.24
20161103,4636719.4
20161104,4234602.72
20161105,4424438.7
20161106,3543422.09
20161107,3065866.8
20161108,2940792.18
20161109,4617309.28
20161110,4662749.37
20161111,4422479.04
20161112,3900733.03
20161113,3599423.01
20161114,3540201.17
20161115,4168758.0
20161116,4098760.96
20161117,4075497.15
20161118,3584174.67
20161119,3625127.7400000007
20161120,3646104.84
20161121,3539734.5
20161122,4024219.68
20161123,6228287.37
20161124,7800780.000000001
20161125,8069924.9
20161126,7231735.17
20161127,7039559.24
20161128,7878317.019999999
20161129,7810068.94
20161130,8206839.76
20161201,8038306.72
20161202,8154987.54
20161203,8450589.42
20161204,8733844.95
20161205,8023909.11
20161206,7954102.91
20161207,9486884.55
20161208,9492868.53
20161209,9314460.54
20161210,9448526.72
20161211,9680380.74
20161212,10150552.78
20161213,9961635.400000002
20161214,9855151.97
20161215,9190656.8
20161216,9458296.200000003
20161217,8711993.240000002
20161218,9194775.15
20161219,8843933.43
20161220,9588090.96
20161221,9810887.8
20161222,13267466.73
20161223,15066367.68
20161224,14099303.76
20161225,13847103.76
20161226,13354742.82
20161227,13935974.16
20161228,15560215.24
20161229,16754916.3
20161230,16943276.44
20161231,16456390.24
20170101,16969089.06
20170102,17729093.86
20170103,18287788.63
20170104,20910414.35
20170105,19028177.01
20170106,18152057.4
20170107,18428111.52
20170108,18458506.96
20170109,18802571.74
20170110,18897938.28
20170111,17083471.7
20170112,18351841.23
20170113,18841040.75
20170114,19444218.48
20170115,20420604.54
20170116,19822230.72
20170117,20778812.25
20170118,20539346.46
20170119,21128087.04
20170120,21071008.41
20170121,21446917.12
20170122,21620259.44
20170123,21738830.72
20170124,21305626.08
20170125,20823734.58
20170126,20165861.1
20170127,20454793.139999997
20170128,20717789.039999995
20170129,21308200.94
20170130,22454927.360000003
20170131,22306027.93
20170201,22791659.28
20170202,22756573.98
20170203,22704361.25
20170204,23438562.43
20170205,22974928.68
20170206,22856174.84
20170207,22666673.92
20170208,21966672.540000003
20170209,20868889.2
20170210,20761939.1
20170211,21074190.38
20170212,20690104.769999996
20170213,20000967.480000004
20170214,21544516.48
20170215,22518949.18
20170216,22090397.26
20170217,21915439.36
20170218,21429717.54
20170219,21423890.04
20170220,21532228.93
20170221,21532228.93
20170222,21532228.93
20170223,21532228.93
20170224,22227568.64
20170225,21652503.780000005
20170226,22036705.84
20170227,28310249.84
20170228,28589868.72
20170301,31806152.8
20170302,30958370.87
20170303,32840314.56
20170304,32282875.08
20170305,31529833.280000005
20170306,32553574.3
20170307,31070887.72
20170308,29375205.12
20170309,30383939.840000004
20170310,29573138.35
20170311,33533367.06
20170312,34167364.96
20170313,40059540.20000001
20170314,39020420.66
20170315,39920868.62
20170316,41871428.88
20170317,42679245.15
20170318,58652402.78
20170319,64349848.52
20170320,65763196.45999999
20170321,60701433.89
20170322,64095716.88
20170323,61860175.26000001
20170324,60261513.48
20170325,59613978.9
20170326,57010072.86
20170327,52457670.44
20170328,61769874.87999999
20170329,61988361.06
20170330,65985758.39999999
20170331,69507789.58000001
20170401,64233259.09
20170402,61774425.24
20170403,64230684.7
20170404,63719120.44
20170405,60449196.16
20170406,59781548.24
20170407,62106398.28
20170408,66328790.88
20170409,69586372.80999999
20170410,69217413.72
20170411,65987144.96
20170412,66407598.66
20170413,69828077.1
20170414,77386272.48
20170415,79969211.14
20170416,78868204.02
20170417,77934827.32
20170418,79922560.41
20170419,78766930.28
20170420,76085137.39
20170421,77276760.42
20170422,78780387.42
20170423,76360710.51
20170424,79508224.79
20170425,80543365.86
20170426,84660377.1
20170427,90368405.26
20170428,100232386.22
20170429,114853276.09
20170430,111336742.22
20170501,107752020.03
20170502,112263309.51
20170503,111896188.24
20170504,122705330.61
20170505,129017168.82
20170506,134453348.62
20170507,128902429.83
20170508,134229604.08
20170509,119282219.73
20170510,123114606.35
20170511,121841015.28
20170512,126350971.52
20170513,125426900.73
20170514,125806943.02
20170515,122365626.48
20170516,119239047.05
20170517,123356520.98
20170518,124431416.3
20170519,137820402.46
20170520,145712884.8
20170521,160826488.46
20170522,271402797.36
20170523,348197304.57
20170524,351143215.5
20170525,313271012.94
20170526,269147629.39
20170527,267010998.76
20170528,275132025.9
20170529,288871718.04
20170530,333952200.34
20170531,335998230.22
20170601,355755429.81
20170602,347319415.09
20170603,330675624.92
20170604,346350913.65
20170605,370216216.5
20170606,381326632.96
20170607,393155202.04
20170608,404545518.94
20170609,416360115.79
20170610,497950003.2
20170611,495962893.91
20170612,466550663.1
20170613,557131871.67
20170614,592906606.32
20170615,600354048.58
20170616,591832370.88
20170617,587455769.16
20170618,585349010.2
20170619,611616362.68
20170620,623073399.4
20170621,586187329.96
20170622,587770822.84
20170623,599941983.8
20170624,563304305.4
20170625,509124009.8
20170626,472952064.6
20170627,506453806.12
20170628,533217940.68
20170629,506422757.24
20170630,472657100.24
20170701,449432538.0
20170702,466913057.44
20170703,454198541.08
20170704,438612003.32
20170705,439853958.52
20170706,447119396.44
20170707,420033170.05
20170708,419138943.98
20170709,413086779.72
20170710,329772815.98
20170711,307361594.4
20170712,362611830.09
20170713,332601446.83
20170714,309358355.82
20170715,281954700.72
20170716,286732868.67
20170717,321138586.2
20170718,352346155.2
20170719,321427764.0
20170720,369360448.16
20170721,361224997.37
20170722,389092702.68
20170723,385318942.07
20170724,374855006.1
20170725,334048889.04
20170726,346036026.56
20170727,341006366.69
20170728,325659841.7
20170729,349084827.42
20170730,326636676.41
20170731,326687921.24
20170801,360293105.87
20170802,353270893.68
20170803,350779711.25
20170804,354155434.08
20170805,390869652.24
20170806,393559818.84
20170807,398076143.39
20170808,470121757.2
20170809,468942091.42
20170810,446715218.43
20170811,454630994.5
20170812,434410845.12
20170813,415864446.3
20170814,412216369.67
20170815,417142202.73
20170816,428943268.06
20170817,429044037.3
20170818,400117403.07
20170819,401994206.4
20170820,483162467.58
20170821,479501934.37
20170822,461145314.52
20170823,464570259.68
20170824,463884344.92
20170825,484567104.96
20170826,584371145.7
20170827,563438313.09
20170828,566914130.35
20170829,560955569.88
20170830,565295456.98
20170831,590569716.78
20170901,641721235.15
20170902,530071228.96
20170903,546887469.32
20170904,466775740.14
20170905,488493855.64
20170906,526054584.86
20170907,526914119.34
20170908,457329343.36
20170909,457704328.32
20170910,453921247.36
20170911,450150016.03
20170912,447866476.28
20170913,430384770.61
20170914,346953175.73
20170915,397607292.17
20170916,378390325.734
20170917,384399249.089
20170918,427366557.614
20170919,419232292.101
20170920,418875828.546
20170921,393597375.688
20170922,439490415.795
20170923,458774376.0
20170924,465853737.024
20170925,522005393.121
20170926,526320499.368
20170927,656018416.234
20170928,713166408.488
20170929,664283667.239
20170930,637833126.768
20171001,613353319.578
20171002,597517585.542
20171003,586482756.711
20171004,553541641.641
20171005,596786118.885
20171006,606005669.612
20171007,599547864.673
20171008,568469588.817
20171009,543018883.719
20171010,559936961.08
20171011,561514741.398
20171012,542133328.854
20171013,575153304.168
20171014,577966423.034
20171015,557928180.964
20171016,561525492.864
20171017,560233140.324
20171018,557898065.725
20171019,560985532.666
20171020,544127310.032
20171021,519746005.26
20171022,525553134.084
20171023,510021385.896
20171024,533611460.76
20171025,543094510.998
20171026,583014980.867
20171027,609255983.144
20171028,580729126.929
20171029,589302119.154
20171030,611763793.03
20171031,587711930.146
20171101,562008577.562
20171102,549983573.112
20171103,591480336.918
20171104,588076034.865
20171105,576218656.476
20171106,587794566.972
20171107,620709155.612
20171108,647091717.496
20171109,674406859.329
20171110,617273086.094
20171111,656784824.506
20171112,655724258.288
20171113,695806333.684
20171114,712438007.028
20171115,763366342.041
20171116,778640204.288
20171117,770381791.808
20171118,791401659.184
20171119,793014704.538
20171120,804435685.704
20171121,776796267.436
20171122,848357310.536
20171123,847082002.698
20171124,918152999.912
20171125,932011311.42
20171126,919938966.936
20171127,933537971.232
20171128,1003074873.322
20171129,828319598.146
20171130,852994860.588
20171201,912596491.422
20171202,902307171.348
20171203,889523788.732
20171204,908618209.74
20171205,903354279.816
20171206,934551470.238
20171207,860435290.008
20171208,918661037.632
20171209,869136457.644
20171210,819248814.23
20171211,895941659.628
20171212,1054539904.731
20171213,1158969620.76
20171214,1473719798.757
20171215,1330245176.78
20171216,1329217762.46
20171217,1534321102.728
20171218,1688535346.455
20171219,1760893835.15
20171220,1941222580.413
20171221,1867029833.302
20171222,1562748134.428
20171223,1747727465.628
20171224,1526757342.096
20171225,1628883173.333
20171226,1671469462.7
20171227,1622170593.575
20171228,1483141770.859
20171229,1686091466.592
20171230,1430443748.61
20171231,1499081591.385
20180101,1770047647.788
20180102,1725509082.462
20180103,1729617979.664
20180104,1775515756.79
20180105,1761976148.924
20180106,2287799894.706
20180107,2647450304.876
20180108,2092016857.236
20180109,2027617604.012
20180110,2180713282.576
20180111,1987310087.784
20180112,2113298858.489
20180113,2141549825.058
20180114,2076638908.738
20180115,1930391876.466
20180116,1579938911.402
20180117,1542508748.768
20180118,1510319528.284
20180119,1614006317.688
20180120,1721303309.474
20180121,1517684958.192
20180122,1376865904.896
20180123,1391516742.858
20180124,1411676990.924
20180125,1472400351.786
20180126,1423503012.903
20180127,1439849990.85
20180128,1492495226.64
20180129,1418772700.964
20180130,1402619320.998
20180131,1231370690.949
20180201,1259277196.064
20180202,1281545455.182
20180203,1219642649.784
20180204,1239246686.198
20180205,1123153709.4
20180206,979359362.6
20180207,1197303335.844
20180208,1163524094.984
20180209,1385831582.262
20180210,1541477680.974
20180211,1568855417.496
20180212,1433495417.936
20180213,1523502700.272
20180214,1462539019.548
20180215,1586540882.58
20180216,1596998461.866
20180217,1576590327.744
20180218,1627689143.594
20180219,1504466302.275
20180220,1563349476.104
20180221,1491021132.398
20180222,1332634832.64
20180223,1343235273.072
20180224,1392270120.864
20180225,1307795630.076
20180226,1329233196.564
20180227,1375157493.216
20180228,1389991321.708
20180301,1305583017.025
20180302,1360849711.628
20180303,1325054310.876
20180304,1319176423.043
20180305,1376007151.352
20180306,1353263416.251
20180307,1309148111.866
20180308,1193044224.15
20180309,1091839245.6
20180310,1050385843.392
20180311,997748604.512
20180312,1075302048.908
20180313,1012425121.925
20180314,792620289.216
20180315,865471071.696
20180316,852167758.54
20180317,844995447.858
20180318,786692029.276
20180319,855257059.328
20180320,881135260.389
20180321,914957151.99
20180322,916587788.356
20180323,881970818.99
20180324,904697581.038
20180325,865082936.004
20180326,852946958.784
20180327,803995950.268
20180328,782404796.184
20180329,755341345.122
20180330,668453666.631
20180331,685145772.48
20180401,668613546.821
20180402,659645856.982
20180403,703006836.099
20180404,748364194.116
20180405,664231624.347
20180406,671197814.046
20180407,637830943.275
20180408,662923235.345
20180409,671111911.077
20180410,649214730.2
20180411,658718611.788
20180412,677846577.2007526
20180413,793726002.5687093
20180414,842684532.6922947
20180415,817172890.131496
20180416,854829529.9402678
20180417,833237252.2500683
20180418,824465895.1759391
20180419,919799247.515119
20180420,987234763.4593713
20180421,1045031983.9086174
20180422,1012968704.4123755
20180423,1020969985.5465935
20180424,1120512237.0983045
20180425,1205639198.7909586
20180426,1077289600.927772
20180427,1142942978.2966337
20180428,1071690602.2317228
20180429,1115595926.7154427
20180430,1113373757.9987044
20180501,1082596908.4380517
20180502,1102068622.4882843
20180503,1114385510.7481842
20180504,1174157194.094963
20180505,1132789996.9490461
20180506,1176157606.8217132
20180507,1120734604.13044
20180508,1081898484.992868
20180509,1061103673.403789
20180510,1065659964.5524374
20180511,1019175284.1254264
20180512,928650843.2943776
20180513,964193021.0059812
20180514,1017472356.2870576
20180515,1221976791.470532
20180516,1376769198.1145356
20180517,1439264191.4324636
20180518,1241505357.0676522
20180519,1412291259.5561175
20180520,1356007422.9234197
20180521,1385147926.581288
20180522,1298396870.1182866
20180523,1248126649.557906
20180524,1147014124.7563741
20180525,1178594586.4446406
20180526,1132836781.4039338
20180527,1091886340.517416
20180528,1049747924.6339484
20180529,921514704.0955958
20180530,991680055.8807262
20180531,971478163.1765066
20180601,968468654.1940843
20180602,967790367.453877
20180603,1006556281.7978405
20180604,1021785822.866174
20180605,954229519.291265
20180606,968784462.9999827
20180607,959852813.0372466
20180608,963909821.6122566
20180609,960473610.5061032
20180610,937077904.4582462
20180611,821256797.0516725
20180612,850407601.6009294
20180613,809201728.6841341
20180614,769128794.871582
20180615,821997378.6143961
20180616,798280016.6283735
20180617,793928303.4466611
20180618,783443643.8159114
20180619,824376165.4512117
20180620,824083982.7484599
20180621,809631966.9827123
20180622,800591142.9553602
20180623,711239225.9156911
20180624,716499625.8021165
20180625,704944222.1575257
20180626,746280469.939742
20180627,689912087.208002
20180628,702518001.1344721
20180629,650462257.8112178
20180630,689993783.7866539
20180701,696689364.0139278
20180702,708195174.6354954
20180703,783942000.0935868
20180704,763427955.4584662
20180705,771140621.4200625
20180706,747108923.0275816
20180707,755101504.8747503
20180708,744987502.1561261
20180709,749706893.610079
20180710,724680214.1781876
20180711,697058691.4671168
20180712,688156354.7508847
20180713,669063741.395327
20180714,766429168.2076842
20180715,748903349.1156185
20180716,761063334.8093652
20180717,819981812.4008155
20180718,911257531.0812292
20180719,910650307.4455385
20180720,872132028.512476
20180721,808044847.5172381
20180722,831289294.141846
20180723,844745108.2377356
20180724,847500013.2378266
20180725,982689694.9281986
20180726,981768330.622402
20180727,967005159.1363827
20180728,976553863.5411493
20180729,980111044.8457708
20180730,974828766.9507488
20180731,964343731.9953741
20180801,933718388.1962458
20180802,884698573.8022542
20180803,837526243.2093264
20180804,835378888.7291458
20180805,786655334.2216852
20180806,806901067.4306737
20180807,819792326.9796476
20180808,806292675.2830287
20180809,723813158.1499519
20180810,789645815.6188327
20180811,728731004.3077409
20180812,713509094.42124
20180813,717993951.9400047
20180814,655162726.3369502
20180815,611542059.0057138
20180816,618419386.3224052
20180817,641103161.2904596
20180818,701218797.2440003
20180819,661217139.3254644
20180820,663123436.7893406
20180821,603115742.8241394
20180822,621127125.3222774
20180823,590534231.0879964
20180824,617290401.2526585
20180825,646909368.9474046
20180826,646295747.5503824
20180827,633988617.3889033
20180828,708087133.8466344
20180829,725029718.8327569
20180830,719856471.3373234
20180831,703932100.9612619
20180901,705611992.4551005
20180902,742038023.3709496
20180903,731248187.4748386
20180904,742284877.7765223
20180905,739273144.0467583
20180906,633688544.4810684
20180907,623166872.1861248
20180908,594592506.8603913
20180909,578076005.2763116
20180910,569296022.9043167
20180911,569868872.7504799
20180912,535976257.6143054
20180913,530338997.63565195
20180914,569152589.4627236
20180915,571572457.773742
20180916,579867163.3646883
20180917,571810839.8999407
20180918,520841431.8078788
20180919,541735575.817901
20180920,548361030.1347802
20180921,582620865.326593
20180922,612851661.8773205
20180923,603688147.9610825
20180924,640398940.4086051
20180925,676586441.1332852
20180926,658355423.7311115
20180927,647626343.5602052
20180928,704833170.8811643
20180929,665490254.319786
20180930,654090079.7583623
20181001,648023289.484337
20181002,626329732.5974696
20181003,620328810.6833942
20181004,603747672.9950473
20181005,612512584.1842235
20181006,636168893.7959776
20181007,625573469.1419673
20181008,624710944.058722
20181009,632049291.4243622
20181010,627989390.6272415
20181011,617811022.8732527
20181012,557527595.9691527
20181013,547917690.2646595
20181014,563906771.2014291
20181015,551592679.2881283
20181016,569511977.0953832
20181017,581601171.3582416
20181018,610785658.6088657
20181019,595344123.1574527
20181020,607669903.9379019
20181021,632073805.5145873
20181022,632729344.6699251
20181023,619929338.2553095
20181024,606643398.6072049
20181025,632413900.6411453
20181026,631961101.5463938
20181027,616440195.2914851
20181028,607161496.9256258
20181029,624307811.3959733
20181030,588873377.5846694
20181031,588392374.9606953
20181101,589427792.6025734
20181102,597721121.7737768
20181103,613329155.2070395
20181104,604315753.0734359
20181105,626988263.3788127
20181106,629642952.0549135
20181107,674369701.9175175
20181108,672116692.637459
20181109,716984842.6210622
20181110,696254562.713127
20181111,684109223.9959757
20181112,670895979.4699794
20181113,698932503.6654007
20181114,672404554.4984435
20181115,588147946.5625719
20181116,592064739.9777447
20181117,580782630.9405283
20181118,594349913.8885074
20181119,600029879.6936264
20181120,527904724.33231086
20181121,441460630.0195731
20181122,454712938.43766
20181123,416673361.5789693
20181124,415991748.40634197
20181125,360943922.34331435
20181126,375927704.80417997
20181127,358702913.11796695
20181128,393630412.0160502
20181129,426230967.590053
20181130,473303768.95716536
20181201,431240745.1895325
20181202,429927046.0946714
20181203,423320018.8212222
20181204,381569126.89525944
20181205,401127486.84524834
20181206,357992918.65328294
20181207,313452485.83718514
20181208,315321850.06386757
20181209,306856623.8672962
20181210,323036638.09383035
20181211,301243891.44186395
20181212,290766802.4009055
20181213,297671738.82587034
20181214,279807646.50968665
20181215,267472296.89703935
20181216,272360281.5568476
20181217,279400551.03244114
20181218,304944299.5202425
20181219,317889856.155995
20181220,312394537.23364544
20181221,345074186.9735632
20181222,334604630.2512944
20181223,342580470.93069506
20181224,353225759.4802119
20181225,372643692.04931283
20181226,330574507.57227147
20181227,333208623.68743163
20181228,311977899.381148
20181229,343126109.7046958
20181230,337880176.79836607
20181231,330017562.9300508
20190101,313231646.6833842
20190102,327701909.93024254
20190103,336798101.9358928
20190104,322202743.5403899
20190105,326136274.3404793
20190106,320643912.814548
20190107,340631087.77751243
20190108,339609122.8768676
20190109,336609530.39833945
20190110,336869304.21162176
20190111,307263500.3970287
20190112,315033773.53554165
20190113,315461279.466726
20190114,298075332.44498044
20190115,314577682.3136946
20190116,301163802.7439177
20190117,302107094.5728946
20190118,307189479.2613673
20190119,300010100.9287347
20190120,304745019.2670841
20190121,298281675.7870029
20190122,295230964.24021935
20190123,297553664.3014592
20190124,297098816.49307215
20190125,302763393.57226014
20190126,297696223.20244217
20190127,297446816.0517919
20190128,294873230.0746344
20190129,282619412.7876907
20190130,280288620.7080133
20190131,284593417.27781004
20190201,279202131.73793364
20190202,278430497.34666884
20190203,281408622.72684735
20190204,278455689.9920206
20190205,283132036.68138486
20190206,282279480.1609568
20190207,272218962.11592
20190208,271544201.4207736
20190209,288736784.39386076
20190210,293569915.79948837
20190211,292862769.60293716
20190212,300952616.45815337
20190213,314799196.0058542
20190214,311440262.4651871
20190215,302798123.0751671
20190216,299944829.0271122
20190217,300959716.42964864
20190218,305183308.6199691
20190219,323454659.8470446
20190220,323665178.5648243
20190221,324540100.0465563
20190222,314684213.7917199
20190223,318302736.82594013
20190224,335509121.6533144
20190225,306185329.7906396
20190226,310405801.45406514
20190227,310203384.13261265
20190228,310489060.0872978
20190301,305400687.22639376
20190302,308170571.06282926
20190303,307061659.78124315
20190304,301847988.43575996
20190305,291029189.0489036
20190306,304431421.7516628
20190307,303836001.55676425
20190308,303665700.8731328
20190309,296642873.3888723
20190310,310478293.3677312
20190311,307137482.4437579
20190312,300578164.61441916
20190313,323685093.6680014
20190314,310148736.6769138
20190315,318513023.78231746
20190316,325463820.6358959
20190317,333017595.5220226
20190318,327935791.0953132
20190319,330331912.23827744
20190320,343531105.95078874
20190321,360619639.7113783
20190322,340693994.4061099
20190323,339216839.4764406
20190324,348977329.34474915
20190325,352762801.1683911
20190326,340475346.5867044
20190327,336659643.62078655
20190328,353385624.07397723
20190329,347296040.74980617
20190330,355001677.61379236
20190331,354830320.5679361
20190401,364166696.38589185
20190402,391018401.0932991
20190403,435891949.98689425
20190404,435635081.2809342
20190405,419229228.1039986
20190406,448925120.0741837
20190407,443291710.99625057
20190408,462562544.1871109
20190409,454031093.20742834
20190410,442964906.32260215
20190411,453380028.3694097
20190412,440743330.01081556
20190413,451438111.63317007
20190414,438271517.7665211
20190415,440764070.6005446
20190416,427440019.713426
20190417,439892179.66901416
20190418,447072569.6889899
20190419,447994139.8465551
20190420,442386411.54844534
20190421,442856363.9031966
20190422,436660924.547635
20190423,441895115.36839855
20190424,432019296.8628491
20190425,414608930.1338402
20190426,392812898.15138686
20190427,394362457.946322
20190428,392192871.6700279
20190429,385552216.54872406
20190430,370117979.1381057
20190501,387479156.9207125
20190502,390101602.75328606
20190503,384019859.0250016
20190504,402479746.95534927
20190505,391408732.602211
20190506,383173497.6704024
20190507,388053290.76357496
20190508,375675074.49493337
20190509,375916282.40050995
20190510,367695575.35601795
20190511,372377298.3678202
20190512,422381638.1325572
20190513,393195888.77094537
20190514,414887261.077485
20190515,445563636.74053586
20190516,504464676.6539414
20190517,490751847.1151855
20190518,480509200.656877
20190519,474487518.8581614
20190520,511252622.68859786
20190521,503881101.62036335
20190522,493502427.62552035
20190523,463481415.69273096
20190524,475170606.02051544
20190525,477888275.28936404
20190526,476713212.54717773
20190527,501108298.79507583
20190528,509949902.00846714
20190529,570025579.9881634
20190530,568436610.3403767
20190531,554965046.1048778
20190601,601329246.0695573
20190602,574796713.0435628
20190603,591815376.4957052
20190604,560225436.050061
20190605,517496807.2886745
20190606,538792905.3017318
20190607,536550475.13151604
20190608,562014836.9365778
20190609,542236041.8496971
20190610,520107819.1290914
20190611,539442630.786149
20190612,538914103.2620918
20190613,603440380.3899628
20190614,592241167.0008765
20190615,613598034.914827
20190616,624046012.4154388
20190617,636164945.2713137
20190618,701701271.6923126
20190619,764789119.9686966
20190620,753929712.3164375
20190621,744866580.1026951
20190622,747286472.4669775
20190623,770226715.0833927
20190624,747485426.202088
20190625,745740332.6195227
20190626,720213085.1176817
20190627,784817810.7891723
20190628,717371712.3778775
20190629,768528416.6393071
20190630,783123746.3107282
20190701,712233610.1875193
20190702,715521688.0924596
20190703,697932719.9124942
20190704,730401942.3005488
20190705,696737016.442193
20190706,693298400.5861561
20190707,720207871.580098
20190708,737481219.5113546
20190709,726903809.9764814
20190710,697646433.3201225
20190711,677977899.9697824
20190712,610535914.8096516
20190713,648336837.6602465
20190714,624836543.5408667
20190715,569822205.409151
20190716,564423444.8243959
20190717,472063784.0898569
20190718,517115131.1184117
20190719,557641166.8962073
20190720,528760127.9607974
20190721,543641475.2382607
20190722,530092218.3137202
20190723,513493510.4933616
20190724,498851465.15496796
20190725,499934191.89339083
20190726,494590342.8380316
20190727,504433908.2094893
20190728,486665050.7286237
20190729,486666113.7421352
20190730,476452939.1178403
20190731,472023158.4279569
20190801,481549311.2383291
20190802,478755930.3055374
20190803,473163138.28985584
20190804,462434469.0629284
20190805,469654864.5854072
20190806,476739920.05020404
20190807,445577912.75412244
20190808,443928618.9292917
20190809,446204682.8160577
20190810,419478302.7097951
20190811,404467431.2625704
20190812,430598902.8564019
20190813,407288251.3642632
20190814,398038332.8206721
20190815,362280662.37440497
20190816,363364454.55711377
20190817,353600825.51948255
20190818,361102017.91998166
20190819,380506331.53953266
20190820,391721776.69252986
20190821,376156001.7765803
20190822,361102840.89704245
20190823,368830862.5652543
20190824,369779859.0043222
20190825,363954933.1824662
20190826,363850696.4237393
20190827,374800056.8593143
20190828,368155513.92150134
20190829,340674847.58674675
20190830,328110527.19268715
20190831,326479155.24625105
20190901,326813251.1909381
20190902,330486092.44515467
20190903,341741360.4746492
20190904,335039878.4835162
20190905,328654119.5645978
20190906,330174551.2042007
20190907,338443177.0431988
20190908,345921952.1444103
20190909,355388637.8399865
20190910,348331590.4024177
20190911,332851646.4029689
20190912,328619648.2283876
20190913,330134274.712621
20190914,330784942.286688
20190915,343200789.40884197
20190916,345425384.1816078
20190917,359934958.26794803
20190918,379413443.0422222
20190919,391889886.7979094
20190920,381180933.79897887
20190921,363663331.3079963
20190922,356442047.8442631
20190923,345866964.782154
20190924,329421852.03674763
20190925,278231762.97184336
20190926,284155133.36835283
20190927,262892368.1478132
20190928,281038321.6840945
20190929,303891043.1859453
20190930,284285120.86146927
20191001,290862375.5103423
20191002,286344431.111138
20191003,286548038.1804779
20191004,283021407.02826273
20191005,280522685.9521643
20191006,278956180.3420698
20191007,269530008.6038729
20191008,283422696.8698455
20191009,277040541.98455995
20191010,288487313.34797865
20191011,285265520.7374084
20191012,274390146.4167667
20191013,278525959.78289706
20191014,282426445.0132182
20191015,282705543.57563525
20191016,281825340.7832216
20191017,273889105.09669036
20191018,276793900.0352752
20191019,274493233.5331542
20191020,274725147.2862176
20191021,278553913.71207446
20191022,283090126.99742603
20191023,275965872.0167979
20191024,252268990.73537254
20191025,255477485.70152748
20191026,284725968.3761919
20191027,277300615.0537646
20191028,287256001.95242596
20191029,292472528.01643693
20191030,303062623.54225916
20191031,297632100.6895253
20191101,292707538.1934842
20191102,293022373.5725424
20191103,292457755.73567456
20191104,289250698.4737791
20191105,293906085.5546594
20191106,300255071.50260043
20191107,303450744.9382266
20191108,301653214.49970675
20191109,284975719.21196556
20191110,287293228.15411335
20191111,293729851.7536577
20191112,287226791.5014523
20191113,288560875.8654039
20191114,288897824.7919658
20191115,286180244.2638151
20191116,284204922.06924635
20191117,282928790.98426175
20191118,281804330.6546243
20191119,273800059.8888865
20191120,267838028.11140516
20191121,266819924.13864368
20191122,247298227.7611536
20191123,230408107.91609743
20191124,234832159.31102067
20191125,219546680.58975184
20191126,216153401.37884483
20191127,224344864.3564026
20191128,226310689.37071213
20191129,228499588.23330528
20191130,233461273.59526947
20191201,231157114.26007733
20191202,222666345.6067643
20191203,221301867.7169442
20191204,218413962.83006874
20191205,213919297.4177522
20191206,241165726.30883434
20191207,233361523.9635827
20191208,236427805.21472064
20191209,235116436.91062245
20191210,248853029.19458756
20191211,241817273.5825916
20191212,252214370.37361822
20191213,256368371.99393928
20191214,269801782.31829274
20191215,259928783.7483761
20191216,267195760.27778858
20191217,239993258.52216664
20191218,222841368.18715012
20191219,238501107.84835958
20191220,232905639.9918169
20191221,231940047.35233858
20191222,232305864.55947942
20191223,238741331.99784264
20191224,232764585.7948238
20191225,230871089.18959013
20191226,225845467.6559146
20191227,228077189.36476383
20191228,228498597.38602448
20191229,233582488.98145893
20191230,242690260.13099384
20191231,236196268.69506958
20200101,229475790.9701275
20200102,233698102.4853341
20200103,225967724.6269895
20200104,238473509.2178974
20200105,251397000.25044578
20200106,257721025.13739994
20200107,276288764.1524683
20200108,273959711.93515915
20200109,260304639.13104585
20200110,261210860.50867635
20200111,283288108.5585977
20200112,295315289.9811334
20200113,301683290.28556466
20200114,324782007.1150062
20200115,372443251.54426056
20200116,466723241.29265034
20200117,433202196.41100425
20200118,529634325.7385251
20200119,447713814.1932188
20200120,439737119.25224984
20200121,465607166.8984708
20200122,459388011.7408588
20200123,449649772.4426406
20200124,425671696.30262023
20200125,424077542.84628004
20200126,426675755.85139924
20200127,464539442.0822222
20200128,480881768.31369746
20200129,497929255.4473229
20200130,545232685.8363938
20200131,584416701.7459248
20200201,582452746.3627448
20200202,578364612.3354486
20200203,582295621.7176739
20200204,576212444.0868388
20200205,568171988.6530198
20200206,625025056.2670298
20200207,620817796.3885126
20200208,609988355.6312426
20200209,620613608.6750976
20200210,627950134.6199805
20200211,622384241.0336852
20200212,648984020.5736662
20200213,654375043.4799551
20200214,647117963.1059968
20200215,651155079.6573478
20200216,580513172.9118949
20200217,542746343.2444196
20200218,580396310.505503
20200219,593728124.8914385
20200220,565818559.8527415
20200221,549805123.344088
20200222,558779992.1734347
20200223,551966319.9607372
20200224,575149640.007721
20200225,552181873.4827276
20200226,523938829.8276829
20200227,471263576.6069301
20200228,482855144.59289664
20200229,470375952.1189302
20200301,456095721.7912166
20200302,453857851.26215017
20200303,481755516.1269107
20200304,470105353.8718729
20200305,462608750.51005393
20200306,480371747.01093113
20200307,491757257.68860734
20200308,470603284.0829722
20200309,396735944.4605472
20200310,387726802.7648244
20200311,388949224.5861105
20200312,374712602.5491451
20200313,234470265.00666547
20200314,254462887.77163556
20200315,234463195.63065466
20200316,244551035.02291912
20200317,230505107.3205706
20200318,240025667.63643625
20200319,270209195.02953005
20200320,301856207.86562043
20200321,311202722.66229486
20200322,312288629.81012803
20200323,280127204.5070307
20200324,306199892.7551799
20200325,314095108.1663125
20200326,307096952.3367169
20200327,311117094.2474877
20200328,296192861.67713493
20200329,291069619.54095215
20200330,273607791.4695669
20200331,295259438.8595657
20200401,298642069.19814306
20200402,305061880.2671273
20200403,311638358.16025424
20200404,315636113.48398036
20200405,320109735.4779548
20200406,316141149.7384361
20200407,363289927.17549413
20200408,355236183.3971405
20200409,368060174.3452039
20200410,400262249.3999117
20200411,352449667.1104556
20200412,354406032.67426187
20200413,361297366.7771621
20200414,352860747.9577979
20200415,318442946.8476429
20200416,313778003.66457766
20200417,347829394.08001393
20200418,368047383.92508
20200419,377267250.2567839
20200420,417120997.0086551
20200421,382283513.6086394
20200422,379361746.045352
20200423,408782146.55413914
20200424,396064181.5900058
20200425,397300407.738763
20200426,404191534.4876009
20200427,402834603.6930766
20200428,402126687.05686045
20200429,403218070.1397135
20200430,421512042.8714617
20200501,409072720.39606595
20200502,413961154.39261717
20200503,422024588.4214424
20200504,407396993.3719951
20200505,398689556.1196927
20200506,398678248.23265386
20200507,394150066.41623944
20200508,405828329.8623469
20200509,428351885.7008695
20200510,410828918.61360997
20200511,374028566.70725685
20200512,362882938.3482643
20200513,384316982.83628136
20200514,393245026.23778063
20200515,395140553.0785725
20200516,382850948.65377545
20200517,389473302.89598614
20200518,424479179.10332954
20200519,440527069.57503635
20200520,446520149.4476669
20200521,446231163.1940121
20200522,423598135.5624916
20200523,433137906.2200048
20200524,432746223.14150727
20200525,415518668.86761105
20200526,423741478.5149843
20200527,414189717.1926638
20200528,424968472.83166295
20200529,440110592.4224251
20200530,432223184.62385035
20200531,509350991.3186615
20200601,478620437.16571796
20200602,510128549.0921739
20200603,478566929.1100512
20200604,490948952.0832934
20200605,497185683.5428636
20200606,489269926.892729
20200607,492614299.0037543
20200608,486998468.8218761
20200609,489788391.11471486
20200610,485586744.1999671
20200611,515103207.4437073
20200612,461832555.7950241
20200613,483615194.0529821
20200614,495177468.4087855
20200615,479984930.3363443
20200616,492088720.66772693
20200617,496260153.7819385
20200618,498266776.15624034
20200619,490230981.73583496
20200620,483250230.15398544
20200621,483647164.3787441
20200622,476024451.56905437
20200623,505032376.33566177
20200624,548040324.634728
20200625,523514932.93952125
20200626,528917938.4343655
20200627,527322160.58438885
20200628,496810094.69849324
20200629,490576878.9085728
20200630,498537279.91777754
20200701,490967206.42806995
20200702,491890265.4225321
20200703,487278788.8504833
20200704,486485781.39804554
20200705,488792655.10975856
20200706,487535388.41879743
20200707,528447650.34372026
20200708,523556039.33466583
20200709,552758233.4701865
20200710,542005681.1716723
20200711,534852221.9831409
20200712,533530917.4194271
20200713,560400543.7548676
20200714,586491354.7332857
20200715,593815571.5101432
20200716,588922549.7879182
20200717,567924397.4697192
20200718,571765440.9962456
20200719,568063275.5466624
20200720,563027721.2624848
20200721,549145791.537447
20200722,600139394.9030349
20200723,618741414.1075532
20200724,612851279.1837758
20200725,608281790.7891997
20200726,634521570.039698
20200727,638361336.7941351
20200728,687241156.8868804
20200729,684763260.5830499
20200730,700282153.1307923
20200731,688944266.7239331
20200801,726753763.253467
20200802,903240095.6354985
20200803,815649735.695068
20200804,801848169.9627757
20200805,823560424.1376733
20200806,947398621.0743223
20200807,942430496.7704613
20200808,919792211.1029469
20200809,938809687.0206625
20200810,898645136.0751516
20200811,862903024.1624076
20200812,796090768.4523962
20200813,819502208.2276558
20200814,853394722.844231
20200815,834551720.7784959
20200816,837540597.2885464
20200817,828729669.6670234
20200818,850623921.521375
20200819,820747819.0379059
20200820,750111153.8584468
20200821,776066314.9322821
20200822,725279674.7420483
20200823,760172115.1034893
20200824,812566152.8059697
20200825,793253668.5038282
20200826,727064061.0578061
20200827,741211567.2946587
20200828,713049520.7649648
20200829,752883720.8707644
20200830,781740760.1303521
20200831,806378558.8596343
20200901,781020905.032792
20200902,842423506.0809567
20200903,756364832.4853812
20200904,560877067.5403516
20200905,597191163.0807449
20200906,553102939.778185
20200907,589022329.8953236
20200908,616833736.1910684
20200909,584260369.3880234
20200910,600554102.2316784
20200911,624012835.3239907
20200912,634167984.6085585
20200913,658183156.999012
20200914,623859351.5100993
20200915,633482060.2141935
20200916,595750765.5787067
20200917,586510674.138905
20200918,597976379.84926
20200919,578334901.2737714
20200920,582550439.4156915
20200921,584148724.6245278
20200922,526679554.1253462
20200923,535166924.7383006
20200924,522875220.5073961
20200925,556206900.1423328
20200926,554292077.7237971
20200927,569780871.9505575
20200928,561015986.9530824
20200929,566636745.0906851
20200930,622371574.4776487
20201001,646901492.5303639
20201002,656127609.1156622
20201003,649538789.8599526
20201004,617428114.6878246
20201005,643863417.7910415
20201006,669975127.0942919
20201007,627762343.5706178
20201008,626675272.916942
20201009,628693318.7167102
20201010,649865957.4514513
20201011,679792097.8314384
20201012,740783459.7353721
20201013,751721186.7187592
20201014,717793515.975889
20201015,705282548.1318707
20201016,699389440.4349574
20201017,643512873.1807383
20201018,643417266.3859717
20201019,661911085.683642
20201020,657233284.6127242
20201021,598137039.1129601
20201022,644205910.0236887
20201023,670746191.5025269
20201024,649769364.0911933
20201025,660708589.6633112
20201026,647321570.3333429
20201027,622109755.6588877
20201028,629844964.0426567
20201029,587984988.5457139
20201030,589434326.1711366
20201031,609070752.9457544
20201101,603064676.3054081
20201102,599817278.9966486
20201103,570606354.7317815
20201104,552134018.9870502
20201105,561190353.3724276
20201106,591162782.1306715
20201107,636863509.6795725
20201108,599455206.7939045
20201109,631579308.0628325
20201110,609311471.7299454
20201111,616274727.9833715
20201112,614409581.6001122
20201113,656169834.3170974
20201114,687181702.0678828
20201115,673164400.6872761
20201116,640635223.6383923
20201117,682532533.5716888
20201118,699920460.0945269
20201119,662057339.7940316
20201120,653860489.43181
20201121,661205348.9876231
20201122,760173647.7350231
20201123,728579248.4177597
20201124,832389408.3159399
20201125,914996119.2013059
20201126,817129562.5119451
20201127,739261407.9364926
20201128,731095805.5240172
20201129,802670938.2772949
20201130,789369036.5335529
20201201,840991445.6640515
20201202,799535800.6823033
20201203,812256274.5464053
20201204,802903271.0080723
20201205,736635309.275696
20201206,762757762.5969261
20201207,788131547.4813825
20201208,797002376.487033
20201209,742735350.1960644
20201210,736521072.1156536
20201211,702477722.3332533
20201212,682652822.7371223
20201213,704377028.7676855
20201214,725919113.2346584
20201215,725900973.0532408
20201216,725345786.8721203
20201217,775102943.1495295
20201218,795556910.9678589
20201219,791349726.3680985
20201220,790076562.370049
20201221,790893914.416987
20201222,734279146.6430384
20201223,728150072.6621724
20201224,609739475.5244229
20201225,665229006.6722453
20201226,692869369.6498576
20201227,712300177.0551947
20201228,729212064.1419764
20201229,747935020.754424
20201230,707452450.2746167
20201231,691066842.1034939
20210101,691211423.7189361
20210102,616006884.914837
20210103,623525186.9207377
20210104,649615846.6246716
20210105,641711870.3435407
20210106,647649710.367102
20210107,695226288.137673
20210108,735190347.6375321
20210109,745321280.26851
20210110,867680458.1110541
20210111,1039329468.0011648
20210112,955181317.6257292
20210113,1073796649.6252177
20210114,1261214158.4845827
20210115,1191324686.005922
20210116,1107366486.210168
20210117,1169491863.1601853
20210118,1085128720.9384327
20210119,1112750806.5579085
20210120,1113365794.5812232
20210121,1058351964.4796785
20210122,889626330.3148468
20210123,924179618.9283587
20210124,923020739.4110761
20210125,962009714.5478994
20210126,954345154.413018
20210127,952117959.9990914
20210128,843910324.4757462
20210129,926332182.0579008
20210130,921209847.2590281
20210131,903939620.5727068
20210201,926220391.8172574
20210202,944863351.4031838
20210203,998785808.4588184
20210204,1025080223.1694678
20210205,976121358.9073188
20210206,1030880160.0773765
20210207,1013087837.6216135
20210208,995483656.177504
20210209,1048781978.1833733
20210210,1168757691.524565
20210211,1257659111.6082056
20210212,1527674324.8260875
20210213,1542933523.2113152
20210214,1909612960.165465
20210215,1695816597.6379814
20210216,1708572205.8070514
20210217,1668568751.6778307
20210218,1827547526.1723616
20210219,1830617033.8837953
20210220,1962946664.476147
20210221,1767120226.186594
20210222,1754324158.090635
20210223,1571166753.0456123
20210224,1359701135.256377
20210225,1433433986.8980315
20210226,1355480480.9588006
20210227,1285697078.3547108
20210228,1309165213.7591236
20210301,1214881967.7829702
20210302,1339704887.206263
20210303,1313777342.5240948
20210304,1397590172.1783795
20210305,1331659155.192885
20210306,1319945081.948672
20210307,1364428310.723038
20210308,1415842826.8682764
20210309,1404564592.838475
20210310,1496063592.915734
20210311,1512903802.2481396
20210312,1650128395.8507593
20210313,1585822843.0263712
20210314,1709976078.5983033
20210315,1595036494.4191885
20210316,1496865914.7129333
20210317,1511850760.3173406
20210318,1590247888.0962524
20210319,1577721125.0660856
20210320,1632023457.0424132
20210321,1699203588.3803296
20210322,1621769229.7556357
20210323,1545781603.0697083
20210324,1496110659.58913
20210325,1396996020.1339734
20210326,1344494983.2283514
20210327,1450697910.4905677
20210328,1459261213.8596842
20210329,1571740838.4025526
20210330,1632664419.9698608
20210331,1686378799.354496
20210401,1719054317.2202103
20210402,1817329880.9714627
20210403,1866543023.655591
20210404,1893737697.1969628
20210405,2038404799.456524
20210406,2160975158.2109237
20210407,2092634356.0005987
20210408,1897265166.775301
20210409,2034607154.3086975
20210410,2144544958.6444674
20210411,2244026651.777528
20210412,2421812930.7758965
20210413,2452203696.3212447
20210414,2483410765.5085382
20210415,2616808735.777145
20210416,2776788491.8772554
20210417,2970487722.4599776
20210418,3116592779.122994
20210419,2877624863.9070644
20210420,2504847435.9878144
20210421,2717240112.403164
20210422,2649734308.5100126
20210423,2490910025.172522
20210424,2422791390.6000786
20210425,2218961744.1969438
20210426,2228073304.0496187
20210427,2499915584.1246257
20210428,2657171293.2683372
20210429,2658108165.8872814
20210430,2542604075.241839
20210501,2712203153.523703
20210502,2849310346.7486587
20210503,2692400566.729831
20210504,2776569212.829294
20210505,2729118530.6885576
20210506,3231290557.964804
20210507,3418221117.3063884
20210508,3529497594.3598113
20210509,3502250202.807164
20210510,3377460672.4386044
20210511,3179602619.258355
20210512,3341734619.5842476
20210513,3431632383.928421
20210514,3280444138.9323325
20210515,3386395278.2902493
20210516,3000898224.715131
20210517,2938142370.587813
20210518,2661111659.479626
20210519,2820302153.344507
20210520,1716446472.297816
20210521,2015215271.9146068
20210522,1708848263.5595272
20210523,1597557000.1096215
20210524,1271477428.579623
20210525,1628005596.8742075
20210526,1613823710.2563372
20210527,1756088342.5207112
20210528,1666849987.3079255
20210529,1814466199.3481746
20210530,1682539431.1747568
20210531,1676042686.3440993
20210601,1810655461.1617558
20210602,1720040076.3942862
20210603,1838032984.6836557
20210604,1936463369.2003353
20210605,1740331544.163026
20210606,1688564565.771952
20210607,1663062586.8940198
20210608,1544229438.2461226
20210609,1472911741.7709248
20210610,1632486856.2770517
20210611,1508561275.5947807
20210612,1383478558.5527737
20210613,1422949132.5811756
20210614,1485361698.4118993
20210615,1553477858.2094467
20210616,1534592216.359299
20210617,1520121301.3290436
20210618,1581483952.2424903
20210619,1491848775.2196705
20210620,1441429470.4171107
20210621,1481895656.329486
20210622,1160983571.81135
20210623,1189378795.5147386
20210624,1254024983.2275596
20210625,1262533277.40795
20210626,1159739291.9374
20210627,1151237735.1755595
20210628,1204945046.7009745
20210629,1273768020.9719007
20210630,1410096348.701722
20210701,1457983086.8104682
20210702,1365499040.5724297
20210703,1320830410.9253495
20210704,1304694838.5802555
20210705,1359538313.6099524
20210706,1274659507.573345
20210707,1311665517.6082392
20210708,1334080794.2071402
20210709,1230426687.997994
20210710,1259712020.867639
20210711,1220279533.495152
20210712,1254418014.225251
20210713,1220257425.3246202
20210714,1172849167.190344
20210715,1176203878.1833827
20210716,1133558283.3672614
20210717,1046905990.9385211
20210718,1056216624.1650628
20210719,1067851100.1096588
20210720,1030961406.0712533
20210721,973015427.0651983
20210722,1069449035.181275
20210723,1104641660.2298207
20210724,1108431717.5793664
20210725,1121529691.1473637
20210726,1132834634.9766102
20210727,1148610852.852733
20210728,1159663743.7301023
20210729,1187004503.1897597
20210730,1238933842.6806135
20210731,1257613754.066673
20210801,1274689800.5561037
20210802,1309127422.9330137
20210803,1310632956.86624
20210804,1300778426.72313
20210805,1348369262.3819518
20210806,1353027083.5958147
20210807,1444706659.1026502
20210808,1536873304.8487585
20210809,1417658464.3750467
20210810,1461832925.089724
20210811,1512808146.9118474
20210812,1569476699.2708058
20210813,1529272954.840602
20210814,1648714280.2939317
20210815,1661077377.368755
20210816,1769189089.9295666
20210817,1771964448.70263
20210818,1638120934.4253561
20210819,1635646799.532858
20210820,1666243838.383088
20210821,1759912727.6640096
20210822,1784156889.8921568
20210823,1838220416.4864564
20210824,1890878754.8659453
20210825,1803889282.6122966
20210826,1876622253.6461842
20210827,1692234408.7034085
20210828,1747745512.414276
20210829,1733948829.9095895
20210830,1715535749.9900017
20210831,1629488893.5237348
20210901,1664199389.0163221
20210902,1744462654.663039
20210903,1738351475.94866
20210904,1805018190.4463027
20210905,1858604846.8484664
20210906,2000841169.571339
20210907,1985075463.4049275
20210908,1582731484.6323938
20210909,1573065994.5237806
20210910,1595489012.889776
20210911,1476838590.3644142
20210912,1482429516.3237028
20210913,1528864145.066276
20210914,1484742244.5401711
20210915,1546778691.2178535
20210916,1615362024.0057626
20210917,1603033269.8818202
20210918,1561559776.659101
20210919,1606530238.0844755
20210920,1555564127.4699564
20210921,1368987870.7772632
20210922,1271113550.291502
20210923,1404243353.762165
20210924,1420627230.6012728
20210925,1308552421.1816647
20210926,1293329526.0124085
20210927,1307492790.714228
20210928,1220729572.2205677
20210929,1176981469.433415
20210930,1204129433.9230413
20211001,1243969025.9577644
20211002,1333548825.838145
20211003,1334613722.7416062
20211004,1386723268.5820525
20211005,1367991186.1323762
20211006,1440209244.2505488
20211007,1470201874.1878135
20211008,1457502673.0843174
20211009,1434800463.5655105
20211010,1487631760.1065412
20211011,1406054330.3164113
20211012,1389535061.8187215
20211013,1354016559.9556167
20211014,1391272754.527489
20211015,1417477239.8513143
20211016,1479657148.6688871
20211017,1489156185.1566374
20211018,1612818881.3461242
20211019,1643595928.2048495
20211020,1680282423.2389278
20211021,1754223561.1149628
20211022,1830358336.1183846
20211023,1941904570.6703632
20211024,2033979016.586607
20211025,2039552806.4664798
20211026,2002600524.7518167
20211027,1878598404.396262
20211028,1743497566.1977465
20211029,1866702367.8942027
20211030,1913648650.794804
20211031,1801057519.5549366
20211101,1969723038.9213762
20211102,1984921936.6073484
20211103,2016650563.685431
20211104,1981492719.445287
20211105,1921585580.688882
20211106,1920711618.7671611
20211107,1881848347.3421617
20211108,1936153555.5950098
20211109,2022954719.933867
20211110,2332846347.9401927
20211111,2106255751.5717006
20211112,2427992974.9814987
20211113,2370366849.734654
20211114,2364956212.9354615
20211115,2367199257.775915
20211116,2315432666.9423757
20211117,1975219256.8382754
20211118,1882653664.7600129
20211119,1748384513.2631543
20211120,1888432321.5876343
20211121,2134888050.1102962
20211122,2693690848.3503942
20211123,2441131208.7465453
20211124,2553514453.5490437
20211125,3097828470.877949
20211126,3510432710.410793
20211127,2945600938.150096
20211128,2877168617.7638474
20211129,2834229697.2471857
20211130,2930924308.7907786
20211201,2622561337.6288548
20211202,2723008646.1985965
20211203,2694014627.765657
20211204,2454463481.8168097
20211205,2240547389.751201
20211206,2166928142.7285857
20211207,2144844743.5913002
20211208,2078919704.7060122
20211209,2121430754.646811
20211210,1962906510.2414513
20211211,1954300255.0617445
20211212,1997801604.7782269
20211213,2016523269.4813004
20211214,1763693023.7213693
20211215,1803333310.0113459
20211216,1888086444.5239882
20211217,1806700555.493481
20211218,1787174237.2081738
20211219,1878146628.674733
20211220,1886360691.3030548
20211221,1864302228.2524228
20211222,1938873264.3585286
20211223,1973552564.2050662
20211224,1996195018.0553322
20211225,1972405319.3571544
20211226,2024622632.8952394
20211227,2004881482.5955493
20211228,2036064810.005929
20211229,1803078668.0756042
20211230,1737303008.2013648
20211231,1825938226.6301823
20220101,1752029929.8295755
20220102,1804251553.8062513
20220103,1847764668.6693287
20220104,1803192484.573085
20220105,1779931318.9188337
20220106,1653403242.214843
20220107,1663194616.728018
20220108,1675439342.6299372
20220109,1725245870.7830238
20220110,1707605128.6665335
20220111,1697310890.2543643
20220112,1705820017.9751198
20220113,1735550599.5838454
20220114,1731377532.7883465
20220115,1713377213.9477308
20220116,1735832913.0813584
20220117,1700305027.04539
20220118,1675948602.8255367
20220119,1586951908.1063368
20220120,1524638224.074631
20220121,1449107569.861767
20220122,1241558858.5331368
20220123,1134708914.7820678
20220124,1169666217.3693452
20220125,1142687004.0861266
20220126,1096997526.8491023
20220127,1087198866.2978559
20220128,1063229860.3697362
20220129,1105341360.3809261
20220130,1157008481.372693
20220131,1129616772.2145047
20220201,1144405412.4411542
20220202,1194784620.668386
20220203,1191725386.9986484
20220204,1203958430.28968
20220205,1296772274.7267199
20220206,1412114565.4685051
20220207,1507804865.5237257
20220208,1565521895.7953851
20220209,1620900270.368002
20220210,1531435213.0229785
20220211,1541151166.118849
20220212,1410918279.011539
20220213,1418958041.1426592
20220214,1424632978.576945
20220215,1464268774.5649054
20220216,1537634018.3420625
20220217,1532180469.1087112
20220218,1374844807.4917624
20220219,1333033614.2850122
20220220,1364009256.7565405
20220221,1319619204.186102
20220222,1227358992.647426
20220223,1249763412.0825217
20220224,1194244339.418418
20220225,1243666664.2083015
20220226,1308756631.808151
20220227,1308757263.078317
20220228,1251103289.2177753
20220301,1446699295.0466976
20220302,1448703390.591485
20220303,1537368548.2588148
20220304,1576034058.5948462
20220305,1425429292.6918457
20220306,1418586807.5249987
20220307,1318698175.8130512
20220308,1347489127.2010133
20220309,1669695875.8785574
20220310,1711493882.993798
20220311,1937442335.602749
20220312,1891327971.6785028
20220313,1857632735.923274
20220314,1895965529.343142
20220315,1806798079.026843
20220316,1678244983.323767
20220317,1846530547.784884
20220318,1863473334.6992369
20220319,2084108143.4343739
20220320,2200456732.683077
20220321,2113245508.0933166
20220322,2225866377.7762656
20220323,2143752161.3104827
20220324,2232756553.780277
20220325,2370543273.8813133
20220326,2395142377.8524475
20220327,2527735180.717862
20220328,2563726456.5031343
20220329,2382982481.1536794
20220330,2398443746.4868774
20220331,2347440426.357952
20220401,2188555391.865489
20220402,2282201025.0078125
20220403,2184672138.105443
20220404,2208752221.91988
20220405,2142343160.0968294
20220406,2039620701.0403147
20220407,1988971499.5948863
20220408,2124382990.2655265
20220409,2041727438.0771835
20220410,2087989302.6803584
20220411,2005926784.0727525
20220412,1758873582.2763605
20220413,1816141229.2161992
20220414,1864233376.343355
20220415,1783649467.7012088
20220416,1811276658.942097
20220417,1783703174.992188
20220418,1706179603.552453
20220419,1929297207.9972281
20220420,1960128556.8617651
20220421,1934798224.459522
20220422,1991109263.2796688
20220423,1944816825.0705128
20220424,1906507961.2447462
20220425,2005102920.3845472
20220426,2045930119.0342066
20220427,1806142559.093027
20220428,1843243186.6655266
20220429,1816264182.6468945
20220430,1594645966.8022518
20220501,1421491159.3716981
20220502,1540606387.8478804
20220503,1541817789.7882257
20220504,1483620786.87123
20220505,1666846201.4968152
20220506,1558527242.5210192
20220506,1535147261.1112716